BEGIN TRANSACTION;
CREATE TABLE IF NOT EXISTS "booth" (
	"booth_number"	int(11) NOT NULL,
	"booth_price_level"	varchar(45) NOT NULL,
	"booth_description"	varchar(255) NOT NULL,
	"booth_type"	varchar(45) NOT NULL,
	PRIMARY KEY("booth_number"),
	UNIQUE("booth_number")
);
CREATE TABLE IF NOT EXISTS "customer" (
	"customer_id"	int(11) NOT NULL,
	"customer_first_name"	nvarchar(45) DEFAULT NULL,
	"customer_last_name"	nvarchar(45) DEFAULT NULL,
	"customer_postal_code"	char(3) DEFAULT NULL,
	PRIMARY KEY("customer_id"),
	CONSTRAINT "fk_postal_code" FOREIGN KEY("customer_postal_code") REFERENCES "postal_data"("postal_code_3")
);
CREATE TABLE IF NOT EXISTS "customer_purchases" (
	"product_id"	int(11) NOT NULL,
	"vendor_id"	int(11) NOT NULL,
	"market_date"	date NOT NULL,
	"customer_id"	int(11) NOT NULL,
	"quantity"	decimal(16, 2) DEFAULT NULL,
	"cost_to_customer_per_qty"	decimal(16, 2) DEFAULT NULL,
	"transaction_time"	time NOT NULL,
	PRIMARY KEY("product_id","vendor_id","market_date","customer_id","transaction_time"),
	CONSTRAINT "fk_customer_purchases_customer1" FOREIGN KEY("customer_id") REFERENCES "customer"("customer_id"),
	CONSTRAINT "fk_customer_purchases_vendor_inventory1" FOREIGN KEY("product_id","vendor_id","market_date") REFERENCES "vendor_inventory"("product_id","vendor_id","market_date")
);
CREATE TABLE IF NOT EXISTS "market_date_info" (
	"market_date"	date NOT NULL,
	"market_day"	varchar(45) DEFAULT NULL,
	"market_week"	varchar(45) DEFAULT NULL,
	"market_year"	varchar(45) DEFAULT NULL,
	"market_start_time"	varchar(45) DEFAULT NULL,
	"market_end_time"	varchar(45) DEFAULT NULL,
	"special_notes"	blob,
	"market_season"	varchar(45) DEFAULT NULL,
	"market_min_temp"	varchar(200) DEFAULT NULL,
	"market_max_temp"	varchar(45) DEFAULT NULL,
	"market_rain_flag"	int(11) DEFAULT NULL,
	"market_snow_flag"	int(11) DEFAULT NULL,
	UNIQUE("market_date"),
	PRIMARY KEY("market_date")
);
CREATE TABLE IF NOT EXISTS "postal_data" (
	"postal_code_3"	char(3) NOT NULL,
	"city"	nvarchar(45) DEFAULT NULL,
	"district"	nvarchar(45) DEFAULT NULL,
	"population"	int DEFAULT NULL,
	"median_household_income"	int DEFAULT NULL,
	"percent_under_14"	float DEFAULT NULL,
	"percent_over_65"	float DEFAULT NULL,
	"labour_force"	int DEFAULT NULL,
	"11_agriculture_forestry_fishing_hunting"	int DEFAULT NULL,
	"21_mining_quarrying_oil_gas_extraction"	int DEFAULT NULL,
	"22_utilities"	int DEFAULT NULL,
	"23_construction"	int DEFAULT NULL,
	"31_33_manufacturing"	int DEFAULT NULL,
	"41_wholesale_trade"	int DEFAULT NULL,
	"44_45_retail_trade"	int DEFAULT NULL,
	"48_49_transportation_warehousing"	int DEFAULT NULL,
	"51_information_cultural_industries"	int DEFAULT NULL,
	"52_finance_insurance"	int DEFAULT NULL,
	"53_real_estate_rental_leasing"	int DEFAULT NULL,
	"54_professional_scientific_technical_services"	int DEFAULT NULL,
	"55_management_of_companies_enterprises"	int DEFAULT NULL,
	"56_administrative_support_waste_management_remediation_services"	int DEFAULT NULL,
	"61_educational_services"	int DEFAULT NULL,
	"62_health_care_social_assistance"	int DEFAULT NULL,
	"71_arts_entertainment_recreation"	int DEFAULT NULL,
	"72_accommodation_food_services"	int DEFAULT NULL,
	"81_other_services"	int DEFAULT NULL,
	"91_public_administration"	int DEFAULT NULL,
	"latitude"	float DEFAULT NULL,
	"longitude"	float DEFAULT NULL,
	PRIMARY KEY("postal_code_3")
);
CREATE TABLE IF NOT EXISTS "product" (
	"product_id"	int(11) NOT NULL,
	"product_name"	varchar(45) DEFAULT NULL,
	"product_size"	varchar(45) DEFAULT NULL,
	"product_category_id"	int(11) NOT NULL,
	"product_qty_type"	varchar(45) DEFAULT NULL,
	PRIMARY KEY("product_id","product_category_id"),
	CONSTRAINT "fk_product_product_category1" FOREIGN KEY("product_category_id") REFERENCES "product_category"("product_category_id")
);
CREATE TABLE IF NOT EXISTS "product_category" (
	"product_category_id"	int(11) NOT NULL,
	"product_category_name"	varchar(45) DEFAULT NULL,
	PRIMARY KEY("product_category_id")
);
CREATE TABLE IF NOT EXISTS "vendor" (
	"vendor_id"	int(11) NOT NULL,
	"vendor_name"	varchar(45) NOT NULL,
	"vendor_type"	varchar(45) NOT NULL,
	"vendor_owner_first_name"	varchar(45) NOT NULL,
	"vendor_owner_last_name"	varchar(45) NOT NULL,
	PRIMARY KEY("vendor_id"),
	UNIQUE("vendor_id"),
	UNIQUE("vendor_name")
);
CREATE TABLE IF NOT EXISTS "vendor_booth_assignments" (
	"vendor_id"	int(11) NOT NULL,
	"booth_number"	int(11) NOT NULL,
	"market_date"	date NOT NULL,
	PRIMARY KEY("vendor_id","booth_number","market_date"),
	CONSTRAINT "booth_number_fk" FOREIGN KEY("booth_number") REFERENCES "booth"("booth_number") ON DELETE RESTRICT ON UPDATE RESTRICT,
	CONSTRAINT "market_date_fk" FOREIGN KEY("market_date") REFERENCES "market_date_info"("market_date") ON DELETE RESTRICT ON UPDATE RESTRICT,
	CONSTRAINT "vendor_id_fk" FOREIGN KEY("vendor_id") REFERENCES "vendor"("vendor_id") ON DELETE RESTRICT ON UPDATE RESTRICT
);
CREATE TABLE IF NOT EXISTS "vendor_inventory" (
	"market_date"	date NOT NULL,
	"quantity"	decimal(16, 2) DEFAULT NULL,
	"vendor_id"	int(11) NOT NULL,
	"product_id"	int(11) NOT NULL,
	"original_price"	decimal(16, 2) DEFAULT NULL,
	PRIMARY KEY("market_date","vendor_id","product_id"),
	FOREIGN KEY("product_id") REFERENCES "product"("product_id"),
	CONSTRAINT "fk_vendor_inventory_vendor1" FOREIGN KEY("vendor_id") REFERENCES "vendor"("vendor_id")
);
INSERT INTO "booth" VALUES (1,'A','First booth to the left as you enter the center door','Standard');
INSERT INTO "booth" VALUES (2,'A','Second booth to the left as you enter the center door','Standard');
INSERT INTO "booth" VALUES (3,'B','Third booth to the left as you enter the center door - Small square table size','Small');
INSERT INTO "booth" VALUES (4,'C','First booth on left end of building - Small square table size','Small');
INSERT INTO "booth" VALUES (5,'C','Second booth on left end of building  - Small square table size','Small');
INSERT INTO "booth" VALUES (6,'C','Third booth on left end of building  - Small square table size','Small');
INSERT INTO "booth" VALUES (7,'A','First booth to the right as you enter the center door','Standard');
INSERT INTO "booth" VALUES (8,'C','First booth on right end of building  - Small square table size','Small');
INSERT INTO "booth" VALUES (9,'C','First booth on right end of building  - Small square table size','Small');
INSERT INTO "booth" VALUES (10,'B','Back right booth  - Large rectangular table size','Large');
INSERT INTO "booth" VALUES (11,'B','Back center booth  - Large rectangular table size','Large');
INSERT INTO "booth" VALUES (12,'B','Back left booth  - Large rectangular table size','Large');
INSERT INTO "customer" VALUES (1,'Alejandro','Costa','M8Y');
INSERT INTO "customer" VALUES (2,'Mei','Chen','M1L');
INSERT INTO "customer" VALUES (3,'Amir','Khan','M4H');
INSERT INTO "customer" VALUES (4,'Leyla','Abadi','M1L');
INSERT INTO "customer" VALUES (5,'Hiro','Yamamoto','M1L');
INSERT INTO "customer" VALUES (6,'Sofia','Rodríguez','M4H');
INSERT INTO "customer" VALUES (7,'Anwar','Ali','M6C');
INSERT INTO "customer" VALUES (8,'Khaled','Naser','M6C');
INSERT INTO "customer" VALUES (9,'Zuri','Okoro','M1L');
INSERT INTO "customer" VALUES (10,'Taylor','Park','M8Y');
INSERT INTO "customer" VALUES (11,'Sofia','Petrov','M4H');
INSERT INTO "customer" VALUES (12,'Jalen','Carter','M1L');
INSERT INTO "customer" VALUES (13,'Abigail','Harris','M3H');
INSERT INTO "customer" VALUES (14,'Jack','Wise','M8Y');
INSERT INTO "customer" VALUES (15,'Carlos','Diaz','M6C');
INSERT INTO "customer" VALUES (16,'Iva','Kienzler','M1L');
INSERT INTO "customer" VALUES (17,'Jeri','Mitchell','M8Y');
INSERT INTO "customer" VALUES (18,'Anjali','Kumar','M1L');
INSERT INTO "customer" VALUES (19,'Salil','Hassan','M6C');
INSERT INTO "customer" VALUES (20,'Johannes','Paulson','M4H');
INSERT INTO "customer" VALUES (21,'Yoojung','Kim','M4H');
INSERT INTO "customer" VALUES (22,'Julio','da Silva','M1L');
INSERT INTO "customer" VALUES (23,'Jessica','Connor','M4H');
INSERT INTO "customer" VALUES (24,'Dylan','O''Connor','M4H');
INSERT INTO "customer" VALUES (25,'Lea','Fischer','M1L');
INSERT INTO "customer" VALUES (26,'Richard','Côté','M6C');
INSERT INTO "customer_purchases" VALUES (1,7,'2022-07-05',14,0.99,6.99,'17:32:00');
INSERT INTO "customer_purchases" VALUES (1,7,'2022-07-05',14,2.18,6.99,'18:23:00');
INSERT INTO "customer_purchases" VALUES (1,7,'2022-07-05',15,1.53,6.99,'18:41:00');
INSERT INTO "customer_purchases" VALUES (1,7,'2022-07-05',16,2.02,6.99,'18:18:00');
INSERT INTO "customer_purchases" VALUES (1,7,'2022-07-05',22,0.66,6.99,'17:34:00');
INSERT INTO "customer_purchases" VALUES (1,7,'2022-07-08',4,0.27,6.99,'12:20:00');
INSERT INTO "customer_purchases" VALUES (1,7,'2022-07-08',12,3.6,6.99,'9:33:00');
INSERT INTO "customer_purchases" VALUES (1,7,'2022-07-08',14,3.04,6.99,'13:05:00');
INSERT INTO "customer_purchases" VALUES (1,7,'2022-07-08',23,1.49,6.99,'12:26:00');
INSERT INTO "customer_purchases" VALUES (1,7,'2022-07-08',23,2.56,6.99,'12:46:00');
INSERT INTO "customer_purchases" VALUES (1,7,'2022-07-12',3,2.48,6.99,'18:40:00');
INSERT INTO "customer_purchases" VALUES (1,7,'2022-07-12',4,2.13,6.99,'18:06:00');
INSERT INTO "customer_purchases" VALUES (1,7,'2022-07-12',8,2.71,6.99,'18:35:00');
INSERT INTO "customer_purchases" VALUES (1,7,'2022-07-12',23,3.61,6.99,'18:56:00');
INSERT INTO "customer_purchases" VALUES (1,7,'2022-07-15',2,4.24,6.99,'9:02:00');
INSERT INTO "customer_purchases" VALUES (1,7,'2022-07-15',5,0.71,6.99,'13:43:00');
INSERT INTO "customer_purchases" VALUES (1,7,'2022-07-15',10,2.34,6.99,'10:21:00');
INSERT INTO "customer_purchases" VALUES (1,7,'2022-07-15',10,2.28,6.99,'10:29:00');
INSERT INTO "customer_purchases" VALUES (1,7,'2022-07-15',24,0.65,6.99,'12:52:00');
INSERT INTO "customer_purchases" VALUES (1,7,'2022-07-19',4,3.03,6.99,'18:44:00');
INSERT INTO "customer_purchases" VALUES (1,7,'2022-07-19',5,4.11,6.99,'16:30:00');
INSERT INTO "customer_purchases" VALUES (1,7,'2022-07-22',1,2.09,6.99,'12:48:00');
INSERT INTO "customer_purchases" VALUES (1,7,'2022-07-22',1,4.93,6.99,'13:00:00');
INSERT INTO "customer_purchases" VALUES (1,7,'2022-07-22',15,0.02,6.99,'12:04:00');
INSERT INTO "customer_purchases" VALUES (1,7,'2022-07-22',21,2,6.99,'11:33:00');
INSERT INTO "customer_purchases" VALUES (1,7,'2022-07-26',14,0.39,6.99,'17:16:00');
INSERT INTO "customer_purchases" VALUES (1,7,'2022-07-26',19,2.74,6.99,'17:30:00');
INSERT INTO "customer_purchases" VALUES (1,7,'2022-07-29',13,1.15,6.99,'9:08:00');
INSERT INTO "customer_purchases" VALUES (1,7,'2022-07-29',17,1.55,6.99,'13:58:00');
INSERT INTO "customer_purchases" VALUES (1,7,'2022-07-29',24,3.04,6.99,'9:37:00');
INSERT INTO "customer_purchases" VALUES (1,7,'2022-08-02',3,2.64,6.99,'18:36:00');
INSERT INTO "customer_purchases" VALUES (1,7,'2022-08-02',8,3.83,6.99,'18:34:00');
INSERT INTO "customer_purchases" VALUES (1,7,'2022-08-02',19,3.69,6.99,'18:11:00');
INSERT INTO "customer_purchases" VALUES (1,7,'2022-08-02',22,1.07,6.99,'18:04:00');
INSERT INTO "customer_purchases" VALUES (1,7,'2022-08-05',4,0.08,6.99,'12:12:00');
INSERT INTO "customer_purchases" VALUES (1,7,'2022-08-05',13,0.05,6.99,'13:37:00');
INSERT INTO "customer_purchases" VALUES (1,7,'2022-08-05',13,2.36,6.99,'13:46:00');
INSERT INTO "customer_purchases" VALUES (1,7,'2022-08-09',13,0.31,6.99,'18:38:00');
INSERT INTO "customer_purchases" VALUES (1,7,'2022-08-09',24,4.65,6.99,'18:30:00');
INSERT INTO "customer_purchases" VALUES (1,7,'2022-08-12',2,0.32,6.99,'8:26:00');
INSERT INTO "customer_purchases" VALUES (1,7,'2022-08-12',2,1.29,6.99,'9:29:00');
INSERT INTO "customer_purchases" VALUES (1,7,'2022-08-12',12,4.09,6.99,'8:39:00');
INSERT INTO "customer_purchases" VALUES (1,7,'2022-08-12',23,4.57,6.99,'13:20:00');
INSERT INTO "customer_purchases" VALUES (1,7,'2022-08-12',23,0.46,6.99,'13:39:00');
INSERT INTO "customer_purchases" VALUES (1,7,'2022-08-16',5,2.35,6.99,'17:32:00');
INSERT INTO "customer_purchases" VALUES (1,7,'2022-08-16',8,3.57,6.99,'18:04:00');
INSERT INTO "customer_purchases" VALUES (1,7,'2022-08-16',11,1.5,6.99,'17:06:00');
INSERT INTO "customer_purchases" VALUES (1,7,'2022-08-16',25,3.21,6.99,'18:46:00');
INSERT INTO "customer_purchases" VALUES (1,7,'2022-08-23',11,1.59,6.99,'18:18:00');
INSERT INTO "customer_purchases" VALUES (1,7,'2022-08-26',10,1.67,6.99,'8:35:00');
INSERT INTO "customer_purchases" VALUES (1,7,'2022-08-26',15,1.19,6.99,'8:47:00');
INSERT INTO "customer_purchases" VALUES (1,7,'2022-08-26',16,4.48,6.99,'11:00:00');
INSERT INTO "customer_purchases" VALUES (1,7,'2022-08-30',2,1.07,6.99,'18:56:00');
INSERT INTO "customer_purchases" VALUES (1,7,'2022-08-30',9,3.68,6.99,'18:28:00');
INSERT INTO "customer_purchases" VALUES (1,7,'2022-09-02',5,2.4,6.99,'10:00:00');
INSERT INTO "customer_purchases" VALUES (1,7,'2022-09-02',10,0.14,6.99,'9:57:00');
INSERT INTO "customer_purchases" VALUES (1,7,'2022-09-02',22,4.86,6.99,'9:12:00');
INSERT INTO "customer_purchases" VALUES (1,7,'2022-09-06',4,2.28,6.99,'18:33:00');
INSERT INTO "customer_purchases" VALUES (1,7,'2022-09-06',9,2.18,6.99,'16:30:00');
INSERT INTO "customer_purchases" VALUES (1,7,'2022-09-06',20,5.67,6.99,'17:57:00');
INSERT INTO "customer_purchases" VALUES (1,7,'2022-09-09',8,0.94,6.99,'13:33:00');
INSERT INTO "customer_purchases" VALUES (1,7,'2022-09-09',12,2.04,6.99,'8:35:00');
INSERT INTO "customer_purchases" VALUES (1,7,'2022-09-09',12,0.99,6.99,'8:49:00');
INSERT INTO "customer_purchases" VALUES (1,7,'2022-09-09',14,0.03,6.99,'9:09:00');
INSERT INTO "customer_purchases" VALUES (1,7,'2022-09-09',19,3.09,6.99,'11:57:00');
INSERT INTO "customer_purchases" VALUES (1,7,'2022-09-13',4,2.25,6.99,'18:37:00');
INSERT INTO "customer_purchases" VALUES (1,7,'2022-09-13',7,1.54,6.99,'17:37:00');
INSERT INTO "customer_purchases" VALUES (1,7,'2022-09-13',18,2.89,6.99,'17:52:00');
INSERT INTO "customer_purchases" VALUES (1,7,'2022-09-13',25,2.16,6.99,'17:21:00');
INSERT INTO "customer_purchases" VALUES (1,7,'2022-09-16',2,4.14,6.99,'13:49:00');
INSERT INTO "customer_purchases" VALUES (1,7,'2022-09-16',6,2.94,6.99,'13:42:00');
INSERT INTO "customer_purchases" VALUES (1,7,'2022-09-20',11,2.34,6.99,'18:41:00');
INSERT INTO "customer_purchases" VALUES (1,7,'2022-09-20',17,0.04,6.99,'17:14:00');
INSERT INTO "customer_purchases" VALUES (1,7,'2022-09-23',6,1.99,6.99,'12:17:00');
INSERT INTO "customer_purchases" VALUES (1,7,'2022-09-23',24,1.82,6.99,'11:11:00');
INSERT INTO "customer_purchases" VALUES (1,7,'2022-09-23',24,4.4,6.99,'11:27:00');
INSERT INTO "customer_purchases" VALUES (1,7,'2022-09-27',2,0.06,6.99,'16:47:00');
INSERT INTO "customer_purchases" VALUES (1,7,'2022-09-27',3,0.08,6.99,'18:52:00');
INSERT INTO "customer_purchases" VALUES (1,7,'2022-09-27',21,2.08,6.99,'17:28:00');
INSERT INTO "customer_purchases" VALUES (1,7,'2022-09-30',3,2.43,6.99,'9:23:00');
INSERT INTO "customer_purchases" VALUES (1,7,'2022-09-30',13,1.14,6.99,'8:54:00');
INSERT INTO "customer_purchases" VALUES (1,7,'2023-07-04',2,1.03,6.99,'18:54:00');
INSERT INTO "customer_purchases" VALUES (1,7,'2023-07-04',7,0.63,6.99,'17:21:00');
INSERT INTO "customer_purchases" VALUES (1,7,'2023-07-04',11,3.64,6.99,'18:16:00');
INSERT INTO "customer_purchases" VALUES (1,7,'2023-07-04',11,3.7,6.99,'18:27:00');
INSERT INTO "customer_purchases" VALUES (1,7,'2023-07-04',25,0.04,6.99,'17:54:00');
INSERT INTO "customer_purchases" VALUES (1,7,'2023-07-04',25,1.25,6.99,'17:56:00');
INSERT INTO "customer_purchases" VALUES (1,7,'2023-07-07',5,4.27,6.99,'11:01:00');
INSERT INTO "customer_purchases" VALUES (1,7,'2023-07-07',16,0.62,6.99,'12:51:00');
INSERT INTO "customer_purchases" VALUES (1,7,'2023-07-07',21,1.82,6.99,'10:21:00');
INSERT INTO "customer_purchases" VALUES (1,7,'2023-07-07',26,2.42,6.99,'12:37:00');
INSERT INTO "customer_purchases" VALUES (1,7,'2023-07-11',4,4.44,6.99,'18:53:00');
INSERT INTO "customer_purchases" VALUES (1,7,'2023-07-11',8,0.84,6.99,'18:39:00');
INSERT INTO "customer_purchases" VALUES (1,7,'2023-07-11',10,1.33,6.99,'17:34:00');
INSERT INTO "customer_purchases" VALUES (1,7,'2023-07-11',10,4.44,6.99,'17:36:00');
INSERT INTO "customer_purchases" VALUES (1,7,'2023-07-11',22,0.8,6.99,'17:53:00');
INSERT INTO "customer_purchases" VALUES (1,7,'2023-07-14',1,4.04,6.99,'13:03:00');
INSERT INTO "customer_purchases" VALUES (1,7,'2023-07-14',4,1.63,6.99,'10:09:00');
INSERT INTO "customer_purchases" VALUES (1,7,'2023-07-14',18,2.88,6.99,'13:44:00');
INSERT INTO "customer_purchases" VALUES (1,7,'2023-07-14',24,1.53,6.99,'11:40:00');
INSERT INTO "customer_purchases" VALUES (1,7,'2023-07-18',14,3.88,6.99,'18:51:00');
INSERT INTO "customer_purchases" VALUES (1,7,'2023-07-18',20,4.5,6.99,'18:15:00');
INSERT INTO "customer_purchases" VALUES (1,7,'2023-07-18',21,1.63,6.99,'18:43:00');
INSERT INTO "customer_purchases" VALUES (1,7,'2023-07-21',2,2.5,6.99,'13:30:00');
INSERT INTO "customer_purchases" VALUES (1,7,'2023-07-21',9,2.16,6.99,'13:54:00');
INSERT INTO "customer_purchases" VALUES (1,7,'2023-07-25',1,2.12,6.99,'18:45:00');
INSERT INTO "customer_purchases" VALUES (1,7,'2023-07-25',6,2.28,6.99,'18:49:00');
INSERT INTO "customer_purchases" VALUES (1,7,'2023-07-25',11,3.06,6.99,'18:29:00');
INSERT INTO "customer_purchases" VALUES (1,7,'2023-07-25',19,1.06,6.99,'18:44:00');
INSERT INTO "customer_purchases" VALUES (1,7,'2023-07-28',7,5.71,6.99,'10:33:00');
INSERT INTO "customer_purchases" VALUES (1,7,'2023-07-28',12,1.59,6.99,'10:20:00');
INSERT INTO "customer_purchases" VALUES (1,7,'2023-07-28',12,2.25,6.99,'10:24:00');
INSERT INTO "customer_purchases" VALUES (1,7,'2023-07-28',19,0.74,6.99,'12:03:00');
INSERT INTO "customer_purchases" VALUES (1,7,'2023-08-04',11,0.5,6.99,'11:43:00');
INSERT INTO "customer_purchases" VALUES (1,7,'2023-08-08',7,4.92,6.99,'17:43:00');
INSERT INTO "customer_purchases" VALUES (1,7,'2023-08-08',16,1.69,6.99,'18:22:00');
INSERT INTO "customer_purchases" VALUES (1,7,'2023-08-08',21,2.27,6.99,'18:52:00');
INSERT INTO "customer_purchases" VALUES (1,7,'2023-08-08',23,4.41,6.99,'17:07:00');
INSERT INTO "customer_purchases" VALUES (1,7,'2023-08-11',17,0.03,6.99,'12:56:00');
INSERT INTO "customer_purchases" VALUES (1,7,'2023-08-11',26,1.51,6.99,'11:02:00');
INSERT INTO "customer_purchases" VALUES (1,7,'2023-08-11',26,4.99,6.99,'11:38:00');
INSERT INTO "customer_purchases" VALUES (1,7,'2023-08-15',2,4.59,6.99,'18:56:00');
INSERT INTO "customer_purchases" VALUES (1,7,'2023-08-15',2,2.39,6.99,'18:59:00');
INSERT INTO "customer_purchases" VALUES (1,7,'2023-08-18',7,1.08,6.99,'10:42:00');
INSERT INTO "customer_purchases" VALUES (1,7,'2023-08-18',22,3.45,6.99,'9:33:00');
INSERT INTO "customer_purchases" VALUES (1,7,'2023-08-25',4,4.56,6.99,'13:28:00');
INSERT INTO "customer_purchases" VALUES (1,7,'2023-08-25',4,3.47,6.99,'13:33:00');
INSERT INTO "customer_purchases" VALUES (1,7,'2023-08-25',5,2.07,6.99,'13:33:00');
INSERT INTO "customer_purchases" VALUES (1,7,'2023-08-25',25,0.76,6.99,'11:02:00');
INSERT INTO "customer_purchases" VALUES (1,7,'2023-08-29',1,2.97,6.99,'18:56:00');
INSERT INTO "customer_purchases" VALUES (1,7,'2023-08-29',4,3.11,6.99,'18:36:00');
INSERT INTO "customer_purchases" VALUES (1,7,'2023-08-29',9,2.21,6.99,'18:15:00');
INSERT INTO "customer_purchases" VALUES (1,7,'2023-08-29',14,0.91,6.99,'17:35:00');
INSERT INTO "customer_purchases" VALUES (1,7,'2023-08-29',15,2.57,6.99,'16:33:00');
INSERT INTO "customer_purchases" VALUES (1,7,'2023-08-29',22,0.57,6.99,'18:16:00');
INSERT INTO "customer_purchases" VALUES (1,7,'2023-09-01',2,0.62,6.99,'8:54:00');
INSERT INTO "customer_purchases" VALUES (1,7,'2023-09-01',5,3.42,6.99,'9:52:00');
INSERT INTO "customer_purchases" VALUES (1,7,'2023-09-01',5,1.26,6.99,'10:26:00');
INSERT INTO "customer_purchases" VALUES (1,7,'2023-09-01',6,3.18,6.99,'12:37:00');
INSERT INTO "customer_purchases" VALUES (1,7,'2023-09-01',12,0.15,6.99,'13:13:00');
INSERT INTO "customer_purchases" VALUES (1,7,'2023-09-01',26,0.75,6.99,'11:29:00');
INSERT INTO "customer_purchases" VALUES (1,7,'2023-09-05',4,3.31,6.99,'18:21:00');
INSERT INTO "customer_purchases" VALUES (1,7,'2023-09-05',7,2.4,6.99,'16:58:00');
INSERT INTO "customer_purchases" VALUES (1,7,'2023-09-05',7,2.73,6.99,'17:08:00');
INSERT INTO "customer_purchases" VALUES (1,7,'2023-09-05',14,2.68,6.99,'16:41:00');
INSERT INTO "customer_purchases" VALUES (1,7,'2023-09-08',1,5.2,6.99,'11:34:00');
INSERT INTO "customer_purchases" VALUES (1,7,'2023-09-08',1,0.27,6.99,'11:41:00');
INSERT INTO "customer_purchases" VALUES (1,7,'2023-09-08',8,2.12,6.99,'10:07:00');
INSERT INTO "customer_purchases" VALUES (1,7,'2023-09-08',25,1.79,6.99,'10:39:00');
INSERT INTO "customer_purchases" VALUES (1,7,'2023-09-12',1,3.43,6.99,'18:35:00');
INSERT INTO "customer_purchases" VALUES (1,7,'2023-09-12',1,1.92,6.99,'18:44:00');
INSERT INTO "customer_purchases" VALUES (1,7,'2023-09-12',4,4.14,6.99,'17:50:00');
INSERT INTO "customer_purchases" VALUES (1,7,'2023-09-12',9,1.14,6.99,'18:26:00');
INSERT INTO "customer_purchases" VALUES (1,7,'2023-09-12',20,0.12,6.99,'18:30:00');
INSERT INTO "customer_purchases" VALUES (1,7,'2023-09-15',2,4.92,6.99,'10:58:00');
INSERT INTO "customer_purchases" VALUES (1,7,'2023-09-15',7,0.64,6.99,'11:14:00');
INSERT INTO "customer_purchases" VALUES (1,7,'2023-09-15',14,3.38,6.99,'13:14:00');
INSERT INTO "customer_purchases" VALUES (1,7,'2023-09-15',15,1.22,6.99,'13:11:00');
INSERT INTO "customer_purchases" VALUES (1,7,'2023-09-19',2,5.18,6.99,'16:28:00');
INSERT INTO "customer_purchases" VALUES (1,7,'2023-09-19',3,3.71,6.99,'18:14:00');
INSERT INTO "customer_purchases" VALUES (1,7,'2023-09-22',15,3.04,6.99,'11:10:00');
INSERT INTO "customer_purchases" VALUES (1,7,'2023-09-22',15,5.06,6.99,'11:57:00');
INSERT INTO "customer_purchases" VALUES (1,7,'2023-09-22',17,0.45,6.99,'11:29:00');
INSERT INTO "customer_purchases" VALUES (1,7,'2023-09-22',25,1.49,6.99,'13:29:00');
INSERT INTO "customer_purchases" VALUES (1,7,'2023-09-26',8,2.89,6.99,'17:23:00');
INSERT INTO "customer_purchases" VALUES (1,7,'2023-09-29',3,1.82,6.99,'12:04:00');
INSERT INTO "customer_purchases" VALUES (1,7,'2023-09-29',4,2.96,6.99,'10:44:00');
INSERT INTO "customer_purchases" VALUES (1,7,'2023-09-29',14,3.91,6.99,'10:32:00');
INSERT INTO "customer_purchases" VALUES (1,7,'2023-09-29',21,1.19,6.99,'13:25:00');
INSERT INTO "customer_purchases" VALUES (1,7,'2023-10-03',9,3.61,6.99,'18:49:00');
INSERT INTO "customer_purchases" VALUES (1,7,'2023-10-03',9,3.82,6.99,'18:53:00');
INSERT INTO "customer_purchases" VALUES (1,7,'2023-10-03',14,0.1,6.99,'18:32:00');
INSERT INTO "customer_purchases" VALUES (1,7,'2023-10-03',18,2.26,6.99,'18:58:00');
INSERT INTO "customer_purchases" VALUES (1,7,'2023-10-03',26,3.97,6.99,'17:04:00');
INSERT INTO "customer_purchases" VALUES (2,7,'2022-07-05',4,3.73,3.49,'16:46:00');
INSERT INTO "customer_purchases" VALUES (2,7,'2022-07-05',9,4.85,3.49,'16:42:00');
INSERT INTO "customer_purchases" VALUES (2,7,'2022-07-05',12,0.12,3.49,'17:38:00');
INSERT INTO "customer_purchases" VALUES (2,7,'2022-07-05',16,3.46,3.49,'17:48:00');
INSERT INTO "customer_purchases" VALUES (2,7,'2022-07-05',17,1.76,3.49,'17:14:00');
INSERT INTO "customer_purchases" VALUES (2,7,'2022-07-05',17,4.74,3.49,'17:38:00');
INSERT INTO "customer_purchases" VALUES (2,7,'2022-07-05',24,2.28,3.49,'18:37:00');
INSERT INTO "customer_purchases" VALUES (2,7,'2022-07-08',3,2.28,3.49,'12:20:00');
INSERT INTO "customer_purchases" VALUES (2,7,'2022-07-08',13,1.94,3.49,'10:55:00');
INSERT INTO "customer_purchases" VALUES (2,7,'2022-07-08',14,1,3.49,'13:19:00');
INSERT INTO "customer_purchases" VALUES (2,7,'2022-07-08',14,1.68,3.49,'13:37:00');
INSERT INTO "customer_purchases" VALUES (2,7,'2022-07-08',20,3.1,3.49,'12:51:00');
INSERT INTO "customer_purchases" VALUES (2,7,'2022-07-12',11,2.89,3.49,'18:56:00');
INSERT INTO "customer_purchases" VALUES (2,7,'2022-07-12',21,3.59,3.49,'17:13:00');
INSERT INTO "customer_purchases" VALUES (2,7,'2022-07-15',1,2.81,3.49,'13:35:00');
INSERT INTO "customer_purchases" VALUES (2,7,'2022-07-15',2,6.27,3,'8:58:00');
INSERT INTO "customer_purchases" VALUES (2,7,'2022-07-15',10,6.7,3,'9:29:00');
INSERT INTO "customer_purchases" VALUES (2,7,'2022-07-15',24,1.64,3.49,'12:42:00');
INSERT INTO "customer_purchases" VALUES (2,7,'2022-07-19',1,4.88,3.49,'18:26:00');
INSERT INTO "customer_purchases" VALUES (2,7,'2022-07-19',4,1.55,3.49,'17:45:00');
INSERT INTO "customer_purchases" VALUES (2,7,'2022-07-19',7,4.13,3.49,'18:51:00');
INSERT INTO "customer_purchases" VALUES (2,7,'2022-07-19',9,0.11,3.49,'16:44:00');
INSERT INTO "customer_purchases" VALUES (2,7,'2022-07-19',13,3.09,3.49,'17:29:00');
INSERT INTO "customer_purchases" VALUES (2,7,'2022-07-19',22,2.56,3.49,'18:31:00');
INSERT INTO "customer_purchases" VALUES (2,7,'2022-07-22',3,2.7,3.49,'13:52:00');
INSERT INTO "customer_purchases" VALUES (2,7,'2022-07-22',8,3.69,3.49,'13:11:00');
INSERT INTO "customer_purchases" VALUES (2,7,'2022-07-22',8,1.18,3.49,'13:18:00');
INSERT INTO "customer_purchases" VALUES (2,7,'2022-07-22',9,1.2,3.49,'8:17:00');
INSERT INTO "customer_purchases" VALUES (2,7,'2022-07-26',10,5.57,3.49,'18:49:00');
INSERT INTO "customer_purchases" VALUES (2,7,'2022-07-26',18,2.46,3.49,'17:29:00');
INSERT INTO "customer_purchases" VALUES (2,7,'2022-07-26',19,2.4,3.49,'17:55:00');
INSERT INTO "customer_purchases" VALUES (2,7,'2022-07-26',26,6.78,3.49,'16:38:00');
INSERT INTO "customer_purchases" VALUES (2,7,'2022-07-29',6,4.57,3.49,'11:53:00');
INSERT INTO "customer_purchases" VALUES (2,7,'2022-07-29',13,2.37,3.49,'9:31:00');
INSERT INTO "customer_purchases" VALUES (2,7,'2022-07-29',16,3.21,3.49,'9:46:00');
INSERT INTO "customer_purchases" VALUES (2,7,'2022-07-29',16,3.57,3.49,'10:08:00');
INSERT INTO "customer_purchases" VALUES (2,7,'2022-07-29',23,1.05,3.49,'13:51:00');
INSERT INTO "customer_purchases" VALUES (2,7,'2022-07-29',23,3.79,3.49,'13:58:00');
INSERT INTO "customer_purchases" VALUES (2,7,'2022-08-02',3,2.34,3.49,'18:49:00');
INSERT INTO "customer_purchases" VALUES (2,7,'2022-08-02',7,1.43,3.49,'17:04:00');
INSERT INTO "customer_purchases" VALUES (2,7,'2022-08-02',11,1.54,3.49,'18:55:00');
INSERT INTO "customer_purchases" VALUES (2,7,'2022-08-02',17,5.53,3.49,'16:28:00');
INSERT INTO "customer_purchases" VALUES (2,7,'2022-08-02',18,3.41,3.49,'18:12:00');
INSERT INTO "customer_purchases" VALUES (2,7,'2022-08-05',2,4.04,3.49,'11:00:00');
INSERT INTO "customer_purchases" VALUES (2,7,'2022-08-05',4,4.9,3.49,'11:54:00');
INSERT INTO "customer_purchases" VALUES (2,7,'2022-08-05',5,2.39,3.49,'9:01:00');
INSERT INTO "customer_purchases" VALUES (2,7,'2022-08-05',12,2.82,3.49,'13:54:00');
INSERT INTO "customer_purchases" VALUES (2,7,'2022-08-05',12,3.3,3.49,'13:58:00');
INSERT INTO "customer_purchases" VALUES (2,7,'2022-08-05',13,0.02,3.49,'13:47:00');
INSERT INTO "customer_purchases" VALUES (2,7,'2022-08-05',14,2.44,3.49,'9:48:00');
INSERT INTO "customer_purchases" VALUES (2,7,'2022-08-09',1,1.87,3.49,'18:41:00');
INSERT INTO "customer_purchases" VALUES (2,7,'2022-08-09',3,2.93,3.49,'18:09:00');
INSERT INTO "customer_purchases" VALUES (2,7,'2022-08-09',6,6.9,3.49,'17:01:00');
INSERT INTO "customer_purchases" VALUES (2,7,'2022-08-09',6,0.98,3.49,'17:14:00');
INSERT INTO "customer_purchases" VALUES (2,7,'2022-08-09',10,4.31,3.49,'17:10:00');
INSERT INTO "customer_purchases" VALUES (2,7,'2022-08-09',19,3.79,3.49,'18:01:00');
INSERT INTO "customer_purchases" VALUES (2,7,'2022-08-09',24,2.47,3.49,'18:07:00');
INSERT INTO "customer_purchases" VALUES (2,7,'2022-08-12',5,3.09,3.49,'9:06:00');
INSERT INTO "customer_purchases" VALUES (2,7,'2022-08-12',12,1.48,3.49,'8:55:00');
INSERT INTO "customer_purchases" VALUES (2,7,'2022-08-12',16,1.85,3.49,'8:57:00');
INSERT INTO "customer_purchases" VALUES (2,7,'2022-08-12',18,4.46,3.49,'13:56:00');
INSERT INTO "customer_purchases" VALUES (2,7,'2022-08-12',22,5.25,3.49,'9:04:00');
INSERT INTO "customer_purchases" VALUES (2,7,'2022-08-12',22,3.62,3.49,'9:20:00');
INSERT INTO "customer_purchases" VALUES (2,7,'2022-08-12',23,2.53,3.49,'13:30:00');
INSERT INTO "customer_purchases" VALUES (2,7,'2022-08-12',25,3.27,3.49,'12:43:00');
INSERT INTO "customer_purchases" VALUES (2,7,'2022-08-16',1,4.37,3.49,'17:03:00');
INSERT INTO "customer_purchases" VALUES (2,7,'2022-08-16',3,5.3,3.49,'18:44:00');
INSERT INTO "customer_purchases" VALUES (2,7,'2022-08-16',4,0.8,3.49,'18:05:00');
INSERT INTO "customer_purchases" VALUES (2,7,'2022-08-16',26,3.9,3.49,'18:24:00');
INSERT INTO "customer_purchases" VALUES (2,7,'2022-08-16',26,2.44,3.49,'18:33:00');
INSERT INTO "customer_purchases" VALUES (2,7,'2022-08-19',2,6.55,3.49,'11:22:00');
INSERT INTO "customer_purchases" VALUES (2,7,'2022-08-19',5,1.65,3.49,'11:39:00');
INSERT INTO "customer_purchases" VALUES (2,7,'2022-08-19',14,1.05,3.49,'8:35:00');
INSERT INTO "customer_purchases" VALUES (2,7,'2022-08-19',26,3.02,3.49,'13:17:00');
INSERT INTO "customer_purchases" VALUES (2,7,'2022-08-23',2,2.93,3.49,'18:13:00');
INSERT INTO "customer_purchases" VALUES (2,7,'2022-08-23',6,0.72,3.49,'18:37:00');
INSERT INTO "customer_purchases" VALUES (2,7,'2022-08-23',17,0.61,3.49,'18:51:00');
INSERT INTO "customer_purchases" VALUES (2,7,'2022-08-23',18,4.56,3.49,'16:20:00');
INSERT INTO "customer_purchases" VALUES (2,7,'2022-08-23',26,2.44,3.49,'16:03:00');
INSERT INTO "customer_purchases" VALUES (2,7,'2022-08-26',14,2.86,3.49,'9:37:00');
INSERT INTO "customer_purchases" VALUES (2,7,'2022-08-26',16,2.65,3.49,'10:58:00');
INSERT INTO "customer_purchases" VALUES (2,7,'2022-08-30',2,0.39,3.49,'18:46:00');
INSERT INTO "customer_purchases" VALUES (2,7,'2022-08-30',5,2.51,3.49,'17:15:00');
INSERT INTO "customer_purchases" VALUES (2,7,'2022-08-30',5,5.24,3.49,'17:38:00');
INSERT INTO "customer_purchases" VALUES (2,7,'2022-08-30',8,1.86,3.49,'18:12:00');
INSERT INTO "customer_purchases" VALUES (2,7,'2022-08-30',8,7.33,3.49,'18:30:00');
INSERT INTO "customer_purchases" VALUES (2,7,'2022-08-30',17,2.99,3.49,'17:06:00');
INSERT INTO "customer_purchases" VALUES (2,7,'2022-08-30',22,2.99,3.49,'18:28:00');
INSERT INTO "customer_purchases" VALUES (2,7,'2022-09-02',2,3.31,3.49,'12:24:00');
INSERT INTO "customer_purchases" VALUES (2,7,'2022-09-02',3,0.92,3.49,'11:36:00');
INSERT INTO "customer_purchases" VALUES (2,7,'2022-09-02',4,3.26,3.49,'9:35:00');
INSERT INTO "customer_purchases" VALUES (2,7,'2022-09-02',4,4.59,3.49,'10:06:00');
INSERT INTO "customer_purchases" VALUES (2,7,'2022-09-02',5,6.18,3.49,'10:22:00');
INSERT INTO "customer_purchases" VALUES (2,7,'2022-09-02',6,4.3,3.49,'11:38:00');
INSERT INTO "customer_purchases" VALUES (2,7,'2022-09-02',26,4.78,3.49,'9:29:00');
INSERT INTO "customer_purchases" VALUES (2,7,'2022-09-06',7,3,3.49,'18:53:00');
INSERT INTO "customer_purchases" VALUES (2,7,'2022-09-06',11,3.51,3.49,'18:46:00');
INSERT INTO "customer_purchases" VALUES (2,7,'2022-09-06',14,4.21,3.49,'17:30:00');
INSERT INTO "customer_purchases" VALUES (2,7,'2022-09-06',21,3.45,3.49,'18:48:00');
INSERT INTO "customer_purchases" VALUES (2,7,'2022-09-06',26,2.1,3.49,'18:54:00');
INSERT INTO "customer_purchases" VALUES (2,7,'2022-09-09',4,1.66,3.49,'12:02:00');
INSERT INTO "customer_purchases" VALUES (2,7,'2022-09-09',6,1.48,3.49,'12:38:00');
INSERT INTO "customer_purchases" VALUES (2,7,'2022-09-09',6,1.26,3.49,'13:32:00');
INSERT INTO "customer_purchases" VALUES (2,7,'2022-09-09',23,3.85,3.49,'11:43:00');
INSERT INTO "customer_purchases" VALUES (2,7,'2022-09-13',1,3.45,3.49,'18:15:00');
INSERT INTO "customer_purchases" VALUES (2,7,'2022-09-13',6,1.62,3.49,'18:53:00');
INSERT INTO "customer_purchases" VALUES (2,7,'2022-09-13',7,6.14,3.49,'17:28:00');
INSERT INTO "customer_purchases" VALUES (2,7,'2022-09-13',10,0.99,3.49,'17:24:00');
INSERT INTO "customer_purchases" VALUES (2,7,'2022-09-13',12,2.21,3.49,'18:01:00');
INSERT INTO "customer_purchases" VALUES (2,7,'2022-09-13',12,1.92,3.49,'18:30:00');
INSERT INTO "customer_purchases" VALUES (2,7,'2022-09-13',25,6.42,3.49,'17:09:00');
INSERT INTO "customer_purchases" VALUES (2,7,'2022-09-16',5,1.33,3.49,'9:06:00');
INSERT INTO "customer_purchases" VALUES (2,7,'2022-09-16',6,2.23,3.49,'13:34:00');
INSERT INTO "customer_purchases" VALUES (2,7,'2022-09-16',14,2.08,3.49,'12:58:00');
INSERT INTO "customer_purchases" VALUES (2,7,'2022-09-16',16,2.28,3.49,'10:07:00');
INSERT INTO "customer_purchases" VALUES (2,7,'2022-09-16',19,2.69,3.49,'10:20:00');
INSERT INTO "customer_purchases" VALUES (2,7,'2022-09-20',1,3.62,3.49,'17:06:00');
INSERT INTO "customer_purchases" VALUES (2,7,'2022-09-20',12,6.33,3.49,'18:34:00');
INSERT INTO "customer_purchases" VALUES (2,7,'2022-09-23',2,2.31,3.49,'12:49:00');
INSERT INTO "customer_purchases" VALUES (2,7,'2022-09-23',4,0.45,3.49,'10:18:00');
INSERT INTO "customer_purchases" VALUES (2,7,'2022-09-23',6,2.22,3.49,'12:54:00');
INSERT INTO "customer_purchases" VALUES (2,7,'2022-09-23',8,2.18,3.49,'13:31:00');
INSERT INTO "customer_purchases" VALUES (2,7,'2022-09-23',22,2.81,3.49,'13:46:00');
INSERT INTO "customer_purchases" VALUES (2,7,'2022-09-27',3,0.36,3.49,'18:31:00');
INSERT INTO "customer_purchases" VALUES (2,7,'2022-09-27',7,2.63,3.49,'18:16:00');
INSERT INTO "customer_purchases" VALUES (2,7,'2022-09-27',8,1.01,3.49,'16:08:00');
INSERT INTO "customer_purchases" VALUES (2,7,'2022-09-27',8,4.71,3.49,'16:16:00');
INSERT INTO "customer_purchases" VALUES (2,7,'2022-09-27',15,2.28,3.49,'17:31:00');
INSERT INTO "customer_purchases" VALUES (2,7,'2022-09-30',2,0.8,3.49,'13:48:00');
INSERT INTO "customer_purchases" VALUES (2,7,'2022-09-30',6,5.07,3.49,'9:53:00');
INSERT INTO "customer_purchases" VALUES (2,7,'2022-09-30',19,3.93,3.49,'13:42:00');
INSERT INTO "customer_purchases" VALUES (2,7,'2022-09-30',21,4.16,3.49,'10:09:00');
INSERT INTO "customer_purchases" VALUES (2,7,'2023-07-04',1,1.58,3.49,'16:10:00');
INSERT INTO "customer_purchases" VALUES (2,7,'2023-07-04',2,3.94,3.49,'18:52:00');
INSERT INTO "customer_purchases" VALUES (2,7,'2023-07-04',2,3.37,3.49,'18:55:00');
INSERT INTO "customer_purchases" VALUES (2,7,'2023-07-04',10,5.38,3.49,'18:11:00');
INSERT INTO "customer_purchases" VALUES (2,7,'2023-07-04',10,2.86,3.49,'18:37:00');
INSERT INTO "customer_purchases" VALUES (2,7,'2023-07-04',14,4.11,3.49,'18:18:00');
INSERT INTO "customer_purchases" VALUES (2,7,'2023-07-04',22,2.75,3.49,'18:41:00');
INSERT INTO "customer_purchases" VALUES (2,7,'2023-07-07',2,5.6,3,'12:25:00');
INSERT INTO "customer_purchases" VALUES (2,7,'2023-07-07',5,4.61,3.49,'12:08:00');
INSERT INTO "customer_purchases" VALUES (2,7,'2023-07-07',6,5.18,3,'10:01:00');
INSERT INTO "customer_purchases" VALUES (2,7,'2023-07-07',6,3.47,3.49,'10:59:00');
INSERT INTO "customer_purchases" VALUES (2,7,'2023-07-07',9,1.89,3.49,'9:28:00');
INSERT INTO "customer_purchases" VALUES (2,7,'2023-07-07',9,0.59,3.49,'10:01:00');
INSERT INTO "customer_purchases" VALUES (2,7,'2023-07-07',11,3.28,3.49,'12:15:00');
INSERT INTO "customer_purchases" VALUES (2,7,'2023-07-07',15,3.31,3.49,'12:46:00');
INSERT INTO "customer_purchases" VALUES (2,7,'2023-07-07',15,1.58,3.49,'13:12:00');
INSERT INTO "customer_purchases" VALUES (2,7,'2023-07-07',19,1.82,3.49,'13:47:00');
INSERT INTO "customer_purchases" VALUES (2,7,'2023-07-11',1,1.98,3.49,'18:56:00');
INSERT INTO "customer_purchases" VALUES (2,7,'2023-07-11',4,2.28,3.49,'18:32:00');
INSERT INTO "customer_purchases" VALUES (2,7,'2023-07-11',8,5.13,3.49,'18:43:00');
INSERT INTO "customer_purchases" VALUES (2,7,'2023-07-11',12,4.4,3.49,'17:07:00');
INSERT INTO "customer_purchases" VALUES (2,7,'2023-07-11',20,3.3,3.49,'17:37:00');
INSERT INTO "customer_purchases" VALUES (2,7,'2023-07-11',23,2.93,3.49,'17:42:00');
INSERT INTO "customer_purchases" VALUES (2,7,'2023-07-14',4,1.53,3.49,'10:08:00');
INSERT INTO "customer_purchases" VALUES (2,7,'2023-07-14',13,1.89,3.49,'11:54:00');
INSERT INTO "customer_purchases" VALUES (2,7,'2023-07-14',18,5.09,3.49,'13:28:00');
INSERT INTO "customer_purchases" VALUES (2,7,'2023-07-14',18,3.13,3.49,'13:54:00');
INSERT INTO "customer_purchases" VALUES (2,7,'2023-07-14',24,3.5,3.49,'11:34:00');
INSERT INTO "customer_purchases" VALUES (2,7,'2023-07-18',1,2.45,3.49,'18:38:00');
INSERT INTO "customer_purchases" VALUES (2,7,'2023-07-18',2,3.05,3.49,'18:16:00');
INSERT INTO "customer_purchases" VALUES (2,7,'2023-07-18',2,1.32,3.49,'18:40:00');
INSERT INTO "customer_purchases" VALUES (2,7,'2023-07-18',3,2.85,3.49,'18:47:00');
INSERT INTO "customer_purchases" VALUES (2,7,'2023-07-18',6,2.56,3.49,'18:56:00');
INSERT INTO "customer_purchases" VALUES (2,7,'2023-07-18',12,1.81,3.49,'16:50:00');
INSERT INTO "customer_purchases" VALUES (2,7,'2023-07-18',12,2.61,3.49,'17:36:00');
INSERT INTO "customer_purchases" VALUES (2,7,'2023-07-18',14,3.13,3.49,'18:31:00');
INSERT INTO "customer_purchases" VALUES (2,7,'2023-07-18',19,3.42,3.49,'17:46:00');
INSERT INTO "customer_purchases" VALUES (2,7,'2023-07-18',21,5.02,3.49,'18:52:00');
INSERT INTO "customer_purchases" VALUES (2,7,'2023-07-21',4,1.39,3.49,'12:14:00');
INSERT INTO "customer_purchases" VALUES (2,7,'2023-07-21',6,1.25,3.49,'9:35:00');
INSERT INTO "customer_purchases" VALUES (2,7,'2023-07-21',9,3.1,3.49,'13:57:00');
INSERT INTO "customer_purchases" VALUES (2,7,'2023-07-21',18,5.59,3.49,'9:04:00');
INSERT INTO "customer_purchases" VALUES (2,7,'2023-07-21',19,4.67,3.49,'8:57:00');
INSERT INTO "customer_purchases" VALUES (2,7,'2023-07-21',20,2.12,3.49,'12:18:00');
INSERT INTO "customer_purchases" VALUES (2,7,'2023-07-21',20,6.64,3.49,'13:00:00');
INSERT INTO "customer_purchases" VALUES (2,7,'2023-07-25',7,4.38,3.49,'17:57:00');
INSERT INTO "customer_purchases" VALUES (2,7,'2023-07-25',9,2.31,3.49,'18:21:00');
INSERT INTO "customer_purchases" VALUES (2,7,'2023-07-25',10,3.38,3.49,'16:24:00');
INSERT INTO "customer_purchases" VALUES (2,7,'2023-07-25',11,3.14,3.49,'18:44:00');
INSERT INTO "customer_purchases" VALUES (2,7,'2023-07-25',12,4.33,3.49,'16:25:00');
INSERT INTO "customer_purchases" VALUES (2,7,'2023-07-25',12,1.95,3.49,'16:26:00');
INSERT INTO "customer_purchases" VALUES (2,7,'2023-07-25',18,2.85,3.49,'18:00:00');
INSERT INTO "customer_purchases" VALUES (2,7,'2023-07-25',25,5.15,3.49,'18:55:00');
INSERT INTO "customer_purchases" VALUES (2,7,'2023-07-28',14,3.87,3.49,'13:37:00');
INSERT INTO "customer_purchases" VALUES (2,7,'2023-07-28',14,1.38,3.49,'13:54:00');
INSERT INTO "customer_purchases" VALUES (2,7,'2023-08-01',1,3.88,3.49,'18:52:00');
INSERT INTO "customer_purchases" VALUES (2,7,'2023-08-01',4,3.35,3.49,'18:27:00');
INSERT INTO "customer_purchases" VALUES (2,7,'2023-08-01',5,3,3.49,'18:43:00');
INSERT INTO "customer_purchases" VALUES (2,7,'2023-08-01',6,2.38,3.49,'18:41:00');
INSERT INTO "customer_purchases" VALUES (2,7,'2023-08-01',10,4.2,3.49,'18:52:00');
INSERT INTO "customer_purchases" VALUES (2,7,'2023-08-01',15,2.59,3.49,'16:39:00');
INSERT INTO "customer_purchases" VALUES (2,7,'2023-08-01',26,3.08,3.49,'18:38:00');
INSERT INTO "customer_purchases" VALUES (2,7,'2023-08-01',26,3.64,3.49,'18:46:00');
INSERT INTO "customer_purchases" VALUES (2,7,'2023-08-04',1,1.79,3.49,'10:18:00');
INSERT INTO "customer_purchases" VALUES (2,7,'2023-08-04',3,4.87,3.49,'12:38:00');
INSERT INTO "customer_purchases" VALUES (2,7,'2023-08-04',5,3.26,3.49,'9:18:00');
INSERT INTO "customer_purchases" VALUES (2,7,'2023-08-04',11,2.27,3.49,'12:01:00');
INSERT INTO "customer_purchases" VALUES (2,7,'2023-08-04',15,6.04,3.49,'9:52:00');
INSERT INTO "customer_purchases" VALUES (2,7,'2023-08-08',8,2.84,3.49,'16:43:00');
INSERT INTO "customer_purchases" VALUES (2,7,'2023-08-08',12,1.47,3.49,'18:11:00');
INSERT INTO "customer_purchases" VALUES (2,7,'2023-08-08',12,0.22,3.49,'18:26:00');
INSERT INTO "customer_purchases" VALUES (2,7,'2023-08-08',26,1.42,3.49,'18:50:00');
INSERT INTO "customer_purchases" VALUES (2,7,'2023-08-08',26,2.74,3.49,'18:51:00');
INSERT INTO "customer_purchases" VALUES (2,7,'2023-08-11',5,4.53,3.49,'11:31:00');
INSERT INTO "customer_purchases" VALUES (2,7,'2023-08-11',5,5.2,3.49,'12:06:00');
INSERT INTO "customer_purchases" VALUES (2,7,'2023-08-11',7,3.53,3.49,'8:23:00');
INSERT INTO "customer_purchases" VALUES (2,7,'2023-08-11',9,0.18,3.49,'10:32:00');
INSERT INTO "customer_purchases" VALUES (2,7,'2023-08-11',12,4.91,3.49,'9:45:00');
INSERT INTO "customer_purchases" VALUES (2,7,'2023-08-11',12,3.18,3.49,'10:26:00');
INSERT INTO "customer_purchases" VALUES (2,7,'2023-08-15',4,3.06,3.49,'18:59:00');
INSERT INTO "customer_purchases" VALUES (2,7,'2023-08-15',7,3.05,3.49,'17:25:00');
INSERT INTO "customer_purchases" VALUES (2,7,'2023-08-15',13,1.25,3.49,'16:16:00');
INSERT INTO "customer_purchases" VALUES (2,7,'2023-08-15',13,3.96,3.49,'16:39:00');
INSERT INTO "customer_purchases" VALUES (2,7,'2023-08-15',16,3.53,3.49,'17:53:00');
INSERT INTO "customer_purchases" VALUES (2,7,'2023-08-15',23,1.78,3.49,'18:53:00');
INSERT INTO "customer_purchases" VALUES (2,7,'2023-08-18',7,2.77,3.49,'9:40:00');
INSERT INTO "customer_purchases" VALUES (2,7,'2023-08-18',8,3.85,3.49,'9:36:00');
INSERT INTO "customer_purchases" VALUES (2,7,'2023-08-18',10,1.91,3.49,'12:13:00');
INSERT INTO "customer_purchases" VALUES (2,7,'2023-08-18',18,4.74,3.49,'13:37:00');
INSERT INTO "customer_purchases" VALUES (2,7,'2023-08-18',19,2.43,3.49,'12:36:00');
INSERT INTO "customer_purchases" VALUES (2,7,'2023-08-18',19,3.01,3.49,'13:04:00');
INSERT INTO "customer_purchases" VALUES (2,7,'2023-08-22',11,6.34,3.49,'16:47:00');
INSERT INTO "customer_purchases" VALUES (2,7,'2023-08-22',12,2.47,3.49,'18:16:00');
INSERT INTO "customer_purchases" VALUES (2,7,'2023-08-22',13,2.37,3.49,'18:50:00');
INSERT INTO "customer_purchases" VALUES (2,7,'2023-08-22',15,2.83,3.49,'16:49:00');
INSERT INTO "customer_purchases" VALUES (2,7,'2023-08-22',24,3.16,3.49,'18:43:00');
INSERT INTO "customer_purchases" VALUES (2,7,'2023-08-25',2,2.88,3.49,'10:03:00');
INSERT INTO "customer_purchases" VALUES (2,7,'2023-08-25',5,3.75,3.49,'13:46:00');
INSERT INTO "customer_purchases" VALUES (2,7,'2023-08-25',5,4.99,3.49,'13:58:00');
INSERT INTO "customer_purchases" VALUES (2,7,'2023-08-25',6,3.48,3.49,'9:39:00');
INSERT INTO "customer_purchases" VALUES (2,7,'2023-08-25',17,8.05,3.49,'13:27:00');
INSERT INTO "customer_purchases" VALUES (2,7,'2023-08-29',1,1.03,3.49,'18:49:00');
INSERT INTO "customer_purchases" VALUES (2,7,'2023-08-29',5,3.68,3.49,'18:20:00');
INSERT INTO "customer_purchases" VALUES (2,7,'2023-08-29',9,2.13,3.49,'18:21:00');
INSERT INTO "customer_purchases" VALUES (2,7,'2023-08-29',13,3.3,3.49,'16:55:00');
INSERT INTO "customer_purchases" VALUES (2,7,'2023-08-29',15,0.31,3.49,'17:27:00');
INSERT INTO "customer_purchases" VALUES (2,7,'2023-08-29',19,5.26,3.49,'18:05:00');
INSERT INTO "customer_purchases" VALUES (2,7,'2023-09-01',4,1.82,3.49,'13:32:00');
INSERT INTO "customer_purchases" VALUES (2,7,'2023-09-01',6,1.04,3.49,'13:18:00');
INSERT INTO "customer_purchases" VALUES (2,7,'2023-09-01',10,2.14,3.49,'13:29:00');
INSERT INTO "customer_purchases" VALUES (2,7,'2023-09-01',21,2.16,3.49,'8:54:00');
INSERT INTO "customer_purchases" VALUES (2,7,'2023-09-01',21,3.54,3.49,'8:55:00');
INSERT INTO "customer_purchases" VALUES (2,7,'2023-09-05',4,4.75,3.49,'18:15:00');
INSERT INTO "customer_purchases" VALUES (2,7,'2023-09-05',7,4.83,3.49,'16:51:00');
INSERT INTO "customer_purchases" VALUES (2,7,'2023-09-05',23,1.28,3.49,'18:15:00');
INSERT INTO "customer_purchases" VALUES (2,7,'2023-09-05',23,1.86,3.49,'18:54:00');
INSERT INTO "customer_purchases" VALUES (2,7,'2023-09-05',26,4.31,3.49,'17:30:00');
INSERT INTO "customer_purchases" VALUES (2,7,'2023-09-05',26,2.57,3.49,'18:17:00');
INSERT INTO "customer_purchases" VALUES (2,7,'2023-09-08',4,3.41,3.49,'13:49:00');
INSERT INTO "customer_purchases" VALUES (2,7,'2023-09-08',5,2.23,3.49,'13:57:00');
INSERT INTO "customer_purchases" VALUES (2,7,'2023-09-08',6,0.82,3.49,'11:42:00');
INSERT INTO "customer_purchases" VALUES (2,7,'2023-09-08',8,1.85,3.49,'9:26:00');
INSERT INTO "customer_purchases" VALUES (2,7,'2023-09-08',12,6.31,3.49,'9:39:00');
INSERT INTO "customer_purchases" VALUES (2,7,'2023-09-08',25,4.86,3.49,'11:32:00');
INSERT INTO "customer_purchases" VALUES (2,7,'2023-09-08',26,4.24,3.49,'13:54:00');
INSERT INTO "customer_purchases" VALUES (2,7,'2023-09-12',5,2.15,3.49,'17:29:00');
INSERT INTO "customer_purchases" VALUES (2,7,'2023-09-12',6,4.57,3.49,'18:45:00');
INSERT INTO "customer_purchases" VALUES (2,7,'2023-09-12',12,3.62,3.49,'16:45:00');
INSERT INTO "customer_purchases" VALUES (2,7,'2023-09-12',15,1.78,3.49,'18:49:00');
INSERT INTO "customer_purchases" VALUES (2,7,'2023-09-12',15,4.21,3.49,'18:52:00');
INSERT INTO "customer_purchases" VALUES (2,7,'2023-09-12',20,0.31,3.49,'18:32:00');
INSERT INTO "customer_purchases" VALUES (2,7,'2023-09-12',22,2.77,3.49,'18:45:00');
INSERT INTO "customer_purchases" VALUES (2,7,'2023-09-15',4,4.22,3.49,'12:47:00');
INSERT INTO "customer_purchases" VALUES (2,7,'2023-09-15',15,5.01,3,'12:47:00');
INSERT INTO "customer_purchases" VALUES (2,7,'2023-09-15',15,0.72,3.49,'13:16:00');
INSERT INTO "customer_purchases" VALUES (2,7,'2023-09-15',20,4.25,3.49,'11:16:00');
INSERT INTO "customer_purchases" VALUES (2,7,'2023-09-19',2,4.43,3.49,'16:39:00');
INSERT INTO "customer_purchases" VALUES (2,7,'2023-09-19',3,2.98,3.49,'18:29:00');
INSERT INTO "customer_purchases" VALUES (2,7,'2023-09-19',10,3.22,3.49,'18:26:00');
INSERT INTO "customer_purchases" VALUES (2,7,'2023-09-19',11,3.67,3.49,'18:40:00');
INSERT INTO "customer_purchases" VALUES (2,7,'2023-09-19',14,3.26,3.49,'16:48:00');
INSERT INTO "customer_purchases" VALUES (2,7,'2023-09-19',19,2.42,3.49,'18:53:00');
INSERT INTO "customer_purchases" VALUES (2,7,'2023-09-22',3,2.06,3.49,'13:50:00');
INSERT INTO "customer_purchases" VALUES (2,7,'2023-09-22',5,4.45,3.49,'11:31:00');
INSERT INTO "customer_purchases" VALUES (2,7,'2023-09-22',5,3.36,3.49,'11:54:00');
INSERT INTO "customer_purchases" VALUES (2,7,'2023-09-22',6,3.07,3.49,'12:30:00');
INSERT INTO "customer_purchases" VALUES (2,7,'2023-09-22',10,5.16,3.49,'9:57:00');
INSERT INTO "customer_purchases" VALUES (2,7,'2023-09-22',11,1.13,3.49,'13:06:00');
INSERT INTO "customer_purchases" VALUES (2,7,'2023-09-22',11,2.1,3.49,'13:13:00');
INSERT INTO "customer_purchases" VALUES (2,7,'2023-09-22',15,3.88,3.49,'11:24:00');
INSERT INTO "customer_purchases" VALUES (2,7,'2023-09-22',26,3.37,3.49,'12:13:00');
INSERT INTO "customer_purchases" VALUES (2,7,'2023-09-26',5,2.33,3.49,'17:21:00');
INSERT INTO "customer_purchases" VALUES (2,7,'2023-09-26',6,2.01,3.49,'16:41:00');
INSERT INTO "customer_purchases" VALUES (2,7,'2023-09-26',6,2.8,3.49,'17:35:00');
INSERT INTO "customer_purchases" VALUES (2,7,'2023-09-29',4,2.73,3.49,'10:42:00');
INSERT INTO "customer_purchases" VALUES (2,7,'2023-09-29',5,2.13,3.49,'10:21:00');
INSERT INTO "customer_purchases" VALUES (2,7,'2023-09-29',5,2.64,3.49,'11:02:00');
INSERT INTO "customer_purchases" VALUES (2,7,'2023-09-29',7,4.03,3.49,'11:26:00');
INSERT INTO "customer_purchases" VALUES (2,7,'2023-09-29',14,6.56,3.49,'10:19:00');
INSERT INTO "customer_purchases" VALUES (2,7,'2023-10-03',1,2.45,3.49,'18:36:00');
INSERT INTO "customer_purchases" VALUES (2,7,'2023-10-03',2,5.04,3.49,'18:06:00');
INSERT INTO "customer_purchases" VALUES (2,7,'2023-10-03',6,2.26,3.49,'18:04:00');
INSERT INTO "customer_purchases" VALUES (2,7,'2023-10-03',9,2.93,3.49,'18:33:00');
INSERT INTO "customer_purchases" VALUES (2,7,'2023-10-03',10,1.29,3.49,'18:07:00');
INSERT INTO "customer_purchases" VALUES (2,7,'2023-10-03',19,3.36,3.49,'18:53:00');
INSERT INTO "customer_purchases" VALUES (3,7,'2022-07-05',1,3,0.5,'17:36:00');
INSERT INTO "customer_purchases" VALUES (3,7,'2022-07-05',3,5,0.5,'18:10:00');
INSERT INTO "customer_purchases" VALUES (3,7,'2022-07-05',3,4,0.5,'18:32:00');
INSERT INTO "customer_purchases" VALUES (3,7,'2022-07-05',11,4,0.5,'18:52:00');
INSERT INTO "customer_purchases" VALUES (3,7,'2022-07-05',16,1,0.5,'18:22:00');
INSERT INTO "customer_purchases" VALUES (3,7,'2022-07-05',22,5,0.5,'18:11:00');
INSERT INTO "customer_purchases" VALUES (3,7,'2022-07-05',24,6,0.5,'18:55:00');
INSERT INTO "customer_purchases" VALUES (3,7,'2022-07-05',25,2,0.5,'18:18:00');
INSERT INTO "customer_purchases" VALUES (3,7,'2022-07-08',1,3,0.5,'13:03:00');
INSERT INTO "customer_purchases" VALUES (3,7,'2022-07-08',5,1,0.5,'11:50:00');
INSERT INTO "customer_purchases" VALUES (3,7,'2022-07-08',6,5,0.5,'11:51:00');
INSERT INTO "customer_purchases" VALUES (3,7,'2022-07-08',6,4,0.5,'12:19:00');
INSERT INTO "customer_purchases" VALUES (3,7,'2022-07-08',10,1,0.5,'9:52:00');
INSERT INTO "customer_purchases" VALUES (3,7,'2022-07-08',15,2,0.5,'9:14:00');
INSERT INTO "customer_purchases" VALUES (3,7,'2022-07-08',19,4,0.5,'9:54:00');
INSERT INTO "customer_purchases" VALUES (3,7,'2022-07-12',3,4,0.5,'16:44:00');
INSERT INTO "customer_purchases" VALUES (3,7,'2022-07-12',9,3,0.5,'17:27:00');
INSERT INTO "customer_purchases" VALUES (3,7,'2022-07-12',11,1,0.5,'18:35:00');
INSERT INTO "customer_purchases" VALUES (3,7,'2022-07-12',12,1,0.5,'17:45:00');
INSERT INTO "customer_purchases" VALUES (3,7,'2022-07-12',23,1,0.5,'18:50:00');
INSERT INTO "customer_purchases" VALUES (3,7,'2022-07-15',1,2,0.5,'11:50:00');
INSERT INTO "customer_purchases" VALUES (3,7,'2022-07-15',6,2,0.5,'11:03:00');
INSERT INTO "customer_purchases" VALUES (3,7,'2022-07-15',7,5,0.5,'10:20:00');
INSERT INTO "customer_purchases" VALUES (3,7,'2022-07-15',10,1,0.5,'11:21:00');
INSERT INTO "customer_purchases" VALUES (3,7,'2022-07-15',10,4,0.5,'11:59:00');
INSERT INTO "customer_purchases" VALUES (3,7,'2022-07-19',2,3,0.5,'18:45:00');
INSERT INTO "customer_purchases" VALUES (3,7,'2022-07-19',2,1,0.5,'18:56:00');
INSERT INTO "customer_purchases" VALUES (3,7,'2022-07-19',5,4,0.5,'18:45:00');
INSERT INTO "customer_purchases" VALUES (3,7,'2022-07-19',8,5,0.5,'16:08:00');
INSERT INTO "customer_purchases" VALUES (3,7,'2022-07-19',14,5,0.5,'17:47:00');
INSERT INTO "customer_purchases" VALUES (3,7,'2022-07-19',17,4,0.5,'18:36:00');
INSERT INTO "customer_purchases" VALUES (3,7,'2022-07-19',17,5,0.5,'18:53:00');
INSERT INTO "customer_purchases" VALUES (3,7,'2022-07-19',18,3,0.5,'17:44:00');
INSERT INTO "customer_purchases" VALUES (3,7,'2022-07-22',1,5,0.5,'13:28:00');
INSERT INTO "customer_purchases" VALUES (3,7,'2022-07-22',2,1,0.5,'12:16:00');
INSERT INTO "customer_purchases" VALUES (3,7,'2022-07-22',4,1,0.5,'9:29:00');
INSERT INTO "customer_purchases" VALUES (3,7,'2022-07-22',26,3,0.5,'13:24:00');
INSERT INTO "customer_purchases" VALUES (3,7,'2022-07-26',3,2,0.5,'18:59:00');
INSERT INTO "customer_purchases" VALUES (3,7,'2022-07-26',4,5,0.5,'18:36:00');
INSERT INTO "customer_purchases" VALUES (3,7,'2022-07-26',5,4,0.5,'18:38:00');
INSERT INTO "customer_purchases" VALUES (3,7,'2022-07-26',5,3,0.5,'18:53:00');
INSERT INTO "customer_purchases" VALUES (3,7,'2022-07-26',6,5,0.5,'16:50:00');
INSERT INTO "customer_purchases" VALUES (3,7,'2022-07-26',6,5,0.5,'17:16:00');
INSERT INTO "customer_purchases" VALUES (3,7,'2022-07-26',13,4,0.5,'18:57:00');
INSERT INTO "customer_purchases" VALUES (3,7,'2022-07-26',26,2,0.5,'16:29:00');
INSERT INTO "customer_purchases" VALUES (3,7,'2022-07-29',1,5,0.5,'13:48:00');
INSERT INTO "customer_purchases" VALUES (3,7,'2022-07-29',3,4,0.5,'11:41:00');
INSERT INTO "customer_purchases" VALUES (3,7,'2022-07-29',4,2,0.5,'12:46:00');
INSERT INTO "customer_purchases" VALUES (3,7,'2022-07-29',8,1,0.5,'13:47:00');
INSERT INTO "customer_purchases" VALUES (3,7,'2022-07-29',8,2,0.5,'13:53:00');
INSERT INTO "customer_purchases" VALUES (3,7,'2022-07-29',10,5,0.5,'10:34:00');
INSERT INTO "customer_purchases" VALUES (3,7,'2022-07-29',20,3,0.5,'13:32:00');
INSERT INTO "customer_purchases" VALUES (3,7,'2022-07-29',20,4,0.5,'13:59:00');
INSERT INTO "customer_purchases" VALUES (3,7,'2022-08-02',1,5,0.5,'16:33:00');
INSERT INTO "customer_purchases" VALUES (3,7,'2022-08-02',7,3,0.5,'18:51:00');
INSERT INTO "customer_purchases" VALUES (3,7,'2022-08-02',19,4,0.5,'18:11:00');
INSERT INTO "customer_purchases" VALUES (3,7,'2022-08-05',2,3,0.5,'8:27:00');
INSERT INTO "customer_purchases" VALUES (3,7,'2022-08-05',2,3,0.5,'9:25:00');
INSERT INTO "customer_purchases" VALUES (3,7,'2022-08-05',3,1,0.5,'9:28:00');
INSERT INTO "customer_purchases" VALUES (3,7,'2022-08-05',8,4,0.5,'11:22:00');
INSERT INTO "customer_purchases" VALUES (3,7,'2022-08-05',11,5,0.5,'12:33:00');
INSERT INTO "customer_purchases" VALUES (3,7,'2022-08-05',15,1,0.5,'11:35:00');
INSERT INTO "customer_purchases" VALUES (3,7,'2022-08-05',22,6,0.5,'12:07:00');
INSERT INTO "customer_purchases" VALUES (3,7,'2022-08-05',22,3,0.5,'12:22:00');
INSERT INTO "customer_purchases" VALUES (3,7,'2022-08-09',4,3,0.5,'16:48:00');
INSERT INTO "customer_purchases" VALUES (3,7,'2022-08-09',5,4,0.5,'18:15:00');
INSERT INTO "customer_purchases" VALUES (3,7,'2022-08-09',5,1,0.5,'18:53:00');
INSERT INTO "customer_purchases" VALUES (3,7,'2022-08-09',10,4,0.5,'18:48:00');
INSERT INTO "customer_purchases" VALUES (3,7,'2022-08-09',17,1,0.5,'16:34:00');
INSERT INTO "customer_purchases" VALUES (3,7,'2022-08-09',23,2,0.5,'18:36:00');
INSERT INTO "customer_purchases" VALUES (3,7,'2022-08-09',23,4,0.5,'18:51:00');
INSERT INTO "customer_purchases" VALUES (3,7,'2022-08-12',5,1,0.5,'10:34:00');
INSERT INTO "customer_purchases" VALUES (3,7,'2022-08-12',14,5,0.5,'9:35:00');
INSERT INTO "customer_purchases" VALUES (3,7,'2022-08-16',2,5,0.5,'18:49:00');
INSERT INTO "customer_purchases" VALUES (3,7,'2022-08-16',4,1,0.5,'17:31:00');
INSERT INTO "customer_purchases" VALUES (3,7,'2022-08-16',16,2,0.5,'18:37:00');
INSERT INTO "customer_purchases" VALUES (3,7,'2022-08-19',1,3,0.5,'13:55:00');
INSERT INTO "customer_purchases" VALUES (3,7,'2022-08-19',5,4,0.5,'13:44:00');
INSERT INTO "customer_purchases" VALUES (3,7,'2022-08-19',10,2,0.5,'9:26:00');
INSERT INTO "customer_purchases" VALUES (3,7,'2022-08-19',14,2,0.5,'9:28:00');
INSERT INTO "customer_purchases" VALUES (3,7,'2022-08-19',14,4,0.5,'9:31:00');
INSERT INTO "customer_purchases" VALUES (3,7,'2022-08-19',17,3,0.5,'13:17:00');
INSERT INTO "customer_purchases" VALUES (3,7,'2022-08-19',17,1,0.5,'13:30:00');
INSERT INTO "customer_purchases" VALUES (3,7,'2022-08-19',26,5,0.5,'13:44:00');
INSERT INTO "customer_purchases" VALUES (3,7,'2022-08-23',4,3,0.5,'17:34:00');
INSERT INTO "customer_purchases" VALUES (3,7,'2022-08-23',4,4,0.5,'18:09:00');
INSERT INTO "customer_purchases" VALUES (3,7,'2022-08-23',5,5,0.5,'17:22:00');
INSERT INTO "customer_purchases" VALUES (3,7,'2022-08-23',10,3,0.5,'17:18:00');
INSERT INTO "customer_purchases" VALUES (3,7,'2022-08-23',10,4,0.5,'17:19:00');
INSERT INTO "customer_purchases" VALUES (3,7,'2022-08-23',12,4,0.5,'18:52:00');
INSERT INTO "customer_purchases" VALUES (3,7,'2022-08-23',17,3,0.5,'18:59:00');
INSERT INTO "customer_purchases" VALUES (3,7,'2022-08-23',24,3,0.5,'18:56:00');
INSERT INTO "customer_purchases" VALUES (3,7,'2022-08-26',2,5,0.5,'9:12:00');
INSERT INTO "customer_purchases" VALUES (3,7,'2022-08-26',2,3,0.5,'9:46:00');
INSERT INTO "customer_purchases" VALUES (3,7,'2022-08-26',3,2,0.5,'10:32:00');
INSERT INTO "customer_purchases" VALUES (3,7,'2022-08-26',3,4,0.5,'11:36:00');
INSERT INTO "customer_purchases" VALUES (3,7,'2022-08-26',6,4,0.5,'8:56:00');
INSERT INTO "customer_purchases" VALUES (3,7,'2022-08-26',8,5,0.5,'11:47:00');
INSERT INTO "customer_purchases" VALUES (3,7,'2022-08-26',13,4,0.5,'13:02:00');
INSERT INTO "customer_purchases" VALUES (3,7,'2022-08-26',17,4,0.5,'8:47:00');
INSERT INTO "customer_purchases" VALUES (3,7,'2022-08-26',23,4,0.5,'13:28:00');
INSERT INTO "customer_purchases" VALUES (3,7,'2022-08-30',2,4,0.5,'16:28:00');
INSERT INTO "customer_purchases" VALUES (3,7,'2022-08-30',8,1,0.5,'17:40:00');
INSERT INTO "customer_purchases" VALUES (3,7,'2022-09-02',1,5,0.5,'11:38:00');
INSERT INTO "customer_purchases" VALUES (3,7,'2022-09-02',2,2,0.5,'11:02:00');
INSERT INTO "customer_purchases" VALUES (3,7,'2022-09-02',3,4,0.5,'8:47:00');
INSERT INTO "customer_purchases" VALUES (3,7,'2022-09-02',6,2,0.5,'13:37:00');
INSERT INTO "customer_purchases" VALUES (3,7,'2022-09-02',8,4,0.5,'12:51:00');
INSERT INTO "customer_purchases" VALUES (3,7,'2022-09-02',24,3,0.5,'10:19:00');
INSERT INTO "customer_purchases" VALUES (3,7,'2022-09-06',2,2,0.5,'18:39:00');
INSERT INTO "customer_purchases" VALUES (3,7,'2022-09-06',7,4,0.5,'17:09:00');
INSERT INTO "customer_purchases" VALUES (3,7,'2022-09-06',12,4,0.5,'17:09:00');
INSERT INTO "customer_purchases" VALUES (3,7,'2022-09-06',20,3,0.5,'17:20:00');
INSERT INTO "customer_purchases" VALUES (3,7,'2022-09-09',1,4,0.5,'12:08:00');
INSERT INTO "customer_purchases" VALUES (3,7,'2022-09-09',1,2,0.5,'12:22:00');
INSERT INTO "customer_purchases" VALUES (3,7,'2022-09-09',4,1,0.5,'13:53:00');
INSERT INTO "customer_purchases" VALUES (3,7,'2022-09-09',5,1,0.5,'12:46:00');
INSERT INTO "customer_purchases" VALUES (3,7,'2022-09-09',6,2,0.5,'11:31:00');
INSERT INTO "customer_purchases" VALUES (3,7,'2022-09-09',6,3,0.5,'11:53:00');
INSERT INTO "customer_purchases" VALUES (3,7,'2022-09-09',10,2,0.5,'13:21:00');
INSERT INTO "customer_purchases" VALUES (3,7,'2022-09-09',14,4,0.5,'13:25:00');
INSERT INTO "customer_purchases" VALUES (3,7,'2022-09-09',14,5,0.5,'13:28:00');
INSERT INTO "customer_purchases" VALUES (3,7,'2022-09-09',24,2,0.5,'9:23:00');
INSERT INTO "customer_purchases" VALUES (3,7,'2022-09-13',1,4,0.5,'16:28:00');
INSERT INTO "customer_purchases" VALUES (3,7,'2022-09-13',2,5,0.5,'17:21:00');
INSERT INTO "customer_purchases" VALUES (3,7,'2022-09-13',5,4,0.5,'18:54:00');
INSERT INTO "customer_purchases" VALUES (3,7,'2022-09-13',6,3,0.5,'17:06:00');
INSERT INTO "customer_purchases" VALUES (3,7,'2022-09-13',22,5,0.5,'18:41:00');
INSERT INTO "customer_purchases" VALUES (3,7,'2022-09-16',12,4,0.5,'11:10:00');
INSERT INTO "customer_purchases" VALUES (3,7,'2022-09-16',14,4,0.5,'9:09:00');
INSERT INTO "customer_purchases" VALUES (3,7,'2022-09-16',17,2,0.5,'12:32:00');
INSERT INTO "customer_purchases" VALUES (3,7,'2022-09-16',25,5,0.5,'12:47:00');
INSERT INTO "customer_purchases" VALUES (3,7,'2022-09-16',25,3,0.5,'13:22:00');
INSERT INTO "customer_purchases" VALUES (3,7,'2022-09-20',8,1,0.5,'17:14:00');
INSERT INTO "customer_purchases" VALUES (3,7,'2022-09-20',9,5,0.5,'17:16:00');
INSERT INTO "customer_purchases" VALUES (3,7,'2022-09-20',17,3,0.5,'18:48:00');
INSERT INTO "customer_purchases" VALUES (3,7,'2022-09-20',18,2,0.5,'18:52:00');
INSERT INTO "customer_purchases" VALUES (3,7,'2022-09-20',18,2,0.5,'18:54:00');
INSERT INTO "customer_purchases" VALUES (3,7,'2022-09-23',2,3,0.5,'9:24:00');
INSERT INTO "customer_purchases" VALUES (3,7,'2022-09-23',5,4,0.5,'12:54:00');
INSERT INTO "customer_purchases" VALUES (3,7,'2022-09-23',6,5,0.5,'13:42:00');
INSERT INTO "customer_purchases" VALUES (3,7,'2022-09-23',13,5,0.5,'10:56:00');
INSERT INTO "customer_purchases" VALUES (3,7,'2022-09-23',13,1,0.5,'11:05:00');
INSERT INTO "customer_purchases" VALUES (3,7,'2022-09-27',1,1,0.5,'18:59:00');
INSERT INTO "customer_purchases" VALUES (3,7,'2022-09-27',3,2,0.5,'17:39:00');
INSERT INTO "customer_purchases" VALUES (3,7,'2022-09-27',7,3,0.5,'16:36:00');
INSERT INTO "customer_purchases" VALUES (3,7,'2022-09-27',10,2,0.5,'17:30:00');
INSERT INTO "customer_purchases" VALUES (3,7,'2022-09-27',12,5,0.5,'18:19:00');
INSERT INTO "customer_purchases" VALUES (3,7,'2022-09-27',12,4,0.5,'18:35:00');
INSERT INTO "customer_purchases" VALUES (3,7,'2022-09-27',15,1,0.5,'16:26:00');
INSERT INTO "customer_purchases" VALUES (3,7,'2022-09-30',3,2,0.5,'13:31:00');
INSERT INTO "customer_purchases" VALUES (3,7,'2022-09-30',7,3,0.5,'13:17:00');
INSERT INTO "customer_purchases" VALUES (3,7,'2022-09-30',8,3,0.5,'13:54:00');
INSERT INTO "customer_purchases" VALUES (3,7,'2022-09-30',9,5,0.5,'11:17:00');
INSERT INTO "customer_purchases" VALUES (3,7,'2022-09-30',12,3,0.5,'12:56:00');
INSERT INTO "customer_purchases" VALUES (3,7,'2022-09-30',18,5,0.5,'10:47:00');
INSERT INTO "customer_purchases" VALUES (3,7,'2022-09-30',19,8,0.5,'13:32:00');
INSERT INTO "customer_purchases" VALUES (3,7,'2022-09-30',21,3,0.5,'9:05:00');
INSERT INTO "customer_purchases" VALUES (3,7,'2023-07-04',1,5,0.5,'18:23:00');
INSERT INTO "customer_purchases" VALUES (3,7,'2023-07-04',3,3,0.5,'16:34:00');
INSERT INTO "customer_purchases" VALUES (3,7,'2023-07-04',3,3,0.5,'16:38:00');
INSERT INTO "customer_purchases" VALUES (3,7,'2023-07-04',4,4,0.5,'16:18:00');
INSERT INTO "customer_purchases" VALUES (3,7,'2023-07-04',4,4,0.5,'17:19:00');
INSERT INTO "customer_purchases" VALUES (3,7,'2023-07-04',5,2,0.5,'17:03:00');
INSERT INTO "customer_purchases" VALUES (3,7,'2023-07-04',8,1,0.5,'17:46:00');
INSERT INTO "customer_purchases" VALUES (3,7,'2023-07-04',13,1,0.5,'18:48:00');
INSERT INTO "customer_purchases" VALUES (3,7,'2023-07-04',15,2,0.5,'18:34:00');
INSERT INTO "customer_purchases" VALUES (3,7,'2023-07-04',15,3,0.5,'18:52:00');
INSERT INTO "customer_purchases" VALUES (3,7,'2023-07-07',6,4,0.5,'12:06:00');
INSERT INTO "customer_purchases" VALUES (3,7,'2023-07-07',7,5,0.5,'8:49:00');
INSERT INTO "customer_purchases" VALUES (3,7,'2023-07-07',8,2,0.5,'12:15:00');
INSERT INTO "customer_purchases" VALUES (3,7,'2023-07-07',9,4,0.5,'11:20:00');
INSERT INTO "customer_purchases" VALUES (3,7,'2023-07-07',10,3,0.5,'13:12:00');
INSERT INTO "customer_purchases" VALUES (3,7,'2023-07-07',19,4,0.5,'13:38:00');
INSERT INTO "customer_purchases" VALUES (3,7,'2023-07-07',26,3,0.5,'12:09:00');
INSERT INTO "customer_purchases" VALUES (3,7,'2023-07-07',26,4,0.5,'12:47:00');
INSERT INTO "customer_purchases" VALUES (3,7,'2023-07-11',3,4,0.5,'18:52:00');
INSERT INTO "customer_purchases" VALUES (3,7,'2023-07-11',4,4,0.5,'17:11:00');
INSERT INTO "customer_purchases" VALUES (3,7,'2023-07-11',5,3,0.5,'18:54:00');
INSERT INTO "customer_purchases" VALUES (3,7,'2023-07-11',5,1,0.5,'18:55:00');
INSERT INTO "customer_purchases" VALUES (3,7,'2023-07-11',10,2,0.5,'18:42:00');
INSERT INTO "customer_purchases" VALUES (3,7,'2023-07-14',1,5,0.5,'8:41:00');
INSERT INTO "customer_purchases" VALUES (3,7,'2023-07-14',2,3,0.5,'13:49:00');
INSERT INTO "customer_purchases" VALUES (3,7,'2023-07-14',2,2,0.5,'13:59:00');
INSERT INTO "customer_purchases" VALUES (3,7,'2023-07-14',5,3,0.5,'10:21:00');
INSERT INTO "customer_purchases" VALUES (3,7,'2023-07-14',10,2,0.5,'11:35:00');
INSERT INTO "customer_purchases" VALUES (3,7,'2023-07-14',14,3,0.5,'13:52:00');
INSERT INTO "customer_purchases" VALUES (3,7,'2023-07-14',14,3,0.5,'13:56:00');
INSERT INTO "customer_purchases" VALUES (3,7,'2023-07-14',19,4,0.5,'13:45:00');
INSERT INTO "customer_purchases" VALUES (3,7,'2023-07-14',19,2,0.5,'13:53:00');
INSERT INTO "customer_purchases" VALUES (3,7,'2023-07-14',26,2,0.5,'12:44:00');
INSERT INTO "customer_purchases" VALUES (3,7,'2023-07-14',26,2,0.5,'13:28:00');
INSERT INTO "customer_purchases" VALUES (3,7,'2023-07-18',4,2,0.5,'16:09:00');
INSERT INTO "customer_purchases" VALUES (3,7,'2023-07-18',4,5,0.5,'16:47:00');
INSERT INTO "customer_purchases" VALUES (3,7,'2023-07-18',8,2,0.5,'18:10:00');
INSERT INTO "customer_purchases" VALUES (3,7,'2023-07-18',15,5,0.5,'16:54:00');
INSERT INTO "customer_purchases" VALUES (3,7,'2023-07-18',15,4,0.5,'17:24:00');
INSERT INTO "customer_purchases" VALUES (3,7,'2023-07-18',19,3,0.5,'17:06:00');
INSERT INTO "customer_purchases" VALUES (3,7,'2023-07-18',19,2,0.5,'17:41:00');
INSERT INTO "customer_purchases" VALUES (3,7,'2023-07-18',20,3,0.5,'18:02:00');
INSERT INTO "customer_purchases" VALUES (3,7,'2023-07-21',1,1,0.5,'10:52:00');
INSERT INTO "customer_purchases" VALUES (3,7,'2023-07-21',1,3,0.5,'11:26:00');
INSERT INTO "customer_purchases" VALUES (3,7,'2023-07-21',3,2,0.5,'13:30:00');
INSERT INTO "customer_purchases" VALUES (3,7,'2023-07-21',5,4,0.5,'11:05:00');
INSERT INTO "customer_purchases" VALUES (3,7,'2023-07-21',5,5,0.5,'11:15:00');
INSERT INTO "customer_purchases" VALUES (3,7,'2023-07-21',6,4,0.5,'10:01:00');
INSERT INTO "customer_purchases" VALUES (3,7,'2023-07-21',8,2,0.5,'11:59:00');
INSERT INTO "customer_purchases" VALUES (3,7,'2023-07-21',20,3,0.5,'12:09:00');
INSERT INTO "customer_purchases" VALUES (3,7,'2023-07-21',20,5,0.5,'12:37:00');
INSERT INTO "customer_purchases" VALUES (3,7,'2023-07-25',2,2,0.5,'18:29:00');
INSERT INTO "customer_purchases" VALUES (3,7,'2023-07-25',3,3,0.5,'17:16:00');
INSERT INTO "customer_purchases" VALUES (3,7,'2023-07-25',10,2,0.5,'17:47:00');
INSERT INTO "customer_purchases" VALUES (3,7,'2023-07-25',15,3,0.5,'17:33:00');
INSERT INTO "customer_purchases" VALUES (3,7,'2023-07-25',18,4,0.5,'17:34:00');
INSERT INTO "customer_purchases" VALUES (3,7,'2023-07-28',3,2,0.5,'13:34:00');
INSERT INTO "customer_purchases" VALUES (3,7,'2023-07-28',7,1,0.5,'9:21:00');
INSERT INTO "customer_purchases" VALUES (3,7,'2023-07-28',10,3,0.5,'11:32:00');
INSERT INTO "customer_purchases" VALUES (3,7,'2023-07-28',14,5,0.5,'11:07:00');
INSERT INTO "customer_purchases" VALUES (3,7,'2023-07-28',17,5,0.5,'11:16:00');
INSERT INTO "customer_purchases" VALUES (3,7,'2023-07-28',17,1,0.5,'11:57:00');
INSERT INTO "customer_purchases" VALUES (3,7,'2023-07-28',21,4,0.5,'10:23:00');
INSERT INTO "customer_purchases" VALUES (3,7,'2023-08-01',2,3,0.5,'18:56:00');
INSERT INTO "customer_purchases" VALUES (3,7,'2023-08-01',3,4,0.5,'18:30:00');
INSERT INTO "customer_purchases" VALUES (3,7,'2023-08-01',5,2,0.5,'18:17:00');
INSERT INTO "customer_purchases" VALUES (3,7,'2023-08-01',6,2,0.5,'17:05:00');
INSERT INTO "customer_purchases" VALUES (3,7,'2023-08-01',7,4,0.5,'18:19:00');
INSERT INTO "customer_purchases" VALUES (3,7,'2023-08-01',7,4,0.5,'18:32:00');
INSERT INTO "customer_purchases" VALUES (3,7,'2023-08-01',11,1,0.5,'17:23:00');
INSERT INTO "customer_purchases" VALUES (3,7,'2023-08-01',13,3,0.5,'17:37:00');
INSERT INTO "customer_purchases" VALUES (3,7,'2023-08-01',19,5,0.5,'17:34:00');
INSERT INTO "customer_purchases" VALUES (3,7,'2023-08-04',2,2,0.5,'9:17:00');
INSERT INTO "customer_purchases" VALUES (3,7,'2023-08-04',5,1,0.5,'9:42:00');
INSERT INTO "customer_purchases" VALUES (3,7,'2023-08-04',7,4,0.5,'8:19:00');
INSERT INTO "customer_purchases" VALUES (3,7,'2023-08-04',22,4,0.5,'9:26:00');
INSERT INTO "customer_purchases" VALUES (3,7,'2023-08-08',1,4,0.5,'18:34:00');
INSERT INTO "customer_purchases" VALUES (3,7,'2023-08-08',1,5,0.5,'18:46:00');
INSERT INTO "customer_purchases" VALUES (3,7,'2023-08-08',3,3,0.5,'17:29:00');
INSERT INTO "customer_purchases" VALUES (3,7,'2023-08-08',3,3,0.5,'18:07:00');
INSERT INTO "customer_purchases" VALUES (3,7,'2023-08-08',4,1,0.5,'16:46:00');
INSERT INTO "customer_purchases" VALUES (3,7,'2023-08-08',4,2,0.5,'17:01:00');
INSERT INTO "customer_purchases" VALUES (3,7,'2023-08-08',6,1,0.5,'18:03:00');
INSERT INTO "customer_purchases" VALUES (3,7,'2023-08-08',7,5,0.5,'18:53:00');
INSERT INTO "customer_purchases" VALUES (3,7,'2023-08-08',12,2,0.5,'18:19:00');
INSERT INTO "customer_purchases" VALUES (3,7,'2023-08-08',12,3,0.5,'18:23:00');
INSERT INTO "customer_purchases" VALUES (3,7,'2023-08-08',15,2,0.5,'16:22:00');
INSERT INTO "customer_purchases" VALUES (3,7,'2023-08-08',15,3,0.5,'17:05:00');
INSERT INTO "customer_purchases" VALUES (3,7,'2023-08-08',17,1,0.5,'18:38:00');
INSERT INTO "customer_purchases" VALUES (3,7,'2023-08-08',21,4,0.5,'18:54:00');
INSERT INTO "customer_purchases" VALUES (3,7,'2023-08-11',4,3,0.5,'10:38:00');
INSERT INTO "customer_purchases" VALUES (3,7,'2023-08-11',4,4,0.5,'10:58:00');
INSERT INTO "customer_purchases" VALUES (3,7,'2023-08-11',5,3,0.5,'13:37:00');
INSERT INTO "customer_purchases" VALUES (3,7,'2023-08-11',5,3,0.5,'13:54:00');
INSERT INTO "customer_purchases" VALUES (3,7,'2023-08-11',11,2,0.5,'13:20:00');
INSERT INTO "customer_purchases" VALUES (3,7,'2023-08-11',11,5,0.5,'13:34:00');
INSERT INTO "customer_purchases" VALUES (3,7,'2023-08-11',12,2,0.5,'9:54:00');
INSERT INTO "customer_purchases" VALUES (3,7,'2023-08-11',13,2,0.5,'9:38:00');
INSERT INTO "customer_purchases" VALUES (3,7,'2023-08-11',13,2,0.5,'9:47:00');
INSERT INTO "customer_purchases" VALUES (3,7,'2023-08-11',15,3,0.5,'13:54:00');
INSERT INTO "customer_purchases" VALUES (3,7,'2023-08-11',22,2,0.5,'10:04:00');
INSERT INTO "customer_purchases" VALUES (3,7,'2023-08-15',1,4,0.5,'18:51:00');
INSERT INTO "customer_purchases" VALUES (3,7,'2023-08-15',6,1,0.5,'18:42:00');
INSERT INTO "customer_purchases" VALUES (3,7,'2023-08-15',13,2,0.5,'18:53:00');
INSERT INTO "customer_purchases" VALUES (3,7,'2023-08-15',14,1,0.5,'16:45:00');
INSERT INTO "customer_purchases" VALUES (3,7,'2023-08-15',14,3,0.5,'16:48:00');
INSERT INTO "customer_purchases" VALUES (3,7,'2023-08-15',18,3,0.5,'17:19:00');
INSERT INTO "customer_purchases" VALUES (3,7,'2023-08-18',4,4,0.5,'13:37:00');
INSERT INTO "customer_purchases" VALUES (3,7,'2023-08-18',16,3,0.5,'12:00:00');
INSERT INTO "customer_purchases" VALUES (3,7,'2023-08-18',16,5,0.5,'12:59:00');
INSERT INTO "customer_purchases" VALUES (3,7,'2023-08-22',1,2,0.5,'17:56:00');
INSERT INTO "customer_purchases" VALUES (3,7,'2023-08-22',11,5,0.5,'17:07:00');
INSERT INTO "customer_purchases" VALUES (3,7,'2023-08-22',24,4,0.5,'18:30:00');
INSERT INTO "customer_purchases" VALUES (3,7,'2023-08-25',2,5,0.5,'12:27:00');
INSERT INTO "customer_purchases" VALUES (3,7,'2023-08-25',6,4,0.5,'12:50:00');
INSERT INTO "customer_purchases" VALUES (3,7,'2023-08-25',7,1,0.5,'13:36:00');
INSERT INTO "customer_purchases" VALUES (3,7,'2023-08-25',7,2,0.5,'13:57:00');
INSERT INTO "customer_purchases" VALUES (3,7,'2023-08-25',8,4,0.5,'8:57:00');
INSERT INTO "customer_purchases" VALUES (3,7,'2023-08-25',8,4,0.5,'9:27:00');
INSERT INTO "customer_purchases" VALUES (3,7,'2023-08-25',10,5,0.5,'13:40:00');
INSERT INTO "customer_purchases" VALUES (3,7,'2023-08-25',12,2,0.5,'9:41:00');
INSERT INTO "customer_purchases" VALUES (3,7,'2023-08-29',1,2,0.5,'17:32:00');
INSERT INTO "customer_purchases" VALUES (3,7,'2023-08-29',5,4,0.5,'18:58:00');
INSERT INTO "customer_purchases" VALUES (3,7,'2023-08-29',8,2,0.5,'17:44:00');
INSERT INTO "customer_purchases" VALUES (3,7,'2023-08-29',17,2,0.5,'17:58:00');
INSERT INTO "customer_purchases" VALUES (3,7,'2023-08-29',22,5,0.5,'18:34:00');
INSERT INTO "customer_purchases" VALUES (3,7,'2023-09-01',4,5,0.5,'11:06:00');
INSERT INTO "customer_purchases" VALUES (3,7,'2023-09-01',8,2,0.5,'13:19:00');
INSERT INTO "customer_purchases" VALUES (3,7,'2023-09-01',8,3,0.5,'13:58:00');
INSERT INTO "customer_purchases" VALUES (3,7,'2023-09-01',9,5,0.5,'12:33:00');
INSERT INTO "customer_purchases" VALUES (3,7,'2023-09-01',11,4,0.5,'11:44:00');
INSERT INTO "customer_purchases" VALUES (3,7,'2023-09-01',13,1,0.5,'13:10:00');
INSERT INTO "customer_purchases" VALUES (3,7,'2023-09-01',13,3,0.5,'13:11:00');
INSERT INTO "customer_purchases" VALUES (3,7,'2023-09-01',14,4,0.5,'12:02:00');
INSERT INTO "customer_purchases" VALUES (3,7,'2023-09-01',14,2,0.5,'12:58:00');
INSERT INTO "customer_purchases" VALUES (3,7,'2023-09-05',1,3,0.5,'18:53:00');
INSERT INTO "customer_purchases" VALUES (3,7,'2023-09-05',5,2,0.5,'17:16:00');
INSERT INTO "customer_purchases" VALUES (3,7,'2023-09-05',7,1,0.5,'17:54:00');
INSERT INTO "customer_purchases" VALUES (3,7,'2023-09-05',9,4,0.5,'18:43:00');
INSERT INTO "customer_purchases" VALUES (3,7,'2023-09-05',23,7,0.5,'18:14:00');
INSERT INTO "customer_purchases" VALUES (3,7,'2023-09-05',26,6,0.5,'18:04:00');
INSERT INTO "customer_purchases" VALUES (3,7,'2023-09-08',4,5,0.5,'11:34:00');
INSERT INTO "customer_purchases" VALUES (3,7,'2023-09-08',9,4,0.5,'10:01:00');
INSERT INTO "customer_purchases" VALUES (3,7,'2023-09-08',10,5,0.5,'11:40:00');
INSERT INTO "customer_purchases" VALUES (3,7,'2023-09-08',10,3,0.5,'12:10:00');
INSERT INTO "customer_purchases" VALUES (3,7,'2023-09-12',2,2,0.5,'18:59:00');
INSERT INTO "customer_purchases" VALUES (3,7,'2023-09-12',3,3,0.5,'18:48:00');
INSERT INTO "customer_purchases" VALUES (3,7,'2023-09-12',7,4,0.5,'16:53:00');
INSERT INTO "customer_purchases" VALUES (3,7,'2023-09-12',12,3,0.5,'18:47:00');
INSERT INTO "customer_purchases" VALUES (3,7,'2023-09-12',20,4,0.5,'18:42:00');
INSERT INTO "customer_purchases" VALUES (3,7,'2023-09-12',21,7,0.5,'16:43:00');
INSERT INTO "customer_purchases" VALUES (3,7,'2023-09-15',3,2,0.5,'11:24:00');
INSERT INTO "customer_purchases" VALUES (3,7,'2023-09-15',6,1,0.5,'13:33:00');
INSERT INTO "customer_purchases" VALUES (3,7,'2023-09-15',13,2,0.5,'10:51:00');
INSERT INTO "customer_purchases" VALUES (3,7,'2023-09-15',14,5,0.5,'8:34:00');
INSERT INTO "customer_purchases" VALUES (3,7,'2023-09-15',14,2,0.5,'8:41:00');
INSERT INTO "customer_purchases" VALUES (3,7,'2023-09-15',17,5,0.5,'11:04:00');
INSERT INTO "customer_purchases" VALUES (3,7,'2023-09-19',1,3,0.5,'18:31:00');
INSERT INTO "customer_purchases" VALUES (3,7,'2023-09-19',6,2,0.5,'18:03:00');
INSERT INTO "customer_purchases" VALUES (3,7,'2023-09-19',7,3,0.5,'17:28:00');
INSERT INTO "customer_purchases" VALUES (3,7,'2023-09-19',11,4,0.5,'18:52:00');
INSERT INTO "customer_purchases" VALUES (3,7,'2023-09-19',22,2,0.5,'18:34:00');
INSERT INTO "customer_purchases" VALUES (3,7,'2023-09-22',1,2,0.5,'9:45:00');
INSERT INTO "customer_purchases" VALUES (3,7,'2023-09-22',6,3,0.5,'12:39:00');
INSERT INTO "customer_purchases" VALUES (3,7,'2023-09-22',10,4,0.5,'12:50:00');
INSERT INTO "customer_purchases" VALUES (3,7,'2023-09-22',11,5,0.5,'11:59:00');
INSERT INTO "customer_purchases" VALUES (3,7,'2023-09-22',13,5,0.5,'10:59:00');
INSERT INTO "customer_purchases" VALUES (3,7,'2023-09-22',13,5,0.5,'11:09:00');
INSERT INTO "customer_purchases" VALUES (3,7,'2023-09-22',15,3,0.5,'10:56:00');
INSERT INTO "customer_purchases" VALUES (3,7,'2023-09-22',22,4,0.5,'10:24:00');
INSERT INTO "customer_purchases" VALUES (3,7,'2023-09-26',1,4,0.5,'17:11:00');
INSERT INTO "customer_purchases" VALUES (3,7,'2023-09-26',1,5,0.5,'18:01:00');
INSERT INTO "customer_purchases" VALUES (3,7,'2023-09-26',11,1,0.5,'18:37:00');
INSERT INTO "customer_purchases" VALUES (3,7,'2023-09-26',16,2,0.5,'18:52:00');
INSERT INTO "customer_purchases" VALUES (3,7,'2023-09-26',19,4,0.5,'18:35:00');
INSERT INTO "customer_purchases" VALUES (3,7,'2023-09-29',1,5,0.5,'8:51:00');
INSERT INTO "customer_purchases" VALUES (3,7,'2023-09-29',14,4,0.5,'8:57:00');
INSERT INTO "customer_purchases" VALUES (3,7,'2023-09-29',14,3,0.5,'8:58:00');
INSERT INTO "customer_purchases" VALUES (3,7,'2023-09-29',21,2,0.5,'13:53:00');
INSERT INTO "customer_purchases" VALUES (3,7,'2023-09-29',23,2,0.5,'12:07:00');
INSERT INTO "customer_purchases" VALUES (3,7,'2023-09-29',24,5,0.5,'10:41:00');
INSERT INTO "customer_purchases" VALUES (3,7,'2023-09-29',24,3,0.5,'11:08:00');
INSERT INTO "customer_purchases" VALUES (3,7,'2023-10-03',1,4,0.5,'18:10:00');
INSERT INTO "customer_purchases" VALUES (3,7,'2023-10-03',1,3,0.5,'18:18:00');
INSERT INTO "customer_purchases" VALUES (3,7,'2023-10-03',6,1,0.5,'18:01:00');
INSERT INTO "customer_purchases" VALUES (3,7,'2023-10-03',11,2,0.5,'17:50:00');
INSERT INTO "customer_purchases" VALUES (3,7,'2023-10-03',14,2,0.5,'17:05:00');
INSERT INTO "customer_purchases" VALUES (3,7,'2023-10-03',15,2,0.5,'18:49:00');
INSERT INTO "customer_purchases" VALUES (4,7,'2022-04-05',3,1,4,'18:44:00');
INSERT INTO "customer_purchases" VALUES (4,7,'2022-04-05',4,1,4,'18:09:00');
INSERT INTO "customer_purchases" VALUES (4,7,'2022-04-05',5,3,4,'18:54:00');
INSERT INTO "customer_purchases" VALUES (4,7,'2022-04-05',6,4,4,'18:49:00');
INSERT INTO "customer_purchases" VALUES (4,7,'2022-04-05',7,5,4,'17:59:00');
INSERT INTO "customer_purchases" VALUES (4,7,'2022-04-05',12,3,4,'18:35:00');
INSERT INTO "customer_purchases" VALUES (4,7,'2022-04-05',16,2,4,'18:58:00');
INSERT INTO "customer_purchases" VALUES (4,7,'2022-04-08',2,5,4,'9:34:00');
INSERT INTO "customer_purchases" VALUES (4,7,'2022-04-08',5,1,4,'11:51:00');
INSERT INTO "customer_purchases" VALUES (4,7,'2022-04-08',12,5,4,'8:12:00');
INSERT INTO "customer_purchases" VALUES (4,7,'2022-04-08',12,5,4,'8:41:00');
INSERT INTO "customer_purchases" VALUES (4,7,'2022-04-08',14,2,4,'13:16:00');
INSERT INTO "customer_purchases" VALUES (4,7,'2022-04-08',14,2,4,'13:50:00');
INSERT INTO "customer_purchases" VALUES (4,7,'2022-04-08',16,5,4,'13:12:00');
INSERT INTO "customer_purchases" VALUES (4,7,'2022-04-08',16,3,4,'13:34:00');
INSERT INTO "customer_purchases" VALUES (4,7,'2022-04-12',4,5,4,'16:48:00');
INSERT INTO "customer_purchases" VALUES (4,7,'2022-04-12',4,3,4,'17:27:00');
INSERT INTO "customer_purchases" VALUES (4,7,'2022-04-12',5,4,4,'18:53:00');
INSERT INTO "customer_purchases" VALUES (4,7,'2022-04-12',5,5,4,'18:57:00');
INSERT INTO "customer_purchases" VALUES (4,7,'2022-04-12',12,4,4,'16:45:00');
INSERT INTO "customer_purchases" VALUES (4,7,'2022-04-12',12,2,4,'16:58:00');
INSERT INTO "customer_purchases" VALUES (4,7,'2022-04-15',2,2,4,'9:19:00');
INSERT INTO "customer_purchases" VALUES (4,7,'2022-04-15',3,4,4,'10:50:00');
INSERT INTO "customer_purchases" VALUES (4,7,'2022-04-15',3,1,4,'11:33:00');
INSERT INTO "customer_purchases" VALUES (4,7,'2022-04-15',4,2,4,'10:17:00');
INSERT INTO "customer_purchases" VALUES (4,7,'2022-04-15',5,5,4,'11:49:00');
INSERT INTO "customer_purchases" VALUES (4,7,'2022-04-15',11,1,4,'8:42:00');
INSERT INTO "customer_purchases" VALUES (4,7,'2022-04-15',11,2,4,'8:48:00');
INSERT INTO "customer_purchases" VALUES (4,7,'2022-04-15',13,4,4,'10:29:00');
INSERT INTO "customer_purchases" VALUES (4,7,'2022-04-15',13,5,4,'11:03:00');
INSERT INTO "customer_purchases" VALUES (4,7,'2022-04-19',1,5,3.5,'16:09:00');
INSERT INTO "customer_purchases" VALUES (4,7,'2022-04-19',2,2,3.5,'18:39:00');
INSERT INTO "customer_purchases" VALUES (4,7,'2022-04-19',2,5,3.5,'18:43:00');
INSERT INTO "customer_purchases" VALUES (4,7,'2022-04-19',4,4,3.5,'17:51:00');
INSERT INTO "customer_purchases" VALUES (4,7,'2022-04-19',4,4,3.5,'18:11:00');
INSERT INTO "customer_purchases" VALUES (4,7,'2022-04-19',6,4,3.5,'17:29:00');
INSERT INTO "customer_purchases" VALUES (4,7,'2022-04-19',7,3,3.5,'18:52:00');
INSERT INTO "customer_purchases" VALUES (4,7,'2022-04-19',9,3,3.5,'17:11:00');
INSERT INTO "customer_purchases" VALUES (4,7,'2022-04-19',9,4,3.5,'17:45:00');
INSERT INTO "customer_purchases" VALUES (4,7,'2022-04-19',10,1,3.5,'17:16:00');
INSERT INTO "customer_purchases" VALUES (4,7,'2022-04-22',2,4,4,'13:36:00');
INSERT INTO "customer_purchases" VALUES (4,7,'2022-04-22',2,1,4,'13:44:00');
INSERT INTO "customer_purchases" VALUES (4,7,'2022-04-22',5,1,4,'13:27:00');
INSERT INTO "customer_purchases" VALUES (4,7,'2022-04-22',7,4,4,'9:58:00');
INSERT INTO "customer_purchases" VALUES (4,7,'2022-04-22',8,3,4,'12:54:00');
INSERT INTO "customer_purchases" VALUES (4,7,'2022-04-22',11,4,4,'13:30:00');
INSERT INTO "customer_purchases" VALUES (4,7,'2022-04-22',11,2,4,'13:42:00');
INSERT INTO "customer_purchases" VALUES (4,7,'2022-04-22',12,1,4,'11:51:00');
INSERT INTO "customer_purchases" VALUES (4,7,'2022-04-26',1,3,4,'18:22:00');
INSERT INTO "customer_purchases" VALUES (4,7,'2022-04-26',2,4,4,'18:35:00');
INSERT INTO "customer_purchases" VALUES (4,7,'2022-04-26',3,5,4,'18:39:00');
INSERT INTO "customer_purchases" VALUES (4,7,'2022-04-26',4,3,4,'16:59:00');
INSERT INTO "customer_purchases" VALUES (4,7,'2022-04-26',8,5,4,'18:45:00');
INSERT INTO "customer_purchases" VALUES (4,7,'2022-04-26',11,1,4,'18:15:00');
INSERT INTO "customer_purchases" VALUES (4,7,'2022-04-26',13,1,4,'16:27:00');
INSERT INTO "customer_purchases" VALUES (4,7,'2022-04-26',13,2,4,'17:15:00');
INSERT INTO "customer_purchases" VALUES (4,7,'2022-04-26',18,3,4,'17:37:00');
INSERT INTO "customer_purchases" VALUES (4,7,'2022-04-29',1,1,3.5,'12:26:00');
INSERT INTO "customer_purchases" VALUES (4,7,'2022-04-29',2,5,3.5,'13:19:00');
INSERT INTO "customer_purchases" VALUES (4,7,'2022-04-29',2,5,3.5,'13:54:00');
INSERT INTO "customer_purchases" VALUES (4,7,'2022-04-29',4,3,3.5,'12:28:00');
INSERT INTO "customer_purchases" VALUES (4,7,'2022-04-29',12,3,3.5,'13:32:00');
INSERT INTO "customer_purchases" VALUES (4,7,'2022-04-29',13,4,3.5,'11:43:00');
INSERT INTO "customer_purchases" VALUES (4,7,'2022-04-29',13,2,3.5,'11:58:00');
INSERT INTO "customer_purchases" VALUES (4,7,'2022-04-29',16,3,3.5,'10:52:00');
INSERT INTO "customer_purchases" VALUES (4,7,'2022-04-29',17,3,3.5,'10:46:00');
INSERT INTO "customer_purchases" VALUES (4,7,'2022-05-03',1,4,4,'18:49:00');
INSERT INTO "customer_purchases" VALUES (4,7,'2022-05-03',1,4,4,'18:59:00');
INSERT INTO "customer_purchases" VALUES (4,7,'2022-05-03',3,4,4,'17:10:00');
INSERT INTO "customer_purchases" VALUES (4,7,'2022-05-03',4,2,4,'16:47:00');
INSERT INTO "customer_purchases" VALUES (4,7,'2022-05-03',4,5,4,'17:39:00');
INSERT INTO "customer_purchases" VALUES (4,7,'2022-05-03',16,2,4,'18:57:00');
INSERT INTO "customer_purchases" VALUES (4,7,'2022-05-06',2,1,4,'11:24:00');
INSERT INTO "customer_purchases" VALUES (4,7,'2022-05-06',4,1,4,'10:22:00');
INSERT INTO "customer_purchases" VALUES (4,7,'2022-05-06',6,1,4,'11:01:00');
INSERT INTO "customer_purchases" VALUES (4,7,'2022-05-06',6,1,4,'11:14:00');
INSERT INTO "customer_purchases" VALUES (4,7,'2022-05-06',7,4,4,'11:48:00');
INSERT INTO "customer_purchases" VALUES (4,7,'2022-05-06',10,2,4,'9:16:00');
INSERT INTO "customer_purchases" VALUES (4,7,'2022-05-06',10,4,4,'9:41:00');
INSERT INTO "customer_purchases" VALUES (4,7,'2022-05-06',11,1,4,'10:43:00');
INSERT INTO "customer_purchases" VALUES (4,7,'2022-05-06',11,5,4,'11:05:00');
INSERT INTO "customer_purchases" VALUES (4,7,'2022-05-06',13,1,4,'10:33:00');
INSERT INTO "customer_purchases" VALUES (4,7,'2022-05-06',17,4,4,'13:44:00');
INSERT INTO "customer_purchases" VALUES (4,7,'2022-05-10',2,4,4,'18:10:00');
INSERT INTO "customer_purchases" VALUES (4,7,'2022-05-10',2,1,4,'18:17:00');
INSERT INTO "customer_purchases" VALUES (4,7,'2022-05-10',3,1,4,'17:11:00');
INSERT INTO "customer_purchases" VALUES (4,7,'2022-05-10',3,2,4,'17:23:00');
INSERT INTO "customer_purchases" VALUES (4,7,'2022-05-10',4,5,4,'18:03:00');
INSERT INTO "customer_purchases" VALUES (4,7,'2022-05-10',5,1,4,'16:16:00');
INSERT INTO "customer_purchases" VALUES (4,7,'2022-05-10',11,5,4,'18:09:00');
INSERT INTO "customer_purchases" VALUES (4,7,'2022-05-10',12,1,4,'17:30:00');
INSERT INTO "customer_purchases" VALUES (4,7,'2022-05-10',18,1,4,'18:03:00');
INSERT INTO "customer_purchases" VALUES (4,7,'2022-05-10',18,1,4,'18:06:00');
INSERT INTO "customer_purchases" VALUES (4,7,'2022-05-13',6,2,4,'11:00:00');
INSERT INTO "customer_purchases" VALUES (4,7,'2022-05-13',6,2,4,'11:04:00');
INSERT INTO "customer_purchases" VALUES (4,7,'2022-05-13',7,4,4,'13:51:00');
INSERT INTO "customer_purchases" VALUES (4,7,'2022-05-13',8,2,4,'13:37:00');
INSERT INTO "customer_purchases" VALUES (4,7,'2022-05-13',8,5,4,'13:42:00');
INSERT INTO "customer_purchases" VALUES (4,7,'2022-05-13',10,3,4,'9:19:00');
INSERT INTO "customer_purchases" VALUES (4,7,'2022-05-13',11,5,4,'8:53:00');
INSERT INTO "customer_purchases" VALUES (4,7,'2022-05-13',12,2,4,'9:32:00');
INSERT INTO "customer_purchases" VALUES (4,7,'2022-05-13',12,4,4,'9:40:00');
INSERT INTO "customer_purchases" VALUES (4,7,'2022-05-17',1,2,4,'18:28:00');
INSERT INTO "customer_purchases" VALUES (4,7,'2022-05-17',1,2,4,'18:49:00');
INSERT INTO "customer_purchases" VALUES (4,7,'2022-05-17',4,2,4,'16:54:00');
INSERT INTO "customer_purchases" VALUES (4,7,'2022-05-17',4,2,4,'17:23:00');
INSERT INTO "customer_purchases" VALUES (4,7,'2022-05-17',8,2,4,'18:27:00');
INSERT INTO "customer_purchases" VALUES (4,7,'2022-05-17',12,1,4,'17:06:00');
INSERT INTO "customer_purchases" VALUES (4,7,'2022-05-17',12,1,4,'17:27:00');
INSERT INTO "customer_purchases" VALUES (4,7,'2022-05-17',13,1,4,'18:02:00');
INSERT INTO "customer_purchases" VALUES (4,7,'2022-05-20',1,5,4,'12:56:00');
INSERT INTO "customer_purchases" VALUES (4,7,'2022-05-20',2,5,4,'13:41:00');
INSERT INTO "customer_purchases" VALUES (4,7,'2022-05-20',7,4,4,'10:20:00');
INSERT INTO "customer_purchases" VALUES (4,7,'2022-05-20',8,3,4,'9:23:00');
INSERT INTO "customer_purchases" VALUES (4,7,'2022-05-20',10,5,4,'13:40:00');
INSERT INTO "customer_purchases" VALUES (4,7,'2022-05-20',10,1,4,'13:54:00');
INSERT INTO "customer_purchases" VALUES (4,7,'2022-05-20',13,2,4,'13:18:00');
INSERT INTO "customer_purchases" VALUES (4,7,'2022-05-20',17,2,4,'11:04:00');
INSERT INTO "customer_purchases" VALUES (4,7,'2022-05-20',17,3,4,'11:18:00');
INSERT INTO "customer_purchases" VALUES (4,7,'2022-05-24',2,2,4,'17:04:00');
INSERT INTO "customer_purchases" VALUES (4,7,'2022-05-24',4,1,4,'18:53:00');
INSERT INTO "customer_purchases" VALUES (4,7,'2022-05-24',7,4,4,'17:56:00');
INSERT INTO "customer_purchases" VALUES (4,7,'2022-05-24',7,5,4,'18:24:00');
INSERT INTO "customer_purchases" VALUES (4,7,'2022-05-24',10,3,4,'17:25:00');
INSERT INTO "customer_purchases" VALUES (4,7,'2022-05-24',12,1,4,'17:51:00');
INSERT INTO "customer_purchases" VALUES (4,7,'2022-05-24',15,2,4,'17:43:00');
INSERT INTO "customer_purchases" VALUES (4,7,'2022-05-24',15,4,4,'18:26:00');
INSERT INTO "customer_purchases" VALUES (4,7,'2022-05-27',2,2,4,'13:08:00');
INSERT INTO "customer_purchases" VALUES (4,7,'2022-05-27',2,2,4,'13:31:00');
INSERT INTO "customer_purchases" VALUES (4,7,'2022-05-27',8,2,4,'9:10:00');
INSERT INTO "customer_purchases" VALUES (4,7,'2022-05-27',10,2,4,'12:22:00');
INSERT INTO "customer_purchases" VALUES (4,7,'2022-05-27',12,2,4,'9:59:00');
INSERT INTO "customer_purchases" VALUES (4,7,'2022-05-27',17,2,4,'13:50:00');
INSERT INTO "customer_purchases" VALUES (4,7,'2022-05-31',1,1,4,'17:51:00');
INSERT INTO "customer_purchases" VALUES (4,7,'2022-05-31',6,3,4,'16:56:00');
INSERT INTO "customer_purchases" VALUES (4,7,'2022-05-31',6,4,4,'17:36:00');
INSERT INTO "customer_purchases" VALUES (4,7,'2022-05-31',7,2,4,'18:59:00');
INSERT INTO "customer_purchases" VALUES (4,7,'2022-05-31',8,2,4,'18:38:00');
INSERT INTO "customer_purchases" VALUES (4,7,'2022-05-31',12,3,4,'18:04:00');
INSERT INTO "customer_purchases" VALUES (4,7,'2022-05-31',12,2,4,'18:31:00');
INSERT INTO "customer_purchases" VALUES (4,7,'2022-05-31',14,5,4,'18:51:00');
INSERT INTO "customer_purchases" VALUES (4,7,'2022-05-31',14,3,4,'18:57:00');
INSERT INTO "customer_purchases" VALUES (4,7,'2022-05-31',15,3,4,'18:49:00');
INSERT INTO "customer_purchases" VALUES (4,7,'2022-05-31',15,2,4,'18:58:00');
INSERT INTO "customer_purchases" VALUES (4,7,'2022-06-03',3,5,4,'13:55:00');
INSERT INTO "customer_purchases" VALUES (4,7,'2022-06-03',5,4,4,'13:08:00');
INSERT INTO "customer_purchases" VALUES (4,7,'2022-06-03',8,3,4,'10:45:00');
INSERT INTO "customer_purchases" VALUES (4,7,'2022-06-03',9,2,4,'11:55:00');
INSERT INTO "customer_purchases" VALUES (4,7,'2022-06-03',9,4,4,'12:04:00');
INSERT INTO "customer_purchases" VALUES (4,7,'2022-06-03',10,4,4,'10:42:00');
INSERT INTO "customer_purchases" VALUES (4,7,'2022-06-07',4,5,4,'17:00:00');
INSERT INTO "customer_purchases" VALUES (4,7,'2022-06-07',4,2,4,'17:03:00');
INSERT INTO "customer_purchases" VALUES (4,7,'2022-06-07',5,3,4,'18:16:00');
INSERT INTO "customer_purchases" VALUES (4,7,'2022-06-07',7,2,4,'16:30:00');
INSERT INTO "customer_purchases" VALUES (4,7,'2022-06-07',11,1,4,'18:25:00');
INSERT INTO "customer_purchases" VALUES (4,7,'2022-06-07',11,4,4,'18:50:00');
INSERT INTO "customer_purchases" VALUES (4,7,'2022-06-07',12,2,4,'17:54:00');
INSERT INTO "customer_purchases" VALUES (4,7,'2022-06-07',12,2,4,'18:07:00');
INSERT INTO "customer_purchases" VALUES (4,7,'2022-06-07',17,4,4,'16:58:00');
INSERT INTO "customer_purchases" VALUES (4,7,'2022-06-10',3,3,4,'9:59:00');
INSERT INTO "customer_purchases" VALUES (4,7,'2022-06-10',4,3,4,'12:26:00');
INSERT INTO "customer_purchases" VALUES (4,7,'2022-06-10',7,4,4,'11:10:00');
INSERT INTO "customer_purchases" VALUES (4,7,'2022-06-10',9,3,4,'11:35:00');
INSERT INTO "customer_purchases" VALUES (4,7,'2022-06-10',10,2,4,'9:36:00');
INSERT INTO "customer_purchases" VALUES (4,7,'2022-06-10',15,1,4,'9:18:00');
INSERT INTO "customer_purchases" VALUES (4,7,'2022-06-10',15,1,4,'10:09:00');
INSERT INTO "customer_purchases" VALUES (4,7,'2022-06-14',1,5,4,'17:10:00');
INSERT INTO "customer_purchases" VALUES (4,7,'2022-06-14',1,3,4,'17:35:00');
INSERT INTO "customer_purchases" VALUES (4,7,'2022-06-14',3,2,4,'18:26:00');
INSERT INTO "customer_purchases" VALUES (4,7,'2022-06-14',6,3,4,'18:39:00');
INSERT INTO "customer_purchases" VALUES (4,7,'2022-06-14',7,3,4,'17:12:00');
INSERT INTO "customer_purchases" VALUES (4,7,'2022-06-14',10,2,4,'18:48:00');
INSERT INTO "customer_purchases" VALUES (4,7,'2022-06-14',17,4,4,'18:46:00');
INSERT INTO "customer_purchases" VALUES (4,7,'2022-06-14',17,4,4,'18:47:00');
INSERT INTO "customer_purchases" VALUES (4,7,'2022-06-17',1,3,4,'12:56:00');
INSERT INTO "customer_purchases" VALUES (4,7,'2022-06-17',2,2,4,'9:31:00');
INSERT INTO "customer_purchases" VALUES (4,7,'2022-06-17',2,5,4,'9:59:00');
INSERT INTO "customer_purchases" VALUES (4,7,'2022-06-17',4,5,4,'12:23:00');
INSERT INTO "customer_purchases" VALUES (4,7,'2022-06-17',8,1,4,'13:10:00');
INSERT INTO "customer_purchases" VALUES (4,7,'2022-06-17',8,1,4,'13:54:00');
INSERT INTO "customer_purchases" VALUES (4,7,'2022-06-17',9,5,4,'8:37:00');
INSERT INTO "customer_purchases" VALUES (4,7,'2022-06-17',11,3,4,'12:01:00');
INSERT INTO "customer_purchases" VALUES (4,7,'2022-06-17',11,1,4,'12:39:00');
INSERT INTO "customer_purchases" VALUES (4,7,'2022-06-17',16,4,4,'13:18:00');
INSERT INTO "customer_purchases" VALUES (4,7,'2022-06-17',16,1,4,'13:27:00');
INSERT INTO "customer_purchases" VALUES (4,7,'2022-06-21',2,5,4,'17:57:00');
INSERT INTO "customer_purchases" VALUES (4,7,'2022-06-21',2,4,4,'18:30:00');
INSERT INTO "customer_purchases" VALUES (4,7,'2022-06-21',3,4,4,'18:53:00');
INSERT INTO "customer_purchases" VALUES (4,7,'2022-06-21',3,4,4,'18:59:00');
INSERT INTO "customer_purchases" VALUES (4,7,'2022-06-21',9,4,4,'18:53:00');
INSERT INTO "customer_purchases" VALUES (4,7,'2022-06-24',4,3,4,'10:22:00');
INSERT INTO "customer_purchases" VALUES (4,7,'2022-06-24',7,1,4,'9:07:00');
INSERT INTO "customer_purchases" VALUES (4,7,'2022-06-24',7,4,4,'9:50:00');
INSERT INTO "customer_purchases" VALUES (4,7,'2022-06-24',8,2,4,'10:01:00');
INSERT INTO "customer_purchases" VALUES (4,7,'2022-06-24',10,2,4,'11:14:00');
INSERT INTO "customer_purchases" VALUES (4,7,'2022-06-24',11,3,4,'13:46:00');
INSERT INTO "customer_purchases" VALUES (4,7,'2022-06-24',12,2,4,'9:32:00');
INSERT INTO "customer_purchases" VALUES (4,7,'2022-06-24',14,2,4,'9:30:00');
INSERT INTO "customer_purchases" VALUES (4,7,'2022-06-28',2,2,4,'18:57:00');
INSERT INTO "customer_purchases" VALUES (4,7,'2022-06-28',7,4,4,'17:50:00');
INSERT INTO "customer_purchases" VALUES (4,7,'2022-06-28',8,5,4,'17:25:00');
INSERT INTO "customer_purchases" VALUES (4,7,'2022-06-28',10,4,4,'18:33:00');
INSERT INTO "customer_purchases" VALUES (4,7,'2022-06-28',10,4,4,'18:34:00');
INSERT INTO "customer_purchases" VALUES (4,7,'2022-06-28',11,5,4,'18:44:00');
INSERT INTO "customer_purchases" VALUES (4,7,'2022-06-28',11,2,4,'18:55:00');
INSERT INTO "customer_purchases" VALUES (4,7,'2022-06-28',12,3,4,'18:43:00');
INSERT INTO "customer_purchases" VALUES (4,7,'2022-07-01',7,5,4,'13:19:00');
INSERT INTO "customer_purchases" VALUES (4,7,'2022-07-01',10,4,4,'13:45:00');
INSERT INTO "customer_purchases" VALUES (4,7,'2022-07-01',14,5,4,'13:34:00');
INSERT INTO "customer_purchases" VALUES (4,7,'2022-07-01',17,4,4,'13:52:00');
INSERT INTO "customer_purchases" VALUES (4,7,'2022-07-05',6,4,4,'16:39:00');
INSERT INTO "customer_purchases" VALUES (4,7,'2022-07-05',11,5,4,'18:47:00');
INSERT INTO "customer_purchases" VALUES (4,7,'2022-07-05',13,5,4,'18:27:00');
INSERT INTO "customer_purchases" VALUES (4,7,'2022-07-05',14,5,4,'18:25:00');
INSERT INTO "customer_purchases" VALUES (4,7,'2022-07-05',16,3,4,'17:32:00');
INSERT INTO "customer_purchases" VALUES (4,7,'2022-07-08',1,5,4,'13:39:00');
INSERT INTO "customer_purchases" VALUES (4,7,'2022-07-08',2,3,4,'12:01:00');
INSERT INTO "customer_purchases" VALUES (4,7,'2022-07-08',2,5,4,'12:02:00');
INSERT INTO "customer_purchases" VALUES (4,7,'2022-07-08',4,4,4,'10:14:00');
INSERT INTO "customer_purchases" VALUES (4,7,'2022-07-08',15,4,4,'9:40:00');
INSERT INTO "customer_purchases" VALUES (4,7,'2022-07-12',3,3,4,'17:46:00');
INSERT INTO "customer_purchases" VALUES (4,7,'2022-07-12',9,2,4,'18:13:00');
INSERT INTO "customer_purchases" VALUES (4,7,'2022-07-12',10,1,4,'18:37:00');
INSERT INTO "customer_purchases" VALUES (4,7,'2022-07-12',12,3,4,'17:23:00');
INSERT INTO "customer_purchases" VALUES (4,7,'2022-07-12',16,5,4,'17:55:00');
INSERT INTO "customer_purchases" VALUES (4,7,'2022-07-15',5,2,3.5,'8:41:00');
INSERT INTO "customer_purchases" VALUES (4,7,'2022-07-15',7,2,3.5,'11:17:00');
INSERT INTO "customer_purchases" VALUES (4,7,'2022-07-15',9,4,3.5,'10:33:00');
INSERT INTO "customer_purchases" VALUES (4,7,'2022-07-15',10,5,3.5,'11:08:00');
INSERT INTO "customer_purchases" VALUES (4,7,'2022-07-15',17,4,3.5,'13:40:00');
INSERT INTO "customer_purchases" VALUES (4,7,'2022-07-19',1,2,4,'16:24:00');
INSERT INTO "customer_purchases" VALUES (4,7,'2022-07-19',1,5,4,'16:50:00');
INSERT INTO "customer_purchases" VALUES (4,7,'2022-07-19',2,1,4,'18:39:00');
INSERT INTO "customer_purchases" VALUES (4,7,'2022-07-19',2,1,4,'18:48:00');
INSERT INTO "customer_purchases" VALUES (4,7,'2022-07-19',5,2,4,'18:37:00');
INSERT INTO "customer_purchases" VALUES (4,7,'2022-07-19',7,4,4,'16:46:00');
INSERT INTO "customer_purchases" VALUES (4,7,'2022-07-19',11,3,4,'18:53:00');
INSERT INTO "customer_purchases" VALUES (4,7,'2022-07-19',14,2,4,'17:02:00');
INSERT INTO "customer_purchases" VALUES (4,7,'2022-07-19',16,2,4,'16:45:00');
INSERT INTO "customer_purchases" VALUES (4,7,'2022-07-19',18,5,4,'17:56:00');
INSERT INTO "customer_purchases" VALUES (4,7,'2022-07-19',18,3,4,'18:21:00');
INSERT INTO "customer_purchases" VALUES (4,7,'2022-07-22',2,5,4,'12:08:00');
INSERT INTO "customer_purchases" VALUES (4,7,'2022-07-22',3,2,4,'9:56:00');
INSERT INTO "customer_purchases" VALUES (4,7,'2022-07-22',9,2,4,'12:15:00');
INSERT INTO "customer_purchases" VALUES (4,7,'2022-07-22',9,1,4,'12:17:00');
INSERT INTO "customer_purchases" VALUES (4,7,'2022-07-26',3,1,4,'18:38:00');
INSERT INTO "customer_purchases" VALUES (4,7,'2022-07-26',5,3,4,'18:08:00');
INSERT INTO "customer_purchases" VALUES (4,7,'2022-07-26',10,4,4,'17:49:00');
INSERT INTO "customer_purchases" VALUES (4,7,'2022-07-26',11,3,4,'17:27:00');
INSERT INTO "customer_purchases" VALUES (4,7,'2022-07-29',4,4,4,'12:48:00');
INSERT INTO "customer_purchases" VALUES (4,7,'2022-07-29',4,3,4,'13:03:00');
INSERT INTO "customer_purchases" VALUES (4,7,'2022-07-29',10,4,4,'10:00:00');
INSERT INTO "customer_purchases" VALUES (4,7,'2022-07-29',11,4,4,'13:08:00');
INSERT INTO "customer_purchases" VALUES (4,7,'2022-07-29',11,4,4,'13:21:00');
INSERT INTO "customer_purchases" VALUES (4,7,'2022-08-02',4,5,4,'18:24:00');
INSERT INTO "customer_purchases" VALUES (4,7,'2022-08-02',7,4,4,'18:53:00');
INSERT INTO "customer_purchases" VALUES (4,7,'2022-08-02',13,2,4,'18:48:00');
INSERT INTO "customer_purchases" VALUES (4,7,'2022-08-02',18,3,4,'17:21:00');
INSERT INTO "customer_purchases" VALUES (4,7,'2022-08-05',3,4,4,'9:48:00');
INSERT INTO "customer_purchases" VALUES (4,7,'2022-08-05',15,1,4,'11:57:00');
INSERT INTO "customer_purchases" VALUES (4,7,'2022-08-09',1,3,4,'16:34:00');
INSERT INTO "customer_purchases" VALUES (4,7,'2022-08-09',15,4,4,'16:25:00');
INSERT INTO "customer_purchases" VALUES (4,7,'2022-08-09',15,5,4,'16:28:00');
INSERT INTO "customer_purchases" VALUES (4,7,'2022-08-09',18,2,4,'16:29:00');
INSERT INTO "customer_purchases" VALUES (4,7,'2022-08-09',18,1,4,'16:42:00');
INSERT INTO "customer_purchases" VALUES (4,7,'2022-08-12',1,5,4,'10:25:00');
INSERT INTO "customer_purchases" VALUES (4,7,'2022-08-12',16,5,4,'13:47:00');
INSERT INTO "customer_purchases" VALUES (4,7,'2022-08-16',2,4,4,'18:47:00');
INSERT INTO "customer_purchases" VALUES (4,7,'2022-08-16',3,4,4,'18:40:00');
INSERT INTO "customer_purchases" VALUES (4,7,'2022-08-16',4,3,4,'17:37:00');
INSERT INTO "customer_purchases" VALUES (4,7,'2022-08-16',11,3,4,'17:22:00');
INSERT INTO "customer_purchases" VALUES (4,7,'2022-08-16',11,1,4,'17:38:00');
INSERT INTO "customer_purchases" VALUES (4,7,'2022-08-16',14,3,4,'16:53:00');
INSERT INTO "customer_purchases" VALUES (4,7,'2022-08-16',16,4,4,'18:44:00');
INSERT INTO "customer_purchases" VALUES (4,7,'2022-08-19',2,1,4,'13:51:00');
INSERT INTO "customer_purchases" VALUES (4,7,'2022-08-19',4,5,4,'9:22:00');
INSERT INTO "customer_purchases" VALUES (4,7,'2022-08-19',10,3,4,'9:34:00');
INSERT INTO "customer_purchases" VALUES (4,7,'2022-08-23',3,1,4,'17:31:00');
INSERT INTO "customer_purchases" VALUES (4,7,'2022-08-23',3,4,4,'17:34:00');
INSERT INTO "customer_purchases" VALUES (4,7,'2022-08-23',5,4,4,'17:15:00');
INSERT INTO "customer_purchases" VALUES (4,7,'2022-08-23',6,3,4,'18:59:00');
INSERT INTO "customer_purchases" VALUES (4,7,'2022-08-23',12,4,4,'18:37:00');
INSERT INTO "customer_purchases" VALUES (4,7,'2022-08-26',2,1,4,'9:29:00');
INSERT INTO "customer_purchases" VALUES (4,7,'2022-08-26',10,4,4,'12:43:00');
INSERT INTO "customer_purchases" VALUES (4,7,'2022-08-26',14,3,4,'13:30:00');
INSERT INTO "customer_purchases" VALUES (4,7,'2022-08-30',3,4,4,'18:47:00');
INSERT INTO "customer_purchases" VALUES (4,7,'2022-08-30',7,4,4,'17:57:00');
INSERT INTO "customer_purchases" VALUES (4,7,'2022-08-30',11,4,4,'17:02:00');
INSERT INTO "customer_purchases" VALUES (4,7,'2022-08-30',12,4,4,'16:23:00');
INSERT INTO "customer_purchases" VALUES (4,7,'2022-08-30',14,1,4,'18:14:00');
INSERT INTO "customer_purchases" VALUES (4,7,'2022-09-02',5,3,4,'12:42:00');
INSERT INTO "customer_purchases" VALUES (4,7,'2022-09-02',5,2,4,'13:30:00');
INSERT INTO "customer_purchases" VALUES (4,7,'2022-09-06',1,4,4,'17:01:00');
INSERT INTO "customer_purchases" VALUES (4,7,'2022-09-06',1,5,4,'17:27:00');
INSERT INTO "customer_purchases" VALUES (4,7,'2022-09-06',4,3,4,'18:34:00');
INSERT INTO "customer_purchases" VALUES (4,7,'2022-09-06',17,3,4,'17:39:00');
INSERT INTO "customer_purchases" VALUES (4,7,'2022-09-09',2,3,4,'12:42:00');
INSERT INTO "customer_purchases" VALUES (4,7,'2022-09-09',5,1,4,'13:17:00');
INSERT INTO "customer_purchases" VALUES (4,7,'2022-09-09',5,2,4,'13:29:00');
INSERT INTO "customer_purchases" VALUES (4,7,'2022-09-09',10,4,4,'13:50:00');
INSERT INTO "customer_purchases" VALUES (4,7,'2022-09-09',14,1,4,'13:32:00');
INSERT INTO "customer_purchases" VALUES (4,7,'2022-09-13',1,4,4,'16:15:00');
INSERT INTO "customer_purchases" VALUES (4,7,'2022-09-13',1,2,4,'16:44:00');
INSERT INTO "customer_purchases" VALUES (4,7,'2022-09-13',2,5,4,'17:23:00');
INSERT INTO "customer_purchases" VALUES (4,7,'2022-09-13',6,2,4,'16:32:00');
INSERT INTO "customer_purchases" VALUES (4,7,'2022-09-13',6,4,4,'17:39:00');
INSERT INTO "customer_purchases" VALUES (4,7,'2022-09-13',8,5,4,'18:34:00');
INSERT INTO "customer_purchases" VALUES (4,7,'2022-09-13',8,1,4,'18:48:00');
INSERT INTO "customer_purchases" VALUES (4,7,'2022-09-13',9,1,4,'17:40:00');
INSERT INTO "customer_purchases" VALUES (4,7,'2022-09-13',16,4,4,'18:25:00');
INSERT INTO "customer_purchases" VALUES (4,7,'2022-09-16',5,2,4,'11:15:00');
INSERT INTO "customer_purchases" VALUES (4,7,'2022-09-16',14,3,4,'9:43:00');
INSERT INTO "customer_purchases" VALUES (4,7,'2022-09-16',17,5,4,'12:55:00');
INSERT INTO "customer_purchases" VALUES (4,7,'2022-09-20',9,5,4,'16:57:00');
INSERT INTO "customer_purchases" VALUES (4,7,'2022-09-20',12,2,4,'16:51:00');
INSERT INTO "customer_purchases" VALUES (4,7,'2022-09-20',17,4,4,'18:48:00');
INSERT INTO "customer_purchases" VALUES (4,7,'2022-09-23',2,5,4,'9:10:00');
INSERT INTO "customer_purchases" VALUES (4,7,'2022-09-23',2,5,4,'9:44:00');
INSERT INTO "customer_purchases" VALUES (4,7,'2022-09-23',3,4,4,'9:29:00');
INSERT INTO "customer_purchases" VALUES (4,7,'2022-09-23',3,3,4,'9:56:00');
INSERT INTO "customer_purchases" VALUES (4,7,'2022-09-23',4,2,4,'12:53:00');
INSERT INTO "customer_purchases" VALUES (4,7,'2022-09-23',5,1,4,'12:12:00');
INSERT INTO "customer_purchases" VALUES (4,7,'2022-09-23',18,3,4,'10:51:00');
INSERT INTO "customer_purchases" VALUES (4,7,'2022-09-30',2,3,4,'11:09:00');
INSERT INTO "customer_purchases" VALUES (4,7,'2022-09-30',2,5,4,'12:16:00');
INSERT INTO "customer_purchases" VALUES (4,7,'2022-09-30',3,4,4,'13:19:00');
INSERT INTO "customer_purchases" VALUES (4,7,'2022-09-30',18,3,4,'10:08:00');
INSERT INTO "customer_purchases" VALUES (4,7,'2022-10-04',1,1,4,'17:53:00');
INSERT INTO "customer_purchases" VALUES (4,7,'2022-10-04',3,3,4,'16:46:00');
INSERT INTO "customer_purchases" VALUES (4,7,'2022-10-04',3,4,4,'17:01:00');
INSERT INTO "customer_purchases" VALUES (4,7,'2022-10-04',6,4,4,'16:31:00');
INSERT INTO "customer_purchases" VALUES (4,7,'2022-10-04',8,3,4,'18:47:00');
INSERT INTO "customer_purchases" VALUES (4,7,'2022-10-04',9,3,4,'17:03:00');
INSERT INTO "customer_purchases" VALUES (4,7,'2022-10-04',11,2,4,'18:51:00');
INSERT INTO "customer_purchases" VALUES (4,7,'2022-10-04',11,5,4,'18:57:00');
INSERT INTO "customer_purchases" VALUES (4,7,'2022-10-07',1,2,4,'11:37:00');
INSERT INTO "customer_purchases" VALUES (4,7,'2022-10-07',5,5,4,'8:58:00');
INSERT INTO "customer_purchases" VALUES (4,7,'2022-10-07',9,2,4,'11:17:00');
INSERT INTO "customer_purchases" VALUES (4,7,'2022-10-07',10,5,4,'10:40:00');
INSERT INTO "customer_purchases" VALUES (4,7,'2022-10-07',10,1,4,'10:49:00');
INSERT INTO "customer_purchases" VALUES (4,7,'2022-10-07',12,2,4,'13:55:00');
INSERT INTO "customer_purchases" VALUES (4,7,'2022-10-07',17,2,4,'9:22:00');
INSERT INTO "customer_purchases" VALUES (4,7,'2022-10-07',17,3,4,'9:53:00');
INSERT INTO "customer_purchases" VALUES (4,7,'2022-10-11',2,2,4,'18:56:00');
INSERT INTO "customer_purchases" VALUES (4,7,'2022-10-11',3,5,4,'17:44:00');
INSERT INTO "customer_purchases" VALUES (4,7,'2022-10-11',6,4,4,'18:15:00');
INSERT INTO "customer_purchases" VALUES (4,7,'2022-10-11',6,1,4,'18:33:00');
INSERT INTO "customer_purchases" VALUES (4,7,'2022-10-11',12,2,4,'18:09:00');
INSERT INTO "customer_purchases" VALUES (4,7,'2022-10-11',13,3,4,'17:08:00');
INSERT INTO "customer_purchases" VALUES (4,7,'2022-10-11',13,1,4,'17:17:00');
INSERT INTO "customer_purchases" VALUES (4,7,'2022-10-11',15,4,4,'18:50:00');
INSERT INTO "customer_purchases" VALUES (4,7,'2022-10-14',4,5,4,'11:53:00');
INSERT INTO "customer_purchases" VALUES (4,7,'2022-10-14',7,4,4,'10:08:00');
INSERT INTO "customer_purchases" VALUES (4,7,'2022-10-14',7,4,4,'10:58:00');
INSERT INTO "customer_purchases" VALUES (4,7,'2022-10-14',8,1,4,'10:44:00');
INSERT INTO "customer_purchases" VALUES (4,7,'2022-10-14',9,4,4,'13:14:00');
INSERT INTO "customer_purchases" VALUES (4,7,'2022-10-14',9,4,4,'13:53:00');
INSERT INTO "customer_purchases" VALUES (4,7,'2022-10-14',10,2,4,'13:20:00');
INSERT INTO "customer_purchases" VALUES (4,7,'2022-10-14',14,5,4,'9:52:00');
INSERT INTO "customer_purchases" VALUES (4,7,'2022-10-18',4,5,4,'17:58:00');
INSERT INTO "customer_purchases" VALUES (4,7,'2022-10-18',4,4,4,'18:18:00');
INSERT INTO "customer_purchases" VALUES (4,7,'2022-10-18',5,2,4,'18:26:00');
INSERT INTO "customer_purchases" VALUES (4,7,'2022-10-18',6,2,4,'18:24:00');
INSERT INTO "customer_purchases" VALUES (4,7,'2022-10-18',14,1,4,'17:38:00');
INSERT INTO "customer_purchases" VALUES (4,7,'2022-10-18',16,5,4,'16:46:00');
INSERT INTO "customer_purchases" VALUES (4,7,'2022-10-21',1,4,4,'8:54:00');
INSERT INTO "customer_purchases" VALUES (4,7,'2022-10-21',1,2,4,'9:28:00');
INSERT INTO "customer_purchases" VALUES (4,7,'2022-10-21',4,3,4,'13:13:00');
INSERT INTO "customer_purchases" VALUES (4,7,'2022-10-21',6,4,4,'12:43:00');
INSERT INTO "customer_purchases" VALUES (4,7,'2022-10-21',6,4,4,'12:45:00');
INSERT INTO "customer_purchases" VALUES (4,7,'2022-10-21',8,5,4,'13:16:00');
INSERT INTO "customer_purchases" VALUES (4,7,'2022-10-21',12,2,4,'9:46:00');
INSERT INTO "customer_purchases" VALUES (4,7,'2022-10-21',12,1,4,'10:22:00');
INSERT INTO "customer_purchases" VALUES (4,7,'2022-10-25',2,2,4,'18:38:00');
INSERT INTO "customer_purchases" VALUES (4,7,'2022-10-25',2,3,4,'18:51:00');
INSERT INTO "customer_purchases" VALUES (4,7,'2022-10-25',4,3,4,'17:31:00');
INSERT INTO "customer_purchases" VALUES (4,7,'2022-10-25',4,3,4,'18:41:00');
INSERT INTO "customer_purchases" VALUES (4,7,'2022-10-25',5,5,4,'18:22:00');
INSERT INTO "customer_purchases" VALUES (4,7,'2022-10-25',10,4,4,'16:57:00');
INSERT INTO "customer_purchases" VALUES (4,7,'2022-10-25',10,1,4,'17:49:00');
INSERT INTO "customer_purchases" VALUES (4,7,'2022-10-25',11,5,4,'18:23:00');
INSERT INTO "customer_purchases" VALUES (4,7,'2022-10-25',11,1,4,'18:25:00');
INSERT INTO "customer_purchases" VALUES (4,7,'2022-10-25',12,4,4,'17:48:00');
INSERT INTO "customer_purchases" VALUES (4,7,'2022-10-25',17,5,4,'17:58:00');
INSERT INTO "customer_purchases" VALUES (4,7,'2022-10-25',17,4,4,'18:33:00');
INSERT INTO "customer_purchases" VALUES (4,7,'2022-10-28',2,1,4,'11:46:00');
INSERT INTO "customer_purchases" VALUES (4,7,'2022-10-28',4,2,4,'10:28:00');
INSERT INTO "customer_purchases" VALUES (4,7,'2022-10-28',12,3,4,'9:05:00');
INSERT INTO "customer_purchases" VALUES (4,7,'2022-10-28',12,5,4,'10:07:00');
INSERT INTO "customer_purchases" VALUES (4,7,'2022-10-28',13,3,4,'13:57:00');
INSERT INTO "customer_purchases" VALUES (4,7,'2022-10-28',16,3,4,'13:16:00');
INSERT INTO "customer_purchases" VALUES (4,7,'2022-10-28',16,5,4,'13:37:00');
INSERT INTO "customer_purchases" VALUES (4,7,'2022-10-28',17,2,4,'13:06:00');
INSERT INTO "customer_purchases" VALUES (4,7,'2022-10-28',18,2,4,'9:07:00');
INSERT INTO "customer_purchases" VALUES (4,7,'2022-11-01',1,5,4,'18:14:00');
INSERT INTO "customer_purchases" VALUES (4,7,'2022-11-01',4,1,4,'18:10:00');
INSERT INTO "customer_purchases" VALUES (4,7,'2022-11-01',4,1,4,'18:33:00');
INSERT INTO "customer_purchases" VALUES (4,7,'2022-11-01',5,5,4,'16:13:00');
INSERT INTO "customer_purchases" VALUES (4,7,'2022-11-01',5,2,4,'16:37:00');
INSERT INTO "customer_purchases" VALUES (4,7,'2022-11-01',6,3,4,'17:41:00');
INSERT INTO "customer_purchases" VALUES (4,7,'2022-11-01',6,2,4,'18:50:00');
INSERT INTO "customer_purchases" VALUES (4,7,'2022-11-01',9,2,4,'16:33:00');
INSERT INTO "customer_purchases" VALUES (4,7,'2022-11-01',9,5,4,'17:22:00');
INSERT INTO "customer_purchases" VALUES (4,7,'2022-11-01',11,2,4,'18:24:00');
INSERT INTO "customer_purchases" VALUES (4,7,'2022-11-01',11,5,4,'18:26:00');
INSERT INTO "customer_purchases" VALUES (4,7,'2022-11-01',17,2,4,'17:51:00');
INSERT INTO "customer_purchases" VALUES (4,7,'2022-11-04',6,5,4,'11:49:00');
INSERT INTO "customer_purchases" VALUES (4,7,'2022-11-04',6,4,4,'12:03:00');
INSERT INTO "customer_purchases" VALUES (4,7,'2022-11-04',7,4,4,'11:17:00');
INSERT INTO "customer_purchases" VALUES (4,7,'2022-11-04',7,1,4,'12:36:00');
INSERT INTO "customer_purchases" VALUES (4,7,'2022-11-04',8,5,4,'10:29:00');
INSERT INTO "customer_purchases" VALUES (4,7,'2022-11-04',9,1,4,'9:34:00');
INSERT INTO "customer_purchases" VALUES (4,7,'2022-11-04',9,5,4,'10:36:00');
INSERT INTO "customer_purchases" VALUES (4,7,'2022-11-04',10,5,4,'10:39:00');
INSERT INTO "customer_purchases" VALUES (4,7,'2022-11-04',10,1,4,'11:20:00');
INSERT INTO "customer_purchases" VALUES (4,7,'2022-11-04',11,5,4,'10:23:00');
INSERT INTO "customer_purchases" VALUES (4,7,'2022-11-04',11,3,4,'11:20:00');
INSERT INTO "customer_purchases" VALUES (4,7,'2022-11-04',16,1,4,'9:54:00');
INSERT INTO "customer_purchases" VALUES (4,7,'2022-11-08',1,2,4,'18:56:00');
INSERT INTO "customer_purchases" VALUES (4,7,'2022-11-08',2,2,4,'17:53:00');
INSERT INTO "customer_purchases" VALUES (4,7,'2022-11-08',2,1,4,'18:06:00');
INSERT INTO "customer_purchases" VALUES (4,7,'2022-11-08',3,1,4,'18:56:00');
INSERT INTO "customer_purchases" VALUES (4,7,'2022-11-08',5,5,4,'18:19:00');
INSERT INTO "customer_purchases" VALUES (4,7,'2022-11-08',5,4,4,'18:54:00');
INSERT INTO "customer_purchases" VALUES (4,7,'2022-11-08',6,3,4,'17:25:00');
INSERT INTO "customer_purchases" VALUES (4,7,'2022-11-08',7,4,4,'18:33:00');
INSERT INTO "customer_purchases" VALUES (4,7,'2022-11-08',7,4,4,'18:38:00');
INSERT INTO "customer_purchases" VALUES (4,7,'2022-11-08',10,1,4,'18:11:00');
INSERT INTO "customer_purchases" VALUES (4,7,'2022-11-08',17,4,4,'17:06:00');
INSERT INTO "customer_purchases" VALUES (4,7,'2022-11-08',18,3,4,'17:04:00');
INSERT INTO "customer_purchases" VALUES (4,7,'2022-11-11',1,5,4,'11:45:00');
INSERT INTO "customer_purchases" VALUES (4,7,'2022-11-11',1,2,4,'12:28:00');
INSERT INTO "customer_purchases" VALUES (4,7,'2022-11-11',5,1,4,'11:07:00');
INSERT INTO "customer_purchases" VALUES (4,7,'2022-11-11',8,1,4,'13:56:00');
INSERT INTO "customer_purchases" VALUES (4,7,'2022-11-11',9,1,4,'9:07:00');
INSERT INTO "customer_purchases" VALUES (4,7,'2022-11-11',9,2,4,'9:36:00');
INSERT INTO "customer_purchases" VALUES (4,7,'2022-11-11',10,2,4,'11:08:00');
INSERT INTO "customer_purchases" VALUES (4,7,'2022-11-11',10,2,4,'11:27:00');
INSERT INTO "customer_purchases" VALUES (4,7,'2022-11-11',12,1,4,'8:58:00');
INSERT INTO "customer_purchases" VALUES (4,7,'2022-11-11',12,2,4,'9:54:00');
INSERT INTO "customer_purchases" VALUES (4,7,'2022-11-11',13,3,4,'11:59:00');
INSERT INTO "customer_purchases" VALUES (4,7,'2022-11-15',4,1,4,'16:53:00');
INSERT INTO "customer_purchases" VALUES (4,7,'2022-11-15',4,2,4,'17:42:00');
INSERT INTO "customer_purchases" VALUES (4,7,'2022-11-15',7,4,4,'18:05:00');
INSERT INTO "customer_purchases" VALUES (4,7,'2022-11-15',8,2,4,'17:53:00');
INSERT INTO "customer_purchases" VALUES (4,7,'2022-11-15',11,3,4,'18:30:00');
INSERT INTO "customer_purchases" VALUES (4,7,'2022-11-15',16,1,4,'18:47:00');
INSERT INTO "customer_purchases" VALUES (4,7,'2022-11-15',17,5,4,'18:42:00');
INSERT INTO "customer_purchases" VALUES (4,7,'2022-11-18',2,3,4,'13:59:00');
INSERT INTO "customer_purchases" VALUES (4,7,'2022-11-18',3,2,4,'8:42:00');
INSERT INTO "customer_purchases" VALUES (4,7,'2022-11-18',9,3,4,'11:40:00');
INSERT INTO "customer_purchases" VALUES (4,7,'2022-11-18',10,4,4,'13:07:00');
INSERT INTO "customer_purchases" VALUES (4,7,'2022-11-18',10,1,4,'13:32:00');
INSERT INTO "customer_purchases" VALUES (4,7,'2022-11-18',11,5,4,'11:29:00');
INSERT INTO "customer_purchases" VALUES (4,7,'2022-11-18',14,1,4,'12:58:00');
INSERT INTO "customer_purchases" VALUES (4,7,'2022-11-18',18,1,4,'11:25:00');
INSERT INTO "customer_purchases" VALUES (4,7,'2022-11-22',2,2,4,'18:12:00');
INSERT INTO "customer_purchases" VALUES (4,7,'2022-11-22',3,1,4,'16:30:00');
INSERT INTO "customer_purchases" VALUES (4,7,'2022-11-22',4,3,4,'17:19:00');
INSERT INTO "customer_purchases" VALUES (4,7,'2022-11-22',4,5,4,'17:22:00');
INSERT INTO "customer_purchases" VALUES (4,7,'2022-11-22',10,2,4,'17:35:00');
INSERT INTO "customer_purchases" VALUES (4,7,'2022-11-22',11,2,4,'18:43:00');
INSERT INTO "customer_purchases" VALUES (4,7,'2022-11-22',11,2,4,'18:46:00');
INSERT INTO "customer_purchases" VALUES (4,7,'2022-11-22',12,5,4,'16:23:00');
INSERT INTO "customer_purchases" VALUES (4,7,'2022-11-22',12,3,4,'16:37:00');
INSERT INTO "customer_purchases" VALUES (4,7,'2022-11-22',14,5,4,'18:32:00');
INSERT INTO "customer_purchases" VALUES (4,7,'2022-11-22',16,1,4,'18:42:00');
INSERT INTO "customer_purchases" VALUES (4,7,'2022-11-22',16,3,4,'18:46:00');
INSERT INTO "customer_purchases" VALUES (4,7,'2022-11-25',5,1,4,'12:09:00');
INSERT INTO "customer_purchases" VALUES (4,7,'2022-11-25',6,4,4,'13:52:00');
INSERT INTO "customer_purchases" VALUES (4,7,'2022-11-25',7,1,4,'11:12:00');
INSERT INTO "customer_purchases" VALUES (4,7,'2022-11-25',11,5,4,'12:18:00');
INSERT INTO "customer_purchases" VALUES (4,7,'2022-11-29',7,2,4,'17:53:00');
INSERT INTO "customer_purchases" VALUES (4,7,'2022-11-29',10,1,4,'18:13:00');
INSERT INTO "customer_purchases" VALUES (4,7,'2022-11-29',12,1,4,'17:38:00');
INSERT INTO "customer_purchases" VALUES (4,7,'2022-12-02',1,3,4,'13:11:00');
INSERT INTO "customer_purchases" VALUES (4,7,'2022-12-02',1,3,4,'13:52:00');
INSERT INTO "customer_purchases" VALUES (4,7,'2022-12-02',2,1,4,'13:55:00');
INSERT INTO "customer_purchases" VALUES (4,7,'2022-12-02',3,5,4,'9:58:00');
INSERT INTO "customer_purchases" VALUES (4,7,'2022-12-02',4,5,4,'12:43:00');
INSERT INTO "customer_purchases" VALUES (4,7,'2022-12-02',4,2,4,'12:44:00');
INSERT INTO "customer_purchases" VALUES (4,7,'2022-12-02',18,3,4,'9:39:00');
INSERT INTO "customer_purchases" VALUES (4,7,'2022-12-02',18,5,4,'9:46:00');
INSERT INTO "customer_purchases" VALUES (4,7,'2022-12-06',2,4,4,'17:40:00');
INSERT INTO "customer_purchases" VALUES (4,7,'2022-12-06',3,3,4,'18:09:00');
INSERT INTO "customer_purchases" VALUES (4,7,'2022-12-06',6,1,4,'18:57:00');
INSERT INTO "customer_purchases" VALUES (4,7,'2022-12-06',9,2,4,'17:31:00');
INSERT INTO "customer_purchases" VALUES (4,7,'2022-12-06',15,5,4,'16:46:00');
INSERT INTO "customer_purchases" VALUES (4,7,'2022-12-06',15,4,4,'17:38:00');
INSERT INTO "customer_purchases" VALUES (4,7,'2022-12-09',2,5,4,'9:46:00');
INSERT INTO "customer_purchases" VALUES (4,7,'2022-12-09',2,4,4,'9:54:00');
INSERT INTO "customer_purchases" VALUES (4,7,'2022-12-09',4,3,4,'13:36:00');
INSERT INTO "customer_purchases" VALUES (4,7,'2022-12-09',7,4,4,'13:53:00');
INSERT INTO "customer_purchases" VALUES (4,7,'2022-12-09',8,1,4,'9:41:00');
INSERT INTO "customer_purchases" VALUES (4,7,'2022-12-09',8,3,4,'10:01:00');
INSERT INTO "customer_purchases" VALUES (4,7,'2022-12-09',15,1,4,'10:06:00');
INSERT INTO "customer_purchases" VALUES (4,7,'2022-12-09',16,5,4,'8:29:00');
INSERT INTO "customer_purchases" VALUES (4,7,'2022-12-09',16,3,4,'9:12:00');
INSERT INTO "customer_purchases" VALUES (4,7,'2022-12-09',17,5,4,'13:56:00');
INSERT INTO "customer_purchases" VALUES (4,7,'2022-12-13',1,1,4,'18:59:00');
INSERT INTO "customer_purchases" VALUES (4,7,'2022-12-13',2,5,4,'18:14:00');
INSERT INTO "customer_purchases" VALUES (4,7,'2022-12-13',3,4,4,'18:44:00');
INSERT INTO "customer_purchases" VALUES (4,7,'2022-12-13',3,5,4,'18:51:00');
INSERT INTO "customer_purchases" VALUES (4,7,'2022-12-13',4,4,4,'18:56:00');
INSERT INTO "customer_purchases" VALUES (4,7,'2022-12-13',6,4,4,'18:47:00');
INSERT INTO "customer_purchases" VALUES (4,7,'2022-12-13',8,5,4,'18:15:00');
INSERT INTO "customer_purchases" VALUES (4,7,'2022-12-13',8,2,4,'18:17:00');
INSERT INTO "customer_purchases" VALUES (4,7,'2022-12-13',12,2,4,'18:58:00');
INSERT INTO "customer_purchases" VALUES (4,7,'2022-12-16',4,3,4,'8:18:00');
INSERT INTO "customer_purchases" VALUES (4,7,'2022-12-16',4,2,4,'9:13:00');
INSERT INTO "customer_purchases" VALUES (4,7,'2022-12-16',6,1,4,'9:23:00');
INSERT INTO "customer_purchases" VALUES (4,7,'2022-12-16',8,2,4,'9:35:00');
INSERT INTO "customer_purchases" VALUES (4,7,'2022-12-16',8,5,4,'10:17:00');
INSERT INTO "customer_purchases" VALUES (4,7,'2022-12-16',9,5,4,'8:58:00');
INSERT INTO "customer_purchases" VALUES (4,7,'2022-12-16',9,3,4,'9:22:00');
INSERT INTO "customer_purchases" VALUES (4,7,'2022-12-16',14,2,4,'10:56:00');
INSERT INTO "customer_purchases" VALUES (4,7,'2022-12-16',15,1,4,'11:37:00');
INSERT INTO "customer_purchases" VALUES (4,7,'2022-12-20',1,4,4,'17:19:00');
INSERT INTO "customer_purchases" VALUES (4,7,'2022-12-20',3,1,4,'18:18:00');
INSERT INTO "customer_purchases" VALUES (4,7,'2022-12-20',4,2,4,'17:03:00');
INSERT INTO "customer_purchases" VALUES (4,7,'2022-12-20',5,5,4,'18:02:00');
INSERT INTO "customer_purchases" VALUES (4,7,'2022-12-20',6,4,4,'17:06:00');
INSERT INTO "customer_purchases" VALUES (4,7,'2022-12-20',7,4,4,'16:58:00');
INSERT INTO "customer_purchases" VALUES (4,7,'2022-12-20',7,5,4,'18:18:00');
INSERT INTO "customer_purchases" VALUES (4,7,'2022-12-20',10,1,4,'16:17:00');
INSERT INTO "customer_purchases" VALUES (4,7,'2022-12-20',16,1,4,'17:25:00');
INSERT INTO "customer_purchases" VALUES (4,7,'2022-12-20',16,4,4,'18:03:00');
INSERT INTO "customer_purchases" VALUES (4,7,'2022-12-23',4,2,4,'9:29:00');
INSERT INTO "customer_purchases" VALUES (4,7,'2022-12-23',4,5,4,'10:15:00');
INSERT INTO "customer_purchases" VALUES (4,7,'2022-12-23',9,3,4,'11:01:00');
INSERT INTO "customer_purchases" VALUES (4,7,'2022-12-23',9,2,4,'11:18:00');
INSERT INTO "customer_purchases" VALUES (4,7,'2022-12-23',10,1,4,'13:32:00');
INSERT INTO "customer_purchases" VALUES (4,7,'2022-12-23',13,2,4,'12:23:00');
INSERT INTO "customer_purchases" VALUES (4,7,'2022-12-23',17,4,4,'13:51:00');
INSERT INTO "customer_purchases" VALUES (4,7,'2022-12-23',18,2,4,'13:43:00');
INSERT INTO "customer_purchases" VALUES (4,7,'2022-12-23',18,2,4,'13:55:00');
INSERT INTO "customer_purchases" VALUES (4,7,'2022-12-27',2,1,4,'17:07:00');
INSERT INTO "customer_purchases" VALUES (4,7,'2022-12-27',3,1,4,'17:10:00');
INSERT INTO "customer_purchases" VALUES (4,7,'2022-12-27',3,5,4,'17:32:00');
INSERT INTO "customer_purchases" VALUES (4,7,'2022-12-27',5,2,4,'17:10:00');
INSERT INTO "customer_purchases" VALUES (4,7,'2022-12-27',8,1,4,'16:52:00');
INSERT INTO "customer_purchases" VALUES (4,7,'2022-12-27',8,2,4,'16:58:00');
INSERT INTO "customer_purchases" VALUES (4,7,'2022-12-27',9,1,4,'18:49:00');
INSERT INTO "customer_purchases" VALUES (4,7,'2022-12-27',10,4,4,'18:22:00');
INSERT INTO "customer_purchases" VALUES (4,7,'2022-12-27',10,3,4,'18:33:00');
INSERT INTO "customer_purchases" VALUES (4,7,'2022-12-30',5,3,4,'13:25:00');
INSERT INTO "customer_purchases" VALUES (4,7,'2022-12-30',5,1,4,'13:47:00');
INSERT INTO "customer_purchases" VALUES (4,7,'2022-12-30',7,1,4,'8:32:00');
INSERT INTO "customer_purchases" VALUES (4,7,'2022-12-30',9,1,4,'9:16:00');
INSERT INTO "customer_purchases" VALUES (4,7,'2022-12-30',10,1,4,'13:10:00');
INSERT INTO "customer_purchases" VALUES (4,7,'2022-12-30',10,1,4,'13:18:00');
INSERT INTO "customer_purchases" VALUES (4,7,'2022-12-30',16,2,4,'12:11:00');
INSERT INTO "customer_purchases" VALUES (4,7,'2022-12-30',17,4,4,'10:12:00');
INSERT INTO "customer_purchases" VALUES (4,7,'2022-12-30',17,5,4,'10:37:00');
INSERT INTO "customer_purchases" VALUES (4,7,'2023-03-07',7,1,4,'17:47:00');
INSERT INTO "customer_purchases" VALUES (4,7,'2023-03-07',7,2,4,'18:20:00');
INSERT INTO "customer_purchases" VALUES (4,7,'2023-03-07',13,2,4,'18:47:00');
INSERT INTO "customer_purchases" VALUES (4,7,'2023-03-10',3,2,4,'13:31:00');
INSERT INTO "customer_purchases" VALUES (4,7,'2023-03-10',10,5,4,'10:49:00');
INSERT INTO "customer_purchases" VALUES (4,7,'2023-03-10',11,4,4,'13:59:00');
INSERT INTO "customer_purchases" VALUES (4,7,'2023-03-10',12,5,4,'12:50:00');
INSERT INTO "customer_purchases" VALUES (4,7,'2023-03-10',12,5,4,'13:00:00');
INSERT INTO "customer_purchases" VALUES (4,7,'2023-03-10',17,4,4,'13:43:00');
INSERT INTO "customer_purchases" VALUES (4,7,'2023-03-10',17,3,4,'13:59:00');
INSERT INTO "customer_purchases" VALUES (4,7,'2023-03-14',4,2,4,'16:29:00');
INSERT INTO "customer_purchases" VALUES (4,7,'2023-03-14',4,4,4,'16:53:00');
INSERT INTO "customer_purchases" VALUES (4,7,'2023-03-14',5,1,4,'17:35:00');
INSERT INTO "customer_purchases" VALUES (4,7,'2023-03-14',6,1,4,'18:37:00');
INSERT INTO "customer_purchases" VALUES (4,7,'2023-03-14',7,4,4,'18:24:00');
INSERT INTO "customer_purchases" VALUES (4,7,'2023-03-14',10,5,4,'18:06:00');
INSERT INTO "customer_purchases" VALUES (4,7,'2023-03-14',10,5,4,'18:26:00');
INSERT INTO "customer_purchases" VALUES (4,7,'2023-03-14',11,4,4,'18:21:00');
INSERT INTO "customer_purchases" VALUES (4,7,'2023-03-14',14,3,4,'17:55:00');
INSERT INTO "customer_purchases" VALUES (4,7,'2023-03-17',2,2,4,'9:14:00');
INSERT INTO "customer_purchases" VALUES (4,7,'2023-03-17',4,4,4,'13:56:00');
INSERT INTO "customer_purchases" VALUES (4,7,'2023-03-17',5,1,4,'13:38:00');
INSERT INTO "customer_purchases" VALUES (4,7,'2023-03-17',5,3,4,'13:51:00');
INSERT INTO "customer_purchases" VALUES (4,7,'2023-03-17',7,4,4,'12:05:00');
INSERT INTO "customer_purchases" VALUES (4,7,'2023-03-17',7,4,4,'12:14:00');
INSERT INTO "customer_purchases" VALUES (4,7,'2023-03-17',10,5,4,'10:25:00');
INSERT INTO "customer_purchases" VALUES (4,7,'2023-03-17',11,4,4,'13:30:00');
INSERT INTO "customer_purchases" VALUES (4,7,'2023-03-17',11,1,4,'13:46:00');
INSERT INTO "customer_purchases" VALUES (4,7,'2023-03-21',1,4,4,'18:01:00');
INSERT INTO "customer_purchases" VALUES (4,7,'2023-03-21',2,1,4,'16:03:00');
INSERT INTO "customer_purchases" VALUES (4,7,'2023-03-21',2,1,4,'16:44:00');
INSERT INTO "customer_purchases" VALUES (4,7,'2023-03-21',4,2,4,'17:49:00');
INSERT INTO "customer_purchases" VALUES (4,7,'2023-03-21',10,3,4,'18:32:00');
INSERT INTO "customer_purchases" VALUES (4,7,'2023-03-21',11,2,4,'18:38:00');
INSERT INTO "customer_purchases" VALUES (4,7,'2023-03-21',13,2,4,'17:29:00');
INSERT INTO "customer_purchases" VALUES (4,7,'2023-03-21',13,5,4,'18:00:00');
INSERT INTO "customer_purchases" VALUES (4,7,'2023-03-24',1,1,4,'13:57:00');
INSERT INTO "customer_purchases" VALUES (4,7,'2023-03-24',2,5,4,'13:26:00');
INSERT INTO "customer_purchases" VALUES (4,7,'2023-03-24',2,2,4,'13:47:00');
INSERT INTO "customer_purchases" VALUES (4,7,'2023-03-24',4,3,4,'10:58:00');
INSERT INTO "customer_purchases" VALUES (4,7,'2023-03-24',4,4,4,'11:19:00');
INSERT INTO "customer_purchases" VALUES (4,7,'2023-03-24',7,1,4,'11:35:00');
INSERT INTO "customer_purchases" VALUES (4,7,'2023-03-24',9,4,4,'10:05:00');
INSERT INTO "customer_purchases" VALUES (4,7,'2023-03-24',11,5,4,'13:23:00');
INSERT INTO "customer_purchases" VALUES (4,7,'2023-03-24',17,5,4,'12:41:00');
INSERT INTO "customer_purchases" VALUES (4,7,'2023-03-28',1,5,4,'18:51:00');
INSERT INTO "customer_purchases" VALUES (4,7,'2023-03-28',3,1,4,'18:46:00');
INSERT INTO "customer_purchases" VALUES (4,7,'2023-03-28',10,2,4,'17:21:00');
INSERT INTO "customer_purchases" VALUES (4,7,'2023-03-28',10,4,4,'17:23:00');
INSERT INTO "customer_purchases" VALUES (4,7,'2023-03-28',13,2,4,'16:22:00');
INSERT INTO "customer_purchases" VALUES (4,7,'2023-03-28',13,4,4,'17:09:00');
INSERT INTO "customer_purchases" VALUES (4,7,'2023-03-28',14,1,4,'16:17:00');
INSERT INTO "customer_purchases" VALUES (4,7,'2023-03-28',14,3,4,'17:08:00');
INSERT INTO "customer_purchases" VALUES (4,7,'2023-03-28',17,5,4,'16:31:00');
INSERT INTO "customer_purchases" VALUES (4,7,'2023-03-28',17,5,4,'17:05:00');
INSERT INTO "customer_purchases" VALUES (4,7,'2023-03-31',2,5,3.5,'13:56:00');
INSERT INTO "customer_purchases" VALUES (4,7,'2023-03-31',9,1,3.5,'9:12:00');
INSERT INTO "customer_purchases" VALUES (4,7,'2023-03-31',11,4,3.5,'8:20:00');
INSERT INTO "customer_purchases" VALUES (4,7,'2023-03-31',11,4,3.5,'9:15:00');
INSERT INTO "customer_purchases" VALUES (4,7,'2023-03-31',15,5,3.5,'9:38:00');
INSERT INTO "customer_purchases" VALUES (4,7,'2023-03-31',15,4,3.5,'10:11:00');
INSERT INTO "customer_purchases" VALUES (4,7,'2023-03-31',16,1,3.5,'12:29:00');
INSERT INTO "customer_purchases" VALUES (4,7,'2023-03-31',16,3,3.5,'12:31:00');
INSERT INTO "customer_purchases" VALUES (4,7,'2023-03-31',17,4,3.5,'10:46:00');
INSERT INTO "customer_purchases" VALUES (4,7,'2023-03-31',17,4,3.5,'11:11:00');
INSERT INTO "customer_purchases" VALUES (4,7,'2023-03-31',18,1,3.5,'9:21:00');
INSERT INTO "customer_purchases" VALUES (4,7,'2023-04-04',7,4,4,'17:35:00');
INSERT INTO "customer_purchases" VALUES (4,7,'2023-04-04',12,2,4,'17:42:00');
INSERT INTO "customer_purchases" VALUES (4,7,'2023-04-04',12,4,4,'17:54:00');
INSERT INTO "customer_purchases" VALUES (4,7,'2023-04-04',15,5,4,'18:20:00');
INSERT INTO "customer_purchases" VALUES (4,7,'2023-04-04',15,4,4,'18:34:00');
INSERT INTO "customer_purchases" VALUES (4,7,'2023-04-04',17,4,4,'17:54:00');
INSERT INTO "customer_purchases" VALUES (4,7,'2023-04-04',18,5,4,'17:58:00');
INSERT INTO "customer_purchases" VALUES (4,7,'2023-04-07',2,2,4,'12:02:00');
INSERT INTO "customer_purchases" VALUES (4,7,'2023-04-07',6,5,4,'10:53:00');
INSERT INTO "customer_purchases" VALUES (4,7,'2023-04-07',9,1,4,'12:51:00');
INSERT INTO "customer_purchases" VALUES (4,7,'2023-04-07',12,3,4,'13:47:00');
INSERT INTO "customer_purchases" VALUES (4,7,'2023-04-07',13,4,4,'12:01:00');
INSERT INTO "customer_purchases" VALUES (4,7,'2023-04-07',17,1,4,'11:32:00');
INSERT INTO "customer_purchases" VALUES (4,7,'2023-04-07',17,1,4,'11:48:00');
INSERT INTO "customer_purchases" VALUES (4,7,'2023-04-11',1,2,4,'18:42:00');
INSERT INTO "customer_purchases" VALUES (4,7,'2023-04-11',4,3,4,'18:55:00');
INSERT INTO "customer_purchases" VALUES (4,7,'2023-04-11',5,1,4,'16:58:00');
INSERT INTO "customer_purchases" VALUES (4,7,'2023-04-11',6,4,4,'18:35:00');
INSERT INTO "customer_purchases" VALUES (4,7,'2023-04-11',7,1,4,'17:26:00');
INSERT INTO "customer_purchases" VALUES (4,7,'2023-04-11',8,5,4,'17:15:00');
INSERT INTO "customer_purchases" VALUES (4,7,'2023-04-11',10,5,4,'18:50:00');
INSERT INTO "customer_purchases" VALUES (4,7,'2023-04-11',17,4,4,'18:57:00');
INSERT INTO "customer_purchases" VALUES (4,7,'2023-04-14',3,5,4,'9:11:00');
INSERT INTO "customer_purchases" VALUES (4,7,'2023-04-14',3,3,4,'9:13:00');
INSERT INTO "customer_purchases" VALUES (4,7,'2023-04-14',4,3,4,'12:17:00');
INSERT INTO "customer_purchases" VALUES (4,7,'2023-04-14',4,4,4,'12:31:00');
INSERT INTO "customer_purchases" VALUES (4,7,'2023-04-14',5,2,4,'9:11:00');
INSERT INTO "customer_purchases" VALUES (4,7,'2023-04-14',5,2,4,'9:24:00');
INSERT INTO "customer_purchases" VALUES (4,7,'2023-04-14',10,2,4,'12:08:00');
INSERT INTO "customer_purchases" VALUES (4,7,'2023-04-14',11,2,4,'12:25:00');
INSERT INTO "customer_purchases" VALUES (4,7,'2023-04-14',16,4,4,'12:15:00');
INSERT INTO "customer_purchases" VALUES (4,7,'2023-04-14',16,5,4,'12:36:00');
INSERT INTO "customer_purchases" VALUES (4,7,'2023-04-18',1,2,4,'18:44:00');
INSERT INTO "customer_purchases" VALUES (4,7,'2023-04-18',2,3,4,'17:25:00');
INSERT INTO "customer_purchases" VALUES (4,7,'2023-04-18',2,1,4,'17:36:00');
INSERT INTO "customer_purchases" VALUES (4,7,'2023-04-18',8,5,4,'17:08:00');
INSERT INTO "customer_purchases" VALUES (4,7,'2023-04-18',9,2,4,'18:25:00');
INSERT INTO "customer_purchases" VALUES (4,7,'2023-04-18',9,1,4,'18:50:00');
INSERT INTO "customer_purchases" VALUES (4,7,'2023-04-18',16,2,4,'16:59:00');
INSERT INTO "customer_purchases" VALUES (4,7,'2023-04-18',16,4,4,'17:17:00');
INSERT INTO "customer_purchases" VALUES (4,7,'2023-04-18',17,5,4,'18:51:00');
INSERT INTO "customer_purchases" VALUES (4,7,'2023-04-18',18,2,4,'18:11:00');
INSERT INTO "customer_purchases" VALUES (4,7,'2023-04-21',2,5,4,'13:39:00');
INSERT INTO "customer_purchases" VALUES (4,7,'2023-04-21',3,5,4,'8:28:00');
INSERT INTO "customer_purchases" VALUES (4,7,'2023-04-21',4,2,4,'9:02:00');
INSERT INTO "customer_purchases" VALUES (4,7,'2023-04-21',10,5,4,'11:53:00');
INSERT INTO "customer_purchases" VALUES (4,7,'2023-04-21',10,2,4,'12:04:00');
INSERT INTO "customer_purchases" VALUES (4,7,'2023-04-21',16,5,4,'12:13:00');
INSERT INTO "customer_purchases" VALUES (4,7,'2023-04-21',16,4,4,'12:27:00');
INSERT INTO "customer_purchases" VALUES (4,7,'2023-04-21',17,4,4,'11:51:00');
INSERT INTO "customer_purchases" VALUES (4,7,'2023-04-21',17,4,4,'13:22:00');
INSERT INTO "customer_purchases" VALUES (4,7,'2023-04-25',2,3,3.5,'17:08:00');
INSERT INTO "customer_purchases" VALUES (4,7,'2023-04-25',2,3,3.5,'17:29:00');
INSERT INTO "customer_purchases" VALUES (4,7,'2023-04-25',3,5,3.5,'17:52:00');
INSERT INTO "customer_purchases" VALUES (4,7,'2023-04-25',5,3,3.5,'18:55:00');
INSERT INTO "customer_purchases" VALUES (4,7,'2023-04-25',7,4,3.5,'18:58:00');
INSERT INTO "customer_purchases" VALUES (4,7,'2023-04-25',8,1,3.5,'18:08:00');
INSERT INTO "customer_purchases" VALUES (4,7,'2023-04-25',8,1,3.5,'18:29:00');
INSERT INTO "customer_purchases" VALUES (4,7,'2023-04-25',9,2,3.5,'18:46:00');
INSERT INTO "customer_purchases" VALUES (4,7,'2023-04-25',15,5,3.5,'17:49:00');
INSERT INTO "customer_purchases" VALUES (4,7,'2023-04-25',15,5,3.5,'17:57:00');
INSERT INTO "customer_purchases" VALUES (4,7,'2023-04-25',16,4,3.5,'17:49:00');
INSERT INTO "customer_purchases" VALUES (4,7,'2023-04-28',1,2,3.5,'11:39:00');
INSERT INTO "customer_purchases" VALUES (4,7,'2023-04-28',1,2,3.5,'11:46:00');
INSERT INTO "customer_purchases" VALUES (4,7,'2023-04-28',2,2,3.5,'12:05:00');
INSERT INTO "customer_purchases" VALUES (4,7,'2023-04-28',2,3,3.5,'13:05:00');
INSERT INTO "customer_purchases" VALUES (4,7,'2023-04-28',3,4,3.5,'8:45:00');
INSERT INTO "customer_purchases" VALUES (4,7,'2023-04-28',3,4,3.5,'8:47:00');
INSERT INTO "customer_purchases" VALUES (4,7,'2023-04-28',4,3,3.5,'10:42:00');
INSERT INTO "customer_purchases" VALUES (4,7,'2023-04-28',5,3,3.5,'11:04:00');
INSERT INTO "customer_purchases" VALUES (4,7,'2023-04-28',5,3,3.5,'11:59:00');
INSERT INTO "customer_purchases" VALUES (4,7,'2023-04-28',6,4,3.5,'13:47:00');
INSERT INTO "customer_purchases" VALUES (4,7,'2023-04-28',11,5,3.5,'10:54:00');
INSERT INTO "customer_purchases" VALUES (4,7,'2023-05-02',2,5,4,'17:16:00');
INSERT INTO "customer_purchases" VALUES (4,7,'2023-05-02',4,4,4,'18:51:00');
INSERT INTO "customer_purchases" VALUES (4,7,'2023-05-02',6,4,4,'17:17:00');
INSERT INTO "customer_purchases" VALUES (4,7,'2023-05-02',6,5,4,'17:45:00');
INSERT INTO "customer_purchases" VALUES (4,7,'2023-05-02',7,2,4,'17:45:00');
INSERT INTO "customer_purchases" VALUES (4,7,'2023-05-02',7,3,4,'17:46:00');
INSERT INTO "customer_purchases" VALUES (4,7,'2023-05-02',12,4,4,'16:44:00');
INSERT INTO "customer_purchases" VALUES (4,7,'2023-05-05',1,2,4,'12:40:00');
INSERT INTO "customer_purchases" VALUES (4,7,'2023-05-05',2,1,4,'13:12:00');
INSERT INTO "customer_purchases" VALUES (4,7,'2023-05-05',11,1,4,'11:18:00');
INSERT INTO "customer_purchases" VALUES (4,7,'2023-05-05',11,4,4,'12:12:00');
INSERT INTO "customer_purchases" VALUES (4,7,'2023-05-05',12,5,4,'9:07:00');
INSERT INTO "customer_purchases" VALUES (4,7,'2023-05-05',13,1,4,'11:08:00');
INSERT INTO "customer_purchases" VALUES (4,7,'2023-05-05',13,3,4,'11:10:00');
INSERT INTO "customer_purchases" VALUES (4,7,'2023-05-09',1,3,4,'18:55:00');
INSERT INTO "customer_purchases" VALUES (4,7,'2023-05-09',1,4,4,'18:58:00');
INSERT INTO "customer_purchases" VALUES (4,7,'2023-05-09',2,3,4,'18:04:00');
INSERT INTO "customer_purchases" VALUES (4,7,'2023-05-09',2,3,4,'18:15:00');
INSERT INTO "customer_purchases" VALUES (4,7,'2023-05-09',3,2,4,'17:03:00');
INSERT INTO "customer_purchases" VALUES (4,7,'2023-05-09',3,3,4,'17:06:00');
INSERT INTO "customer_purchases" VALUES (4,7,'2023-05-09',7,5,4,'18:29:00');
INSERT INTO "customer_purchases" VALUES (4,7,'2023-05-09',8,3,4,'18:39:00');
INSERT INTO "customer_purchases" VALUES (4,7,'2023-05-09',10,4,4,'17:12:00');
INSERT INTO "customer_purchases" VALUES (4,7,'2023-05-12',1,4,3.5,'9:04:00');
INSERT INTO "customer_purchases" VALUES (4,7,'2023-05-12',4,5,3.5,'8:39:00');
INSERT INTO "customer_purchases" VALUES (4,7,'2023-05-12',8,1,3.5,'12:32:00');
INSERT INTO "customer_purchases" VALUES (4,7,'2023-05-12',8,1,3.5,'12:33:00');
INSERT INTO "customer_purchases" VALUES (4,7,'2023-05-12',9,3,3.5,'9:58:00');
INSERT INTO "customer_purchases" VALUES (4,7,'2023-05-12',10,5,3.5,'13:40:00');
INSERT INTO "customer_purchases" VALUES (4,7,'2023-05-12',10,3,3.5,'13:44:00');
INSERT INTO "customer_purchases" VALUES (4,7,'2023-05-12',12,1,3.5,'13:27:00');
INSERT INTO "customer_purchases" VALUES (4,7,'2023-05-12',12,4,3.5,'13:38:00');
INSERT INTO "customer_purchases" VALUES (4,7,'2023-05-16',6,1,4,'18:12:00');
INSERT INTO "customer_purchases" VALUES (4,7,'2023-05-16',17,1,4,'16:53:00');
INSERT INTO "customer_purchases" VALUES (4,7,'2023-05-16',17,1,4,'17:26:00');
INSERT INTO "customer_purchases" VALUES (4,7,'2023-05-19',3,2,4,'9:59:00');
INSERT INTO "customer_purchases" VALUES (4,7,'2023-05-19',6,1,4,'8:33:00');
INSERT INTO "customer_purchases" VALUES (4,7,'2023-05-19',7,2,4,'10:09:00');
INSERT INTO "customer_purchases" VALUES (4,7,'2023-05-19',11,2,4,'13:58:00');
INSERT INTO "customer_purchases" VALUES (4,7,'2023-05-19',12,1,4,'12:37:00');
INSERT INTO "customer_purchases" VALUES (4,7,'2023-05-19',12,2,4,'12:49:00');
INSERT INTO "customer_purchases" VALUES (4,7,'2023-05-19',18,2,4,'13:19:00');
INSERT INTO "customer_purchases" VALUES (4,7,'2023-05-23',1,1,4,'18:27:00');
INSERT INTO "customer_purchases" VALUES (4,7,'2023-05-23',2,2,4,'17:17:00');
INSERT INTO "customer_purchases" VALUES (4,7,'2023-05-23',4,2,4,'18:35:00');
INSERT INTO "customer_purchases" VALUES (4,7,'2023-05-23',4,1,4,'18:52:00');
INSERT INTO "customer_purchases" VALUES (4,7,'2023-05-23',9,5,4,'16:37:00');
INSERT INTO "customer_purchases" VALUES (4,7,'2023-05-23',9,4,4,'17:23:00');
INSERT INTO "customer_purchases" VALUES (4,7,'2023-05-23',13,4,4,'18:31:00');
INSERT INTO "customer_purchases" VALUES (4,7,'2023-05-23',13,1,4,'18:48:00');
INSERT INTO "customer_purchases" VALUES (4,7,'2023-05-23',18,5,4,'17:21:00');
INSERT INTO "customer_purchases" VALUES (4,7,'2023-05-23',18,1,4,'18:01:00');
INSERT INTO "customer_purchases" VALUES (4,7,'2023-05-26',1,5,4,'13:46:00');
INSERT INTO "customer_purchases" VALUES (4,7,'2023-05-26',1,4,4,'13:49:00');
INSERT INTO "customer_purchases" VALUES (4,7,'2023-05-26',3,3,4,'11:39:00');
INSERT INTO "customer_purchases" VALUES (4,7,'2023-05-26',4,2,4,'11:21:00');
INSERT INTO "customer_purchases" VALUES (4,7,'2023-05-26',6,2,4,'11:08:00');
INSERT INTO "customer_purchases" VALUES (4,7,'2023-05-26',12,3,4,'13:48:00');
INSERT INTO "customer_purchases" VALUES (4,7,'2023-05-26',12,3,4,'13:59:00');
INSERT INTO "customer_purchases" VALUES (4,7,'2023-05-30',2,2,4,'17:37:00');
INSERT INTO "customer_purchases" VALUES (4,7,'2023-05-30',3,5,4,'16:58:00');
INSERT INTO "customer_purchases" VALUES (4,7,'2023-05-30',3,3,4,'17:13:00');
INSERT INTO "customer_purchases" VALUES (4,7,'2023-05-30',4,3,4,'18:55:00');
INSERT INTO "customer_purchases" VALUES (4,7,'2023-05-30',4,4,4,'18:57:00');
INSERT INTO "customer_purchases" VALUES (4,7,'2023-05-30',8,2,4,'18:07:00');
INSERT INTO "customer_purchases" VALUES (4,7,'2023-05-30',8,2,4,'18:10:00');
INSERT INTO "customer_purchases" VALUES (4,7,'2023-05-30',12,1,4,'18:32:00');
INSERT INTO "customer_purchases" VALUES (4,7,'2023-06-02',1,5,4,'13:37:00');
INSERT INTO "customer_purchases" VALUES (4,7,'2023-06-02',3,1,4,'10:16:00');
INSERT INTO "customer_purchases" VALUES (4,7,'2023-06-02',3,1,4,'10:25:00');
INSERT INTO "customer_purchases" VALUES (4,7,'2023-06-02',5,1,4,'13:49:00');
INSERT INTO "customer_purchases" VALUES (4,7,'2023-06-02',6,5,4,'12:01:00');
INSERT INTO "customer_purchases" VALUES (4,7,'2023-06-02',7,4,4,'11:58:00');
INSERT INTO "customer_purchases" VALUES (4,7,'2023-06-02',12,5,4,'12:42:00');
INSERT INTO "customer_purchases" VALUES (4,7,'2023-06-02',14,1,4,'9:41:00');
INSERT INTO "customer_purchases" VALUES (4,7,'2023-06-02',17,4,4,'11:08:00');
INSERT INTO "customer_purchases" VALUES (4,7,'2023-06-02',18,2,4,'10:44:00');
INSERT INTO "customer_purchases" VALUES (4,7,'2023-06-02',18,2,4,'11:01:00');
INSERT INTO "customer_purchases" VALUES (4,7,'2023-06-06',5,1,4,'18:02:00');
INSERT INTO "customer_purchases" VALUES (4,7,'2023-06-06',9,2,4,'17:45:00');
INSERT INTO "customer_purchases" VALUES (4,7,'2023-06-06',10,1,4,'17:15:00');
INSERT INTO "customer_purchases" VALUES (4,7,'2023-06-09',8,3,4,'9:25:00');
INSERT INTO "customer_purchases" VALUES (4,7,'2023-06-09',8,3,4,'10:08:00');
INSERT INTO "customer_purchases" VALUES (4,7,'2023-06-09',9,4,4,'12:15:00');
INSERT INTO "customer_purchases" VALUES (4,7,'2023-06-09',10,2,4,'9:37:00');
INSERT INTO "customer_purchases" VALUES (4,7,'2023-06-09',10,1,4,'10:24:00');
INSERT INTO "customer_purchases" VALUES (4,7,'2023-06-09',11,3,4,'10:03:00');
INSERT INTO "customer_purchases" VALUES (4,7,'2023-06-09',17,2,4,'12:06:00');
INSERT INTO "customer_purchases" VALUES (4,7,'2023-06-09',17,3,4,'12:53:00');
INSERT INTO "customer_purchases" VALUES (4,7,'2023-06-13',6,5,4,'17:21:00');
INSERT INTO "customer_purchases" VALUES (4,7,'2023-06-13',6,3,4,'17:57:00');
INSERT INTO "customer_purchases" VALUES (4,7,'2023-06-13',16,4,4,'16:46:00');
INSERT INTO "customer_purchases" VALUES (4,7,'2023-06-13',16,3,4,'16:54:00');
INSERT INTO "customer_purchases" VALUES (4,7,'2023-06-13',17,4,4,'17:04:00');
INSERT INTO "customer_purchases" VALUES (4,7,'2023-06-13',17,4,4,'17:44:00');
INSERT INTO "customer_purchases" VALUES (4,7,'2023-06-13',18,5,4,'16:36:00');
INSERT INTO "customer_purchases" VALUES (4,7,'2023-06-13',18,5,4,'17:25:00');
INSERT INTO "customer_purchases" VALUES (4,7,'2023-06-16',2,4,4,'13:39:00');
INSERT INTO "customer_purchases" VALUES (4,7,'2023-06-16',2,4,4,'13:58:00');
INSERT INTO "customer_purchases" VALUES (4,7,'2023-06-16',4,4,4,'8:37:00');
INSERT INTO "customer_purchases" VALUES (4,7,'2023-06-16',7,4,4,'9:53:00');
INSERT INTO "customer_purchases" VALUES (4,7,'2023-06-16',11,1,4,'12:20:00');
INSERT INTO "customer_purchases" VALUES (4,7,'2023-06-16',16,4,4,'13:44:00');
INSERT INTO "customer_purchases" VALUES (4,7,'2023-06-16',16,1,4,'13:55:00');
INSERT INTO "customer_purchases" VALUES (4,7,'2023-06-16',17,5,4,'13:32:00');
INSERT INTO "customer_purchases" VALUES (4,7,'2023-06-20',1,2,4,'17:00:00');
INSERT INTO "customer_purchases" VALUES (4,7,'2023-06-20',1,2,4,'17:54:00');
INSERT INTO "customer_purchases" VALUES (4,7,'2023-06-20',3,3,4,'18:44:00');
INSERT INTO "customer_purchases" VALUES (4,7,'2023-06-20',7,4,4,'18:40:00');
INSERT INTO "customer_purchases" VALUES (4,7,'2023-06-20',7,3,4,'18:52:00');
INSERT INTO "customer_purchases" VALUES (4,7,'2023-06-20',9,1,4,'17:42:00');
INSERT INTO "customer_purchases" VALUES (4,7,'2023-06-20',11,2,4,'18:47:00');
INSERT INTO "customer_purchases" VALUES (4,7,'2023-06-20',11,3,4,'18:57:00');
INSERT INTO "customer_purchases" VALUES (4,7,'2023-06-20',12,4,4,'18:27:00');
INSERT INTO "customer_purchases" VALUES (4,7,'2023-06-20',15,5,4,'17:18:00');
INSERT INTO "customer_purchases" VALUES (4,7,'2023-06-20',15,2,4,'17:43:00');
INSERT INTO "customer_purchases" VALUES (4,7,'2023-06-23',3,5,3.5,'9:20:00');
INSERT INTO "customer_purchases" VALUES (4,7,'2023-06-23',4,3,3.5,'13:43:00');
INSERT INTO "customer_purchases" VALUES (4,7,'2023-06-23',5,5,3.5,'13:33:00');
INSERT INTO "customer_purchases" VALUES (4,7,'2023-06-23',5,4,3.5,'13:55:00');
INSERT INTO "customer_purchases" VALUES (4,7,'2023-06-23',7,2,3.5,'9:24:00');
INSERT INTO "customer_purchases" VALUES (4,7,'2023-06-23',11,2,3.5,'9:36:00');
INSERT INTO "customer_purchases" VALUES (4,7,'2023-06-23',11,2,3.5,'9:41:00');
INSERT INTO "customer_purchases" VALUES (4,7,'2023-06-23',17,1,3.5,'9:01:00');
INSERT INTO "customer_purchases" VALUES (4,7,'2023-06-23',17,3,3.5,'10:08:00');
INSERT INTO "customer_purchases" VALUES (4,7,'2023-06-27',3,1,4,'18:33:00');
INSERT INTO "customer_purchases" VALUES (4,7,'2023-06-27',7,5,4,'18:26:00');
INSERT INTO "customer_purchases" VALUES (4,7,'2023-06-27',7,4,4,'18:48:00');
INSERT INTO "customer_purchases" VALUES (4,7,'2023-06-27',10,1,4,'18:53:00');
INSERT INTO "customer_purchases" VALUES (4,7,'2023-06-27',11,5,4,'18:19:00');
INSERT INTO "customer_purchases" VALUES (4,7,'2023-06-27',11,4,4,'18:42:00');
INSERT INTO "customer_purchases" VALUES (4,7,'2023-06-30',1,5,4,'12:05:00');
INSERT INTO "customer_purchases" VALUES (4,7,'2023-06-30',1,3,4,'12:54:00');
INSERT INTO "customer_purchases" VALUES (4,7,'2023-06-30',2,4,4,'9:13:00');
INSERT INTO "customer_purchases" VALUES (4,7,'2023-06-30',3,2,4,'10:24:00');
INSERT INTO "customer_purchases" VALUES (4,7,'2023-06-30',4,3,4,'12:58:00');
INSERT INTO "customer_purchases" VALUES (4,7,'2023-06-30',6,3,4,'13:09:00');
INSERT INTO "customer_purchases" VALUES (4,7,'2023-06-30',6,5,4,'13:32:00');
INSERT INTO "customer_purchases" VALUES (4,7,'2023-06-30',12,1,4,'8:42:00');
INSERT INTO "customer_purchases" VALUES (4,7,'2023-06-30',12,4,4,'8:46:00');
INSERT INTO "customer_purchases" VALUES (4,7,'2023-07-04',18,5,4,'16:35:00');
INSERT INTO "customer_purchases" VALUES (4,7,'2023-07-04',18,3,4,'17:34:00');
INSERT INTO "customer_purchases" VALUES (4,7,'2023-07-07',2,5,3.5,'12:43:00');
INSERT INTO "customer_purchases" VALUES (4,7,'2023-07-07',7,4,3.5,'13:15:00');
INSERT INTO "customer_purchases" VALUES (4,7,'2023-07-07',8,1,3.5,'13:02:00');
INSERT INTO "customer_purchases" VALUES (4,7,'2023-07-07',14,1,3.5,'9:28:00');
INSERT INTO "customer_purchases" VALUES (4,7,'2023-07-07',17,4,3.5,'13:31:00');
INSERT INTO "customer_purchases" VALUES (4,7,'2023-07-11',2,1,4,'18:25:00');
INSERT INTO "customer_purchases" VALUES (4,7,'2023-07-11',3,3,4,'18:26:00');
INSERT INTO "customer_purchases" VALUES (4,7,'2023-07-11',5,2,4,'18:56:00');
INSERT INTO "customer_purchases" VALUES (4,7,'2023-07-11',6,5,4,'18:37:00');
INSERT INTO "customer_purchases" VALUES (4,7,'2023-07-11',7,3,4,'16:58:00');
INSERT INTO "customer_purchases" VALUES (4,7,'2023-07-11',9,3,4,'17:12:00');
INSERT INTO "customer_purchases" VALUES (4,7,'2023-07-14',1,1,4,'8:19:00');
INSERT INTO "customer_purchases" VALUES (4,7,'2023-07-14',3,4,4,'8:15:00');
INSERT INTO "customer_purchases" VALUES (4,7,'2023-07-14',10,5,4,'11:04:00');
INSERT INTO "customer_purchases" VALUES (4,7,'2023-07-14',10,1,4,'11:25:00');
INSERT INTO "customer_purchases" VALUES (4,7,'2023-07-18',1,2,4,'18:42:00');
INSERT INTO "customer_purchases" VALUES (4,7,'2023-07-18',7,5,4,'17:57:00');
INSERT INTO "customer_purchases" VALUES (4,7,'2023-07-18',7,5,4,'18:10:00');
INSERT INTO "customer_purchases" VALUES (4,7,'2023-07-18',18,5,4,'17:06:00');
INSERT INTO "customer_purchases" VALUES (4,7,'2023-07-21',11,2,4,'13:45:00');
INSERT INTO "customer_purchases" VALUES (4,7,'2023-07-21',13,3,4,'12:56:00');
INSERT INTO "customer_purchases" VALUES (4,7,'2023-07-21',13,2,4,'13:03:00');
INSERT INTO "customer_purchases" VALUES (4,7,'2023-07-25',7,1,4,'17:56:00');
INSERT INTO "customer_purchases" VALUES (4,7,'2023-07-28',1,5,4,'12:11:00');
INSERT INTO "customer_purchases" VALUES (4,7,'2023-07-28',2,4,4,'13:37:00');
INSERT INTO "customer_purchases" VALUES (4,7,'2023-07-28',5,5,4,'13:57:00');
INSERT INTO "customer_purchases" VALUES (4,7,'2023-07-28',7,2,4,'9:17:00');
INSERT INTO "customer_purchases" VALUES (4,7,'2023-07-28',10,4,4,'11:18:00');
INSERT INTO "customer_purchases" VALUES (4,7,'2023-07-28',10,3,4,'11:28:00');
INSERT INTO "customer_purchases" VALUES (4,7,'2023-07-28',14,3,4,'10:33:00');
INSERT INTO "customer_purchases" VALUES (4,7,'2023-07-28',14,1,4,'11:17:00');
INSERT INTO "customer_purchases" VALUES (4,7,'2023-07-28',17,3,4,'11:33:00');
INSERT INTO "customer_purchases" VALUES (4,7,'2023-08-01',2,4,4,'18:31:00');
INSERT INTO "customer_purchases" VALUES (4,7,'2023-08-01',5,2,4,'18:47:00');
INSERT INTO "customer_purchases" VALUES (4,7,'2023-08-01',6,5,4,'17:40:00');
INSERT INTO "customer_purchases" VALUES (4,7,'2023-08-04',2,2,4,'8:42:00');
INSERT INTO "customer_purchases" VALUES (4,7,'2023-08-04',2,2,4,'9:50:00');
INSERT INTO "customer_purchases" VALUES (4,7,'2023-08-04',3,5,4,'10:27:00');
INSERT INTO "customer_purchases" VALUES (4,7,'2023-08-08',3,1,4,'17:49:00');
INSERT INTO "customer_purchases" VALUES (4,7,'2023-08-08',4,1,4,'16:55:00');
INSERT INTO "customer_purchases" VALUES (4,7,'2023-08-08',6,5,4,'17:45:00');
INSERT INTO "customer_purchases" VALUES (4,7,'2023-08-08',17,1,4,'18:30:00');
INSERT INTO "customer_purchases" VALUES (4,7,'2023-08-11',1,1,4,'13:04:00');
INSERT INTO "customer_purchases" VALUES (4,7,'2023-08-11',1,1,4,'13:05:00');
INSERT INTO "customer_purchases" VALUES (4,7,'2023-08-11',4,2,4,'10:59:00');
INSERT INTO "customer_purchases" VALUES (4,7,'2023-08-11',5,4,4,'13:02:00');
INSERT INTO "customer_purchases" VALUES (4,7,'2023-08-11',5,4,4,'13:24:00');
INSERT INTO "customer_purchases" VALUES (4,7,'2023-08-11',10,4,4,'10:14:00');
INSERT INTO "customer_purchases" VALUES (4,7,'2023-08-11',10,1,4,'10:31:00');
INSERT INTO "customer_purchases" VALUES (4,7,'2023-08-11',12,3,4,'9:54:00');
INSERT INTO "customer_purchases" VALUES (4,7,'2023-08-15',3,3,4,'18:17:00');
INSERT INTO "customer_purchases" VALUES (4,7,'2023-08-15',4,5,4,'18:55:00');
INSERT INTO "customer_purchases" VALUES (4,7,'2023-08-15',4,3,4,'18:57:00');
INSERT INTO "customer_purchases" VALUES (4,7,'2023-08-15',7,4,4,'17:43:00');
INSERT INTO "customer_purchases" VALUES (4,7,'2023-08-15',9,2,4,'16:52:00');
INSERT INTO "customer_purchases" VALUES (4,7,'2023-08-15',9,2,4,'17:16:00');
INSERT INTO "customer_purchases" VALUES (4,7,'2023-08-15',18,2,4,'17:08:00');
INSERT INTO "customer_purchases" VALUES (4,7,'2023-08-18',4,2,4,'13:42:00');
INSERT INTO "customer_purchases" VALUES (4,7,'2023-08-18',6,3,4,'8:48:00');
INSERT INTO "customer_purchases" VALUES (4,7,'2023-08-18',11,3,4,'13:33:00');
INSERT INTO "customer_purchases" VALUES (4,7,'2023-08-18',11,1,4,'13:38:00');
INSERT INTO "customer_purchases" VALUES (4,7,'2023-08-18',12,5,4,'11:35:00');
INSERT INTO "customer_purchases" VALUES (4,7,'2023-08-18',13,5,4,'12:02:00');
INSERT INTO "customer_purchases" VALUES (4,7,'2023-08-18',16,2,4,'12:06:00');
INSERT INTO "customer_purchases" VALUES (4,7,'2023-08-18',16,3,4,'12:57:00');
INSERT INTO "customer_purchases" VALUES (4,7,'2023-08-22',1,1,4,'18:15:00');
INSERT INTO "customer_purchases" VALUES (4,7,'2023-08-22',2,5,4,'18:51:00');
INSERT INTO "customer_purchases" VALUES (4,7,'2023-08-22',3,2,4,'18:53:00');
INSERT INTO "customer_purchases" VALUES (4,7,'2023-08-22',3,2,4,'18:57:00');
INSERT INTO "customer_purchases" VALUES (4,7,'2023-08-22',6,4,4,'18:38:00');
INSERT INTO "customer_purchases" VALUES (4,7,'2023-08-22',11,2,4,'17:20:00');
INSERT INTO "customer_purchases" VALUES (4,7,'2023-08-22',11,3,4,'17:58:00');
INSERT INTO "customer_purchases" VALUES (4,7,'2023-08-25',2,2,4,'11:57:00');
INSERT INTO "customer_purchases" VALUES (4,7,'2023-08-25',10,5,4,'13:54:00');
INSERT INTO "customer_purchases" VALUES (4,7,'2023-08-25',14,2,4,'13:10:00');
INSERT INTO "customer_purchases" VALUES (4,7,'2023-08-25',16,1,4,'13:07:00');
INSERT INTO "customer_purchases" VALUES (4,7,'2023-08-29',1,3,3.5,'17:23:00');
INSERT INTO "customer_purchases" VALUES (4,7,'2023-08-29',5,4,3.5,'18:37:00');
INSERT INTO "customer_purchases" VALUES (4,7,'2023-08-29',5,5,3.5,'18:47:00');
INSERT INTO "customer_purchases" VALUES (4,7,'2023-08-29',6,1,3.5,'17:21:00');
INSERT INTO "customer_purchases" VALUES (4,7,'2023-08-29',8,5,3.5,'18:12:00');
INSERT INTO "customer_purchases" VALUES (4,7,'2023-09-01',5,5,4,'8:03:00');
INSERT INTO "customer_purchases" VALUES (4,7,'2023-09-01',5,5,4,'9:05:00');
INSERT INTO "customer_purchases" VALUES (4,7,'2023-09-01',6,3,4,'11:19:00');
INSERT INTO "customer_purchases" VALUES (4,7,'2023-09-01',6,5,4,'11:48:00');
INSERT INTO "customer_purchases" VALUES (4,7,'2023-09-01',9,5,4,'12:28:00');
INSERT INTO "customer_purchases" VALUES (4,7,'2023-09-01',13,4,4,'12:58:00');
INSERT INTO "customer_purchases" VALUES (4,7,'2023-09-01',14,1,4,'12:58:00');
INSERT INTO "customer_purchases" VALUES (4,7,'2023-09-01',18,2,4,'10:34:00');
INSERT INTO "customer_purchases" VALUES (4,7,'2023-09-05',2,2,4,'17:40:00');
INSERT INTO "customer_purchases" VALUES (4,7,'2023-09-05',2,2,4,'18:17:00');
INSERT INTO "customer_purchases" VALUES (4,7,'2023-09-05',3,5,4,'17:49:00');
INSERT INTO "customer_purchases" VALUES (4,7,'2023-09-05',7,4,4,'18:43:00');
INSERT INTO "customer_purchases" VALUES (4,7,'2023-09-05',13,1,4,'18:37:00');
INSERT INTO "customer_purchases" VALUES (4,7,'2023-09-08',4,1,4,'11:06:00');
INSERT INTO "customer_purchases" VALUES (4,7,'2023-09-08',6,3,4,'13:36:00');
INSERT INTO "customer_purchases" VALUES (4,7,'2023-09-08',10,5,4,'12:24:00');
INSERT INTO "customer_purchases" VALUES (4,7,'2023-09-08',12,2,4,'10:26:00');
INSERT INTO "customer_purchases" VALUES (4,7,'2023-09-08',17,2,4,'13:53:00');
INSERT INTO "customer_purchases" VALUES (4,7,'2023-09-12',2,3,3.5,'18:45:00');
INSERT INTO "customer_purchases" VALUES (4,7,'2023-09-12',5,5,3.5,'18:42:00');
INSERT INTO "customer_purchases" VALUES (4,7,'2023-09-12',5,5,3.5,'18:51:00');
INSERT INTO "customer_purchases" VALUES (4,7,'2023-09-12',7,2,3.5,'16:49:00');
INSERT INTO "customer_purchases" VALUES (4,7,'2023-09-12',7,2,3.5,'17:39:00');
INSERT INTO "customer_purchases" VALUES (4,7,'2023-09-12',11,4,3.5,'17:30:00');
INSERT INTO "customer_purchases" VALUES (4,7,'2023-09-12',15,3,3.5,'18:35:00');
INSERT INTO "customer_purchases" VALUES (4,7,'2023-09-15',2,5,3.5,'13:52:00');
INSERT INTO "customer_purchases" VALUES (4,7,'2023-09-15',3,4,3.5,'11:27:00');
INSERT INTO "customer_purchases" VALUES (4,7,'2023-09-15',5,3,3.5,'10:20:00');
INSERT INTO "customer_purchases" VALUES (4,7,'2023-09-15',17,3,3.5,'11:14:00');
INSERT INTO "customer_purchases" VALUES (4,7,'2023-09-19',7,3,4,'18:03:00');
INSERT INTO "customer_purchases" VALUES (4,7,'2023-09-19',10,3,4,'16:55:00');
INSERT INTO "customer_purchases" VALUES (4,7,'2023-09-19',10,3,4,'16:56:00');
INSERT INTO "customer_purchases" VALUES (4,7,'2023-09-19',17,4,4,'17:09:00');
INSERT INTO "customer_purchases" VALUES (4,7,'2023-09-22',1,4,4,'9:33:00');
INSERT INTO "customer_purchases" VALUES (4,7,'2023-09-22',7,3,4,'9:32:00');
INSERT INTO "customer_purchases" VALUES (4,7,'2023-09-22',9,2,4,'12:16:00');
INSERT INTO "customer_purchases" VALUES (4,7,'2023-09-22',11,1,4,'11:07:00');
INSERT INTO "customer_purchases" VALUES (4,7,'2023-09-22',11,2,4,'11:56:00');
INSERT INTO "customer_purchases" VALUES (4,7,'2023-09-22',13,5,4,'10:15:00');
INSERT INTO "customer_purchases" VALUES (4,7,'2023-09-22',13,4,4,'11:10:00');
INSERT INTO "customer_purchases" VALUES (4,7,'2023-09-22',14,2,4,'13:35:00');
INSERT INTO "customer_purchases" VALUES (4,7,'2023-09-22',15,5,4,'10:32:00');
INSERT INTO "customer_purchases" VALUES (4,7,'2023-09-26',5,5,4,'17:48:00');
INSERT INTO "customer_purchases" VALUES (4,7,'2023-09-26',7,4,4,'17:33:00');
INSERT INTO "customer_purchases" VALUES (4,7,'2023-09-26',8,3,4,'16:56:00');
INSERT INTO "customer_purchases" VALUES (4,7,'2023-09-26',12,2,4,'18:44:00');
INSERT INTO "customer_purchases" VALUES (4,7,'2023-09-29',5,2,4,'8:46:00');
INSERT INTO "customer_purchases" VALUES (4,7,'2023-09-29',10,3,4,'8:44:00');
INSERT INTO "customer_purchases" VALUES (4,7,'2023-09-29',10,2,4,'8:50:00');
INSERT INTO "customer_purchases" VALUES (4,7,'2023-09-29',18,5,4,'9:26:00');
INSERT INTO "customer_purchases" VALUES (4,7,'2023-10-03',4,2,4,'17:56:00');
INSERT INTO "customer_purchases" VALUES (4,7,'2023-10-03',4,2,4,'18:04:00');
INSERT INTO "customer_purchases" VALUES (4,7,'2023-10-03',11,5,4,'18:02:00');
INSERT INTO "customer_purchases" VALUES (4,7,'2023-10-03',12,3,4,'18:26:00');
INSERT INTO "customer_purchases" VALUES (4,7,'2023-10-03',13,2,4,'17:26:00');
INSERT INTO "customer_purchases" VALUES (4,7,'2023-10-03',15,1,4,'18:55:00');
INSERT INTO "customer_purchases" VALUES (4,7,'2023-10-03',15,1,4,'18:58:00');
INSERT INTO "customer_purchases" VALUES (4,7,'2023-10-03',17,2,4,'16:53:00');
INSERT INTO "customer_purchases" VALUES (4,7,'2023-10-03',17,4,4,'17:40:00');
INSERT INTO "customer_purchases" VALUES (4,7,'2023-10-06',2,1,4,'12:04:00');
INSERT INTO "customer_purchases" VALUES (4,7,'2023-10-06',3,1,4,'10:12:00');
INSERT INTO "customer_purchases" VALUES (4,7,'2023-10-06',5,5,4,'11:04:00');
INSERT INTO "customer_purchases" VALUES (4,7,'2023-10-06',10,4,4,'12:09:00');
INSERT INTO "customer_purchases" VALUES (4,7,'2023-10-06',11,3,4,'11:24:00');
INSERT INTO "customer_purchases" VALUES (4,7,'2023-10-06',12,1,4,'10:00:00');
INSERT INTO "customer_purchases" VALUES (4,7,'2023-10-06',12,2,4,'10:28:00');
INSERT INTO "customer_purchases" VALUES (4,7,'2023-10-10',1,2,3.5,'17:53:00');
INSERT INTO "customer_purchases" VALUES (4,7,'2023-10-10',1,4,3.5,'18:11:00');
INSERT INTO "customer_purchases" VALUES (4,7,'2023-10-10',3,4,3.5,'17:55:00');
INSERT INTO "customer_purchases" VALUES (4,7,'2023-10-10',7,2,3.5,'16:10:00');
INSERT INTO "customer_purchases" VALUES (4,7,'2023-10-10',7,5,3.5,'16:45:00');
INSERT INTO "customer_purchases" VALUES (4,7,'2023-10-10',15,5,3.5,'18:33:00');
INSERT INTO "customer_purchases" VALUES (4,7,'2023-10-10',15,4,3.5,'18:38:00');
INSERT INTO "customer_purchases" VALUES (4,7,'2023-10-13',1,5,3.5,'9:06:00');
INSERT INTO "customer_purchases" VALUES (4,7,'2023-10-13',1,1,3.5,'9:07:00');
INSERT INTO "customer_purchases" VALUES (4,7,'2023-10-13',2,4,3.5,'9:15:00');
INSERT INTO "customer_purchases" VALUES (4,7,'2023-10-13',5,1,3.5,'13:20:00');
INSERT INTO "customer_purchases" VALUES (4,7,'2023-10-13',5,4,3.5,'13:50:00');
INSERT INTO "customer_purchases" VALUES (4,7,'2023-10-13',7,5,3.5,'8:52:00');
INSERT INTO "customer_purchases" VALUES (4,7,'2023-10-13',11,5,3.5,'13:37:00');
INSERT INTO "customer_purchases" VALUES (4,7,'2023-10-13',11,5,3.5,'13:50:00');
INSERT INTO "customer_purchases" VALUES (5,8,'2022-04-05',6,1,6.5,'17:22:00');
INSERT INTO "customer_purchases" VALUES (5,8,'2022-04-05',9,1,6.5,'16:40:00');
INSERT INTO "customer_purchases" VALUES (5,8,'2022-04-05',9,1,6.5,'17:24:00');
INSERT INTO "customer_purchases" VALUES (5,8,'2022-04-05',12,2,6.5,'18:06:00');
INSERT INTO "customer_purchases" VALUES (5,8,'2022-04-05',16,1,6.5,'18:07:00');
INSERT INTO "customer_purchases" VALUES (5,8,'2022-04-08',1,1,6.5,'13:10:00');
INSERT INTO "customer_purchases" VALUES (5,8,'2022-04-08',2,1,6.5,'8:56:00');
INSERT INTO "customer_purchases" VALUES (5,8,'2022-04-08',4,1,6.5,'8:44:00');
INSERT INTO "customer_purchases" VALUES (5,8,'2022-04-08',11,1,6.5,'10:19:00');
INSERT INTO "customer_purchases" VALUES (5,8,'2022-04-08',12,4,6.5,'10:15:00');
INSERT INTO "customer_purchases" VALUES (5,8,'2022-04-08',17,1,6.5,'13:33:00');
INSERT INTO "customer_purchases" VALUES (5,8,'2022-04-08',17,2,6.5,'13:42:00');
INSERT INTO "customer_purchases" VALUES (5,8,'2022-04-08',18,4,6.5,'13:28:00');
INSERT INTO "customer_purchases" VALUES (5,8,'2022-04-08',18,5,6.5,'13:35:00');
INSERT INTO "customer_purchases" VALUES (5,8,'2022-04-08',21,3,6.5,'12:59:00');
INSERT INTO "customer_purchases" VALUES (5,8,'2022-04-12',2,1,6.5,'18:13:00');
INSERT INTO "customer_purchases" VALUES (5,8,'2022-04-12',9,2,6.5,'17:08:00');
INSERT INTO "customer_purchases" VALUES (5,8,'2022-04-12',9,2,6.5,'17:12:00');
INSERT INTO "customer_purchases" VALUES (5,8,'2022-04-12',11,1,6.5,'17:43:00');
INSERT INTO "customer_purchases" VALUES (5,8,'2022-04-12',18,1,6.5,'17:09:00');
INSERT INTO "customer_purchases" VALUES (5,8,'2022-04-12',20,3,6.5,'18:16:00');
INSERT INTO "customer_purchases" VALUES (5,8,'2022-04-12',23,8,6.5,'17:28:00');
INSERT INTO "customer_purchases" VALUES (5,8,'2022-04-12',25,4,6.5,'18:39:00');
INSERT INTO "customer_purchases" VALUES (5,8,'2022-04-15',1,1,6.5,'9:54:00');
INSERT INTO "customer_purchases" VALUES (5,8,'2022-04-15',21,3,6.5,'11:38:00');
INSERT INTO "customer_purchases" VALUES (5,8,'2022-04-15',23,2,6.5,'9:59:00');
INSERT INTO "customer_purchases" VALUES (5,8,'2022-04-19',4,2,6.5,'18:50:00');
INSERT INTO "customer_purchases" VALUES (5,8,'2022-04-19',5,2,6.5,'16:34:00');
INSERT INTO "customer_purchases" VALUES (5,8,'2022-04-19',7,2,6.5,'18:28:00');
INSERT INTO "customer_purchases" VALUES (5,8,'2022-04-19',9,1,6.5,'17:44:00');
INSERT INTO "customer_purchases" VALUES (5,8,'2022-04-19',10,2,6.5,'16:58:00');
INSERT INTO "customer_purchases" VALUES (5,8,'2022-04-19',10,1,6.5,'17:07:00');
INSERT INTO "customer_purchases" VALUES (5,8,'2022-04-22',1,2,6.5,'9:31:00');
INSERT INTO "customer_purchases" VALUES (5,8,'2022-04-22',1,3,6.5,'10:30:00');
INSERT INTO "customer_purchases" VALUES (5,8,'2022-04-22',8,1,6.5,'12:46:00');
INSERT INTO "customer_purchases" VALUES (5,8,'2022-04-22',8,1,6.5,'12:49:00');
INSERT INTO "customer_purchases" VALUES (5,8,'2022-04-22',17,3,6.5,'13:03:00');
INSERT INTO "customer_purchases" VALUES (5,8,'2022-04-22',18,3,6.5,'10:09:00');
INSERT INTO "customer_purchases" VALUES (5,8,'2022-04-22',23,4,6.5,'10:45:00');
INSERT INTO "customer_purchases" VALUES (5,8,'2022-04-22',26,2,6.5,'8:56:00');
INSERT INTO "customer_purchases" VALUES (5,8,'2022-04-26',1,2,6.5,'18:33:00');
INSERT INTO "customer_purchases" VALUES (5,8,'2022-04-26',1,1,6.5,'18:40:00');
INSERT INTO "customer_purchases" VALUES (5,8,'2022-04-26',4,1,6.5,'17:12:00');
INSERT INTO "customer_purchases" VALUES (5,8,'2022-04-26',11,1,6.5,'18:09:00');
INSERT INTO "customer_purchases" VALUES (5,8,'2022-04-26',12,1,6.5,'18:09:00');
INSERT INTO "customer_purchases" VALUES (5,8,'2022-04-26',20,3,6.5,'18:55:00');
INSERT INTO "customer_purchases" VALUES (5,8,'2022-04-26',25,3,6.5,'18:46:00');
INSERT INTO "customer_purchases" VALUES (5,8,'2022-04-29',7,4,6.5,'11:53:00');
INSERT INTO "customer_purchases" VALUES (5,8,'2022-04-29',13,2,6.5,'10:23:00');
INSERT INTO "customer_purchases" VALUES (5,8,'2022-04-29',25,5,6.5,'11:22:00');
INSERT INTO "customer_purchases" VALUES (5,8,'2022-04-29',26,3,6.5,'11:55:00');
INSERT INTO "customer_purchases" VALUES (5,8,'2022-05-03',7,2,6.5,'18:56:00');
INSERT INTO "customer_purchases" VALUES (5,8,'2022-05-03',8,1,6.5,'17:01:00');
INSERT INTO "customer_purchases" VALUES (5,8,'2022-05-03',9,2,6.5,'18:16:00');
INSERT INTO "customer_purchases" VALUES (5,8,'2022-05-03',10,2,6.5,'17:46:00');
INSERT INTO "customer_purchases" VALUES (5,8,'2022-05-03',21,3,6.5,'17:22:00');
INSERT INTO "customer_purchases" VALUES (5,8,'2022-05-03',21,3,6.5,'18:03:00');
INSERT INTO "customer_purchases" VALUES (5,8,'2022-05-03',23,5,6.5,'16:32:00');
INSERT INTO "customer_purchases" VALUES (5,8,'2022-05-03',23,4,6.5,'16:59:00');
INSERT INTO "customer_purchases" VALUES (5,8,'2022-05-03',24,4,6.5,'17:58:00');
INSERT INTO "customer_purchases" VALUES (5,8,'2022-05-06',1,1,6.5,'13:42:00');
INSERT INTO "customer_purchases" VALUES (5,8,'2022-05-06',5,1,6.5,'13:29:00');
INSERT INTO "customer_purchases" VALUES (5,8,'2022-05-06',9,2,6.5,'12:42:00');
INSERT INTO "customer_purchases" VALUES (5,8,'2022-05-06',12,2,6.5,'10:22:00');
INSERT INTO "customer_purchases" VALUES (5,8,'2022-05-06',17,1,6.5,'9:39:00');
INSERT INTO "customer_purchases" VALUES (5,8,'2022-05-06',18,2,6.5,'11:46:00');
INSERT INTO "customer_purchases" VALUES (5,8,'2022-05-06',26,5,6.5,'10:40:00');
INSERT INTO "customer_purchases" VALUES (5,8,'2022-05-10',8,4,6.5,'17:03:00');
INSERT INTO "customer_purchases" VALUES (5,8,'2022-05-10',8,2,6.5,'17:55:00');
INSERT INTO "customer_purchases" VALUES (5,8,'2022-05-10',16,2,6.5,'18:30:00');
INSERT INTO "customer_purchases" VALUES (5,8,'2022-05-10',16,4,6.5,'18:54:00');
INSERT INTO "customer_purchases" VALUES (5,8,'2022-05-10',20,4,6.5,'18:54:00');
INSERT INTO "customer_purchases" VALUES (5,8,'2022-05-10',25,5,6.5,'17:05:00');
INSERT INTO "customer_purchases" VALUES (5,8,'2022-05-13',2,1,6.5,'13:27:00');
INSERT INTO "customer_purchases" VALUES (5,8,'2022-05-13',7,1,6.5,'11:00:00');
INSERT INTO "customer_purchases" VALUES (5,8,'2022-05-13',11,1,6.5,'11:40:00');
INSERT INTO "customer_purchases" VALUES (5,8,'2022-05-13',12,2,6.5,'13:59:00');
INSERT INTO "customer_purchases" VALUES (5,8,'2022-05-13',20,1,6.5,'12:21:00');
INSERT INTO "customer_purchases" VALUES (5,8,'2022-05-13',23,2,6.5,'10:10:00');
INSERT INTO "customer_purchases" VALUES (5,8,'2022-05-13',23,7,6.5,'10:39:00');
INSERT INTO "customer_purchases" VALUES (5,8,'2022-05-13',24,5,6.5,'11:59:00');
INSERT INTO "customer_purchases" VALUES (5,8,'2022-05-17',1,1,6.5,'18:18:00');
INSERT INTO "customer_purchases" VALUES (5,8,'2022-05-17',3,1,6.5,'17:05:00');
INSERT INTO "customer_purchases" VALUES (5,8,'2022-05-17',5,2,6.5,'17:39:00');
INSERT INTO "customer_purchases" VALUES (5,8,'2022-05-17',5,1,6.5,'18:01:00');
INSERT INTO "customer_purchases" VALUES (5,8,'2022-05-17',10,1,6.5,'17:19:00');
INSERT INTO "customer_purchases" VALUES (5,8,'2022-05-17',12,1,6.5,'17:10:00');
INSERT INTO "customer_purchases" VALUES (5,8,'2022-05-17',20,5,6.5,'16:36:00');
INSERT INTO "customer_purchases" VALUES (5,8,'2022-05-17',21,5,6.5,'18:36:00');
INSERT INTO "customer_purchases" VALUES (5,8,'2022-05-20',2,4,6.5,'11:22:00');
INSERT INTO "customer_purchases" VALUES (5,8,'2022-05-20',23,1,6.5,'13:46:00');
INSERT INTO "customer_purchases" VALUES (5,8,'2022-05-20',25,5,6.5,'13:38:00');
INSERT INTO "customer_purchases" VALUES (5,8,'2022-05-20',25,5,6.5,'13:45:00');
INSERT INTO "customer_purchases" VALUES (5,8,'2022-05-24',2,2,6.5,'18:14:00');
INSERT INTO "customer_purchases" VALUES (5,8,'2022-05-24',3,1,6.5,'18:12:00');
INSERT INTO "customer_purchases" VALUES (5,8,'2022-05-24',8,5,6.5,'17:11:00');
INSERT INTO "customer_purchases" VALUES (5,8,'2022-05-24',8,1,6.5,'17:23:00');
INSERT INTO "customer_purchases" VALUES (5,8,'2022-05-24',9,1,6.5,'18:01:00');
INSERT INTO "customer_purchases" VALUES (5,8,'2022-05-24',9,3,6.5,'18:03:00');
INSERT INTO "customer_purchases" VALUES (5,8,'2022-05-24',11,4,6.5,'17:54:00');
INSERT INTO "customer_purchases" VALUES (5,8,'2022-05-24',11,5,6.5,'18:27:00');
INSERT INTO "customer_purchases" VALUES (5,8,'2022-05-24',24,2,6.5,'18:23:00');
INSERT INTO "customer_purchases" VALUES (5,8,'2022-05-27',8,2,6.5,'11:06:00');
INSERT INTO "customer_purchases" VALUES (5,8,'2022-05-27',12,2,6.5,'13:48:00');
INSERT INTO "customer_purchases" VALUES (5,8,'2022-05-27',16,4,6.5,'9:38:00');
INSERT INTO "customer_purchases" VALUES (5,8,'2022-05-27',21,2,6.5,'10:27:00');
INSERT INTO "customer_purchases" VALUES (5,8,'2022-05-27',23,3,6.5,'9:28:00');
INSERT INTO "customer_purchases" VALUES (5,8,'2022-05-31',3,2,6.5,'17:31:00');
INSERT INTO "customer_purchases" VALUES (5,8,'2022-05-31',3,1,6.5,'17:45:00');
INSERT INTO "customer_purchases" VALUES (5,8,'2022-05-31',4,2,6.5,'17:04:00');
INSERT INTO "customer_purchases" VALUES (5,8,'2022-05-31',4,2,6.5,'17:23:00');
INSERT INTO "customer_purchases" VALUES (5,8,'2022-05-31',5,2,6.5,'18:17:00');
INSERT INTO "customer_purchases" VALUES (5,8,'2022-05-31',19,4,6.5,'18:50:00');
INSERT INTO "customer_purchases" VALUES (5,8,'2022-05-31',19,2,6.5,'18:54:00');
INSERT INTO "customer_purchases" VALUES (5,8,'2022-05-31',22,3,6.5,'16:50:00');
INSERT INTO "customer_purchases" VALUES (5,8,'2022-06-03',1,1,6.5,'8:50:00');
INSERT INTO "customer_purchases" VALUES (5,8,'2022-06-03',1,2,6.5,'9:28:00');
INSERT INTO "customer_purchases" VALUES (5,8,'2022-06-03',2,1,6.5,'9:14:00');
INSERT INTO "customer_purchases" VALUES (5,8,'2022-06-03',4,2,6.5,'11:19:00');
INSERT INTO "customer_purchases" VALUES (5,8,'2022-06-03',16,1,6.5,'12:37:00');
INSERT INTO "customer_purchases" VALUES (5,8,'2022-06-03',20,4,6.5,'13:52:00');
INSERT INTO "customer_purchases" VALUES (5,8,'2022-06-07',12,1,6.5,'18:47:00');
INSERT INTO "customer_purchases" VALUES (5,8,'2022-06-07',23,2,6.5,'16:51:00');
INSERT INTO "customer_purchases" VALUES (5,8,'2022-06-07',26,3,6.5,'18:20:00');
INSERT INTO "customer_purchases" VALUES (5,8,'2022-06-10',2,1,6.5,'13:06:00');
INSERT INTO "customer_purchases" VALUES (5,8,'2022-06-10',6,1,6.5,'12:14:00');
INSERT INTO "customer_purchases" VALUES (5,8,'2022-06-10',6,4,6.5,'12:16:00');
INSERT INTO "customer_purchases" VALUES (5,8,'2022-06-10',7,1,6.5,'10:28:00');
INSERT INTO "customer_purchases" VALUES (5,8,'2022-06-10',14,2,6.5,'13:51:00');
INSERT INTO "customer_purchases" VALUES (5,8,'2022-06-10',15,4,6.5,'11:56:00');
INSERT INTO "customer_purchases" VALUES (5,8,'2022-06-10',18,1,6.5,'8:41:00');
INSERT INTO "customer_purchases" VALUES (5,8,'2022-06-10',18,4,6.5,'9:22:00');
INSERT INTO "customer_purchases" VALUES (5,8,'2022-06-10',21,2,6.5,'12:54:00');
INSERT INTO "customer_purchases" VALUES (5,8,'2022-06-10',25,1,6.5,'11:13:00');
INSERT INTO "customer_purchases" VALUES (5,8,'2022-06-10',25,3,6.5,'11:37:00');
INSERT INTO "customer_purchases" VALUES (5,8,'2022-06-14',5,2,6.5,'16:51:00');
INSERT INTO "customer_purchases" VALUES (5,8,'2022-06-14',7,2,6.5,'18:57:00');
INSERT INTO "customer_purchases" VALUES (5,8,'2022-06-14',20,5,6.5,'17:51:00');
INSERT INTO "customer_purchases" VALUES (5,8,'2022-06-14',20,5,6.5,'18:59:00');
INSERT INTO "customer_purchases" VALUES (5,8,'2022-06-14',24,4,6.5,'18:46:00');
INSERT INTO "customer_purchases" VALUES (5,8,'2022-06-17',1,3,6.5,'10:18:00');
INSERT INTO "customer_purchases" VALUES (5,8,'2022-06-17',6,4,6.5,'11:24:00');
INSERT INTO "customer_purchases" VALUES (5,8,'2022-06-17',16,5,6.5,'13:06:00');
INSERT INTO "customer_purchases" VALUES (5,8,'2022-06-17',16,4,6.5,'13:28:00');
INSERT INTO "customer_purchases" VALUES (5,8,'2022-06-17',25,2,6.5,'11:26:00');
INSERT INTO "customer_purchases" VALUES (5,8,'2022-06-21',3,1,6.5,'18:55:00');
INSERT INTO "customer_purchases" VALUES (5,8,'2022-06-21',9,2,6.5,'16:29:00');
INSERT INTO "customer_purchases" VALUES (5,8,'2022-06-21',15,2,6.5,'17:40:00');
INSERT INTO "customer_purchases" VALUES (5,8,'2022-06-21',17,2,6.5,'17:39:00');
INSERT INTO "customer_purchases" VALUES (5,8,'2022-06-21',20,2,6.5,'17:30:00');
INSERT INTO "customer_purchases" VALUES (5,8,'2022-06-21',21,4,6.5,'17:58:00');
INSERT INTO "customer_purchases" VALUES (5,8,'2022-06-24',1,1,6.5,'8:54:00');
INSERT INTO "customer_purchases" VALUES (5,8,'2022-06-24',2,1,6.5,'12:33:00');
INSERT INTO "customer_purchases" VALUES (5,8,'2022-06-24',6,2,6.5,'13:59:00');
INSERT INTO "customer_purchases" VALUES (5,8,'2022-06-24',11,2,6.5,'8:34:00');
INSERT INTO "customer_purchases" VALUES (5,8,'2022-06-24',17,1,6.5,'11:49:00');
INSERT INTO "customer_purchases" VALUES (5,8,'2022-06-24',24,4,6.5,'11:33:00');
INSERT INTO "customer_purchases" VALUES (5,8,'2022-06-24',26,4,6.5,'13:14:00');
INSERT INTO "customer_purchases" VALUES (5,8,'2022-06-28',4,1,6.5,'18:56:00');
INSERT INTO "customer_purchases" VALUES (5,8,'2022-06-28',6,1,6.5,'17:38:00');
INSERT INTO "customer_purchases" VALUES (5,8,'2022-06-28',6,1,6.5,'17:42:00');
INSERT INTO "customer_purchases" VALUES (5,8,'2022-06-28',7,2,6.5,'17:47:00');
INSERT INTO "customer_purchases" VALUES (5,8,'2022-06-28',7,1,6.5,'18:02:00');
INSERT INTO "customer_purchases" VALUES (5,8,'2022-06-28',12,2,6.5,'18:59:00');
INSERT INTO "customer_purchases" VALUES (5,8,'2022-06-28',16,1,6.5,'18:58:00');
INSERT INTO "customer_purchases" VALUES (5,8,'2022-06-28',26,4,6.5,'18:54:00');
INSERT INTO "customer_purchases" VALUES (5,8,'2022-06-28',26,5,6.5,'18:55:00');
INSERT INTO "customer_purchases" VALUES (5,8,'2022-07-01',1,2,6.5,'10:59:00');
INSERT INTO "customer_purchases" VALUES (5,8,'2022-07-01',6,1,6.5,'9:48:00');
INSERT INTO "customer_purchases" VALUES (5,8,'2022-07-01',7,5,6.5,'10:01:00');
INSERT INTO "customer_purchases" VALUES (5,8,'2022-07-01',7,4,6.5,'10:56:00');
INSERT INTO "customer_purchases" VALUES (5,8,'2022-07-01',10,2,6.5,'9:07:00');
INSERT INTO "customer_purchases" VALUES (5,8,'2022-07-01',12,1,6.5,'13:37:00');
INSERT INTO "customer_purchases" VALUES (5,8,'2022-07-01',13,2,6.5,'8:46:00');
INSERT INTO "customer_purchases" VALUES (5,8,'2022-07-01',15,2,6.5,'13:44:00');
INSERT INTO "customer_purchases" VALUES (5,8,'2022-07-01',24,4,6.5,'9:35:00');
INSERT INTO "customer_purchases" VALUES (5,8,'2022-07-01',25,3,6.5,'8:43:00');
INSERT INTO "customer_purchases" VALUES (5,8,'2022-07-05',8,3,6.5,'18:51:00');
INSERT INTO "customer_purchases" VALUES (5,8,'2022-07-05',9,2,6.5,'18:22:00');
INSERT INTO "customer_purchases" VALUES (5,8,'2022-07-05',12,4,6.5,'18:12:00');
INSERT INTO "customer_purchases" VALUES (5,8,'2022-07-05',13,2,6.5,'18:42:00');
INSERT INTO "customer_purchases" VALUES (5,8,'2022-07-05',13,1,6.5,'18:46:00');
INSERT INTO "customer_purchases" VALUES (5,8,'2022-07-08',2,1,6.5,'9:04:00');
INSERT INTO "customer_purchases" VALUES (5,8,'2022-07-08',2,5,6.5,'9:32:00');
INSERT INTO "customer_purchases" VALUES (5,8,'2022-07-08',3,3,6.5,'10:27:00');
INSERT INTO "customer_purchases" VALUES (5,8,'2022-07-08',3,4,6.5,'10:36:00');
INSERT INTO "customer_purchases" VALUES (5,8,'2022-07-08',19,4,6.5,'9:40:00');
INSERT INTO "customer_purchases" VALUES (5,8,'2022-07-08',19,1,6.5,'10:31:00');
INSERT INTO "customer_purchases" VALUES (5,8,'2022-07-12',1,2,6.5,'18:50:00');
INSERT INTO "customer_purchases" VALUES (5,8,'2022-07-12',11,4,6.5,'16:44:00');
INSERT INTO "customer_purchases" VALUES (5,8,'2022-07-12',12,5,6.5,'18:12:00');
INSERT INTO "customer_purchases" VALUES (5,8,'2022-07-12',26,2,6.5,'18:47:00');
INSERT INTO "customer_purchases" VALUES (5,8,'2022-07-15',11,2,6.5,'12:28:00');
INSERT INTO "customer_purchases" VALUES (5,8,'2022-07-15',18,2,6.5,'9:59:00');
INSERT INTO "customer_purchases" VALUES (5,8,'2022-07-15',23,1,6.5,'10:25:00');
INSERT INTO "customer_purchases" VALUES (5,8,'2022-07-19',1,3,6.5,'18:29:00');
INSERT INTO "customer_purchases" VALUES (5,8,'2022-07-19',1,1,6.5,'18:43:00');
INSERT INTO "customer_purchases" VALUES (5,8,'2022-07-19',4,3,6.5,'17:32:00');
INSERT INTO "customer_purchases" VALUES (5,8,'2022-07-19',11,5,6.5,'17:05:00');
INSERT INTO "customer_purchases" VALUES (5,8,'2022-07-19',16,2,6.5,'18:55:00');
INSERT INTO "customer_purchases" VALUES (5,8,'2022-07-19',17,1,6.5,'17:57:00');
INSERT INTO "customer_purchases" VALUES (5,8,'2022-07-19',17,1,6.5,'18:18:00');
INSERT INTO "customer_purchases" VALUES (5,8,'2022-07-19',18,1,6.5,'17:19:00');
INSERT INTO "customer_purchases" VALUES (5,8,'2022-07-19',21,3,6.5,'18:53:00');
INSERT INTO "customer_purchases" VALUES (5,8,'2022-07-22',8,4,6.5,'12:17:00');
INSERT INTO "customer_purchases" VALUES (5,8,'2022-07-22',9,2,6.5,'9:02:00');
INSERT INTO "customer_purchases" VALUES (5,8,'2022-07-22',12,5,6.5,'11:59:00');
INSERT INTO "customer_purchases" VALUES (5,8,'2022-07-26',6,1,6.5,'18:00:00');
INSERT INTO "customer_purchases" VALUES (5,8,'2022-07-29',1,3,6.5,'13:31:00');
INSERT INTO "customer_purchases" VALUES (5,8,'2022-07-29',1,3,6.5,'13:40:00');
INSERT INTO "customer_purchases" VALUES (5,8,'2022-07-29',3,4,6.5,'13:35:00');
INSERT INTO "customer_purchases" VALUES (5,8,'2022-07-29',12,4,6.5,'13:59:00');
INSERT INTO "customer_purchases" VALUES (5,8,'2022-07-29',16,5,6.5,'8:48:00');
INSERT INTO "customer_purchases" VALUES (5,8,'2022-07-29',16,1,6.5,'9:06:00');
INSERT INTO "customer_purchases" VALUES (5,8,'2022-08-02',9,4,6.5,'17:57:00');
INSERT INTO "customer_purchases" VALUES (5,8,'2022-08-02',19,5,6.5,'18:00:00');
INSERT INTO "customer_purchases" VALUES (5,8,'2022-08-02',22,6,6.5,'17:17:00');
INSERT INTO "customer_purchases" VALUES (5,8,'2022-08-05',5,2,6.5,'9:24:00');
INSERT INTO "customer_purchases" VALUES (5,8,'2022-08-05',5,2,6.5,'9:30:00');
INSERT INTO "customer_purchases" VALUES (5,8,'2022-08-05',18,4,6.5,'10:21:00');
INSERT INTO "customer_purchases" VALUES (5,8,'2022-08-05',25,3,6.5,'12:46:00');
INSERT INTO "customer_purchases" VALUES (5,8,'2022-08-05',25,4,6.5,'13:27:00');
INSERT INTO "customer_purchases" VALUES (5,8,'2022-08-09',5,5,6.5,'17:34:00');
INSERT INTO "customer_purchases" VALUES (5,8,'2022-08-09',7,5,6.5,'18:59:00');
INSERT INTO "customer_purchases" VALUES (5,8,'2022-08-09',8,5,6.5,'17:14:00');
INSERT INTO "customer_purchases" VALUES (5,8,'2022-08-09',19,1,6.5,'18:05:00');
INSERT INTO "customer_purchases" VALUES (5,8,'2022-08-09',24,5,6.5,'18:38:00');
INSERT INTO "customer_purchases" VALUES (5,8,'2022-08-12',7,2,6.5,'10:06:00');
INSERT INTO "customer_purchases" VALUES (5,8,'2022-08-12',9,2,6.5,'9:04:00');
INSERT INTO "customer_purchases" VALUES (5,8,'2022-08-12',10,2,6.5,'13:48:00');
INSERT INTO "customer_purchases" VALUES (5,8,'2022-08-16',10,3,6.5,'18:08:00');
INSERT INTO "customer_purchases" VALUES (5,8,'2022-08-16',14,2,6.5,'18:06:00');
INSERT INTO "customer_purchases" VALUES (5,8,'2022-08-16',14,4,6.5,'18:44:00');
INSERT INTO "customer_purchases" VALUES (5,8,'2022-08-16',16,5,6.5,'18:40:00');
INSERT INTO "customer_purchases" VALUES (5,8,'2022-08-16',19,3,6.5,'17:20:00');
INSERT INTO "customer_purchases" VALUES (5,8,'2022-08-16',25,2,6.5,'18:28:00');
INSERT INTO "customer_purchases" VALUES (5,8,'2022-08-19',9,1,6.5,'12:46:00');
INSERT INTO "customer_purchases" VALUES (5,8,'2022-08-19',9,5,6.5,'13:22:00');
INSERT INTO "customer_purchases" VALUES (5,8,'2022-08-19',16,5,6.5,'13:10:00');
INSERT INTO "customer_purchases" VALUES (5,8,'2022-08-19',16,5,6.5,'13:21:00');
INSERT INTO "customer_purchases" VALUES (5,8,'2022-08-19',26,4,6.5,'13:53:00');
INSERT INTO "customer_purchases" VALUES (5,8,'2022-08-23',4,2,6.5,'18:42:00');
INSERT INTO "customer_purchases" VALUES (5,8,'2022-08-23',8,2,6.5,'17:39:00');
INSERT INTO "customer_purchases" VALUES (5,8,'2022-08-23',15,4,6.5,'18:50:00');
INSERT INTO "customer_purchases" VALUES (5,8,'2022-08-23',20,1,6.5,'17:42:00');
INSERT INTO "customer_purchases" VALUES (5,8,'2022-08-26',4,3,6.5,'12:03:00');
INSERT INTO "customer_purchases" VALUES (5,8,'2022-08-26',9,2,6.5,'11:56:00');
INSERT INTO "customer_purchases" VALUES (5,8,'2022-08-26',14,2,6.5,'12:59:00');
INSERT INTO "customer_purchases" VALUES (5,8,'2022-08-26',14,4,6.5,'13:24:00');
INSERT INTO "customer_purchases" VALUES (5,8,'2022-08-26',20,2,6.5,'10:50:00');
INSERT INTO "customer_purchases" VALUES (5,8,'2022-08-30',7,4,6.5,'17:03:00');
INSERT INTO "customer_purchases" VALUES (5,8,'2022-08-30',9,1,6.5,'18:52:00');
INSERT INTO "customer_purchases" VALUES (5,8,'2022-08-30',13,3,6.5,'16:40:00');
INSERT INTO "customer_purchases" VALUES (5,8,'2022-08-30',20,4,6.5,'17:48:00');
INSERT INTO "customer_purchases" VALUES (5,8,'2022-08-30',22,3,6.5,'18:36:00');
INSERT INTO "customer_purchases" VALUES (5,8,'2022-09-02',12,1,6.5,'10:02:00');
INSERT INTO "customer_purchases" VALUES (5,8,'2022-09-02',24,3,6.5,'10:36:00');
INSERT INTO "customer_purchases" VALUES (5,8,'2022-09-02',26,3,6.5,'8:48:00');
INSERT INTO "customer_purchases" VALUES (5,8,'2022-09-06',1,2,6.5,'18:58:00');
INSERT INTO "customer_purchases" VALUES (5,8,'2022-09-06',14,4,6.5,'17:06:00');
INSERT INTO "customer_purchases" VALUES (5,8,'2022-09-06',16,5,6.5,'16:51:00');
INSERT INTO "customer_purchases" VALUES (5,8,'2022-09-13',3,1,6.5,'18:31:00');
INSERT INTO "customer_purchases" VALUES (5,8,'2022-09-13',5,2,6.5,'18:37:00');
INSERT INTO "customer_purchases" VALUES (5,8,'2022-09-13',16,4,6.5,'18:52:00');
INSERT INTO "customer_purchases" VALUES (5,8,'2022-09-13',17,5,6.5,'17:33:00');
INSERT INTO "customer_purchases" VALUES (5,8,'2022-09-16',5,3,6.5,'12:18:00');
INSERT INTO "customer_purchases" VALUES (5,8,'2022-09-16',6,2,6.5,'12:56:00');
INSERT INTO "customer_purchases" VALUES (5,8,'2022-09-16',9,2,6.5,'12:22:00');
INSERT INTO "customer_purchases" VALUES (5,8,'2022-09-16',11,4,6.5,'11:20:00');
INSERT INTO "customer_purchases" VALUES (5,8,'2022-09-16',12,4,6.5,'10:33:00');
INSERT INTO "customer_purchases" VALUES (5,8,'2022-09-16',12,5,6.5,'10:35:00');
INSERT INTO "customer_purchases" VALUES (5,8,'2022-09-16',19,1,6.5,'9:54:00');
INSERT INTO "customer_purchases" VALUES (5,8,'2022-09-20',3,2,6.5,'16:43:00');
INSERT INTO "customer_purchases" VALUES (5,8,'2022-09-20',4,2,6.5,'17:13:00');
INSERT INTO "customer_purchases" VALUES (5,8,'2022-09-20',7,1,6.5,'18:26:00');
INSERT INTO "customer_purchases" VALUES (5,8,'2022-09-20',8,2,6.5,'16:22:00');
INSERT INTO "customer_purchases" VALUES (5,8,'2022-09-20',8,2,6.5,'17:14:00');
INSERT INTO "customer_purchases" VALUES (5,8,'2022-09-20',15,1,6.5,'18:14:00');
INSERT INTO "customer_purchases" VALUES (5,8,'2022-09-20',18,1,6.5,'18:12:00');
INSERT INTO "customer_purchases" VALUES (5,8,'2022-09-23',5,2,6.5,'10:30:00');
INSERT INTO "customer_purchases" VALUES (5,8,'2022-09-23',8,4,6.5,'8:18:00');
INSERT INTO "customer_purchases" VALUES (5,8,'2022-09-23',8,4,6.5,'9:05:00');
INSERT INTO "customer_purchases" VALUES (5,8,'2022-09-23',15,1,6.5,'11:33:00');
INSERT INTO "customer_purchases" VALUES (5,8,'2022-09-23',19,1,6.5,'9:01:00');
INSERT INTO "customer_purchases" VALUES (5,8,'2022-09-23',24,4,6.5,'11:38:00');
INSERT INTO "customer_purchases" VALUES (5,8,'2022-09-27',1,5,6.5,'18:20:00');
INSERT INTO "customer_purchases" VALUES (5,8,'2022-09-27',4,3,6.5,'18:09:00');
INSERT INTO "customer_purchases" VALUES (5,8,'2022-09-27',5,1,6.5,'17:09:00');
INSERT INTO "customer_purchases" VALUES (5,8,'2022-09-27',6,2,6.5,'18:48:00');
INSERT INTO "customer_purchases" VALUES (5,8,'2022-09-27',21,4,6.5,'17:34:00');
INSERT INTO "customer_purchases" VALUES (5,8,'2022-09-27',23,1,6.5,'17:37:00');
INSERT INTO "customer_purchases" VALUES (5,8,'2022-09-30',1,1,6.5,'10:02:00');
INSERT INTO "customer_purchases" VALUES (5,8,'2022-09-30',2,2,6.5,'10:50:00');
INSERT INTO "customer_purchases" VALUES (5,8,'2022-09-30',6,5,6.5,'10:48:00');
INSERT INTO "customer_purchases" VALUES (5,8,'2022-09-30',17,1,6.5,'9:49:00');
INSERT INTO "customer_purchases" VALUES (5,8,'2022-10-04',3,4,6.5,'18:31:00');
INSERT INTO "customer_purchases" VALUES (5,8,'2022-10-04',3,1,6.5,'18:43:00');
INSERT INTO "customer_purchases" VALUES (5,8,'2022-10-04',8,1,6.5,'18:41:00');
INSERT INTO "customer_purchases" VALUES (5,8,'2022-10-04',8,3,6.5,'18:44:00');
INSERT INTO "customer_purchases" VALUES (5,8,'2022-10-04',11,4,6.5,'17:46:00');
INSERT INTO "customer_purchases" VALUES (5,8,'2022-10-04',11,5,6.5,'17:58:00');
INSERT INTO "customer_purchases" VALUES (5,8,'2022-10-04',26,2,6.5,'18:10:00');
INSERT INTO "customer_purchases" VALUES (5,8,'2022-10-04',26,2,6.5,'18:34:00');
INSERT INTO "customer_purchases" VALUES (5,8,'2022-10-07',1,1,6.5,'8:32:00');
INSERT INTO "customer_purchases" VALUES (5,8,'2022-10-07',1,3,6.5,'9:03:00');
INSERT INTO "customer_purchases" VALUES (5,8,'2022-10-07',4,2,6.5,'12:12:00');
INSERT INTO "customer_purchases" VALUES (5,8,'2022-10-07',5,4,6.5,'13:38:00');
INSERT INTO "customer_purchases" VALUES (5,8,'2022-10-07',7,4,6.5,'12:29:00');
INSERT INTO "customer_purchases" VALUES (5,8,'2022-10-07',7,2,6.5,'12:32:00');
INSERT INTO "customer_purchases" VALUES (5,8,'2022-10-07',23,3,6.5,'13:59:00');
INSERT INTO "customer_purchases" VALUES (5,8,'2022-10-11',2,4,6.5,'17:57:00');
INSERT INTO "customer_purchases" VALUES (5,8,'2022-10-11',5,2,6.5,'17:59:00');
INSERT INTO "customer_purchases" VALUES (5,8,'2022-10-11',19,5,6.5,'17:29:00');
INSERT INTO "customer_purchases" VALUES (5,8,'2022-10-11',20,4,6.5,'16:40:00');
INSERT INTO "customer_purchases" VALUES (5,8,'2022-10-14',3,2,6.5,'13:48:00');
INSERT INTO "customer_purchases" VALUES (5,8,'2022-10-14',7,2,6.5,'10:59:00');
INSERT INTO "customer_purchases" VALUES (5,8,'2022-10-14',7,2,6.5,'12:03:00');
INSERT INTO "customer_purchases" VALUES (5,8,'2022-10-14',20,4,6.5,'12:45:00');
INSERT INTO "customer_purchases" VALUES (5,8,'2022-10-14',20,4,6.5,'13:30:00');
INSERT INTO "customer_purchases" VALUES (5,8,'2022-10-14',22,5,6.5,'11:49:00');
INSERT INTO "customer_purchases" VALUES (5,8,'2022-10-18',1,2,6.5,'16:34:00');
INSERT INTO "customer_purchases" VALUES (5,8,'2022-10-18',2,2,6.5,'16:34:00');
INSERT INTO "customer_purchases" VALUES (5,8,'2022-10-18',2,1,6.5,'17:25:00');
INSERT INTO "customer_purchases" VALUES (5,8,'2022-10-18',3,3,6.5,'18:42:00');
INSERT INTO "customer_purchases" VALUES (5,8,'2022-10-18',4,1,6.5,'18:54:00');
INSERT INTO "customer_purchases" VALUES (5,8,'2022-10-18',17,2,6.5,'17:08:00');
INSERT INTO "customer_purchases" VALUES (5,8,'2022-10-18',18,3,6.5,'18:50:00');
INSERT INTO "customer_purchases" VALUES (5,8,'2022-10-18',18,3,6.5,'18:54:00');
INSERT INTO "customer_purchases" VALUES (5,8,'2022-10-18',19,3,6.5,'18:42:00');
INSERT INTO "customer_purchases" VALUES (5,8,'2022-10-18',22,4,6.5,'18:27:00');
INSERT INTO "customer_purchases" VALUES (5,8,'2022-10-21',11,5,6.5,'10:47:00');
INSERT INTO "customer_purchases" VALUES (5,8,'2022-10-21',11,5,6.5,'11:21:00');
INSERT INTO "customer_purchases" VALUES (5,8,'2022-10-21',12,1,6.5,'9:47:00');
INSERT INTO "customer_purchases" VALUES (5,8,'2022-10-21',12,3,6.5,'10:23:00');
INSERT INTO "customer_purchases" VALUES (5,8,'2022-10-21',14,4,6.5,'10:25:00');
INSERT INTO "customer_purchases" VALUES (5,8,'2022-10-21',21,5,6.5,'11:22:00');
INSERT INTO "customer_purchases" VALUES (5,8,'2022-10-21',26,3,6.5,'8:15:00');
INSERT INTO "customer_purchases" VALUES (5,8,'2022-10-25',3,1,6.5,'18:44:00');
INSERT INTO "customer_purchases" VALUES (5,8,'2022-10-25',5,1,6.5,'17:01:00');
INSERT INTO "customer_purchases" VALUES (5,8,'2022-10-25',7,2,6.5,'18:55:00');
INSERT INTO "customer_purchases" VALUES (5,8,'2022-10-25',9,2,6.5,'16:38:00');
INSERT INTO "customer_purchases" VALUES (5,8,'2022-10-25',11,1,6.5,'18:23:00');
INSERT INTO "customer_purchases" VALUES (5,8,'2022-10-25',19,3,6.5,'18:53:00');
INSERT INTO "customer_purchases" VALUES (5,8,'2022-10-25',19,1,6.5,'18:54:00');
INSERT INTO "customer_purchases" VALUES (5,8,'2022-10-25',25,4,6.5,'18:32:00');
INSERT INTO "customer_purchases" VALUES (5,8,'2022-10-25',26,1,6.5,'18:35:00');
INSERT INTO "customer_purchases" VALUES (5,8,'2022-10-28',10,1,6.5,'13:49:00');
INSERT INTO "customer_purchases" VALUES (5,8,'2022-10-28',11,3,6.5,'13:26:00');
INSERT INTO "customer_purchases" VALUES (5,8,'2022-10-28',11,5,6.5,'13:48:00');
INSERT INTO "customer_purchases" VALUES (5,8,'2022-10-28',13,3,6.5,'11:51:00');
INSERT INTO "customer_purchases" VALUES (5,8,'2022-10-28',15,3,6.5,'10:45:00');
INSERT INTO "customer_purchases" VALUES (5,8,'2022-10-28',16,1,6.5,'13:47:00');
INSERT INTO "customer_purchases" VALUES (5,8,'2022-10-28',18,2,6.5,'13:56:00');
INSERT INTO "customer_purchases" VALUES (5,8,'2022-10-28',21,2,6.5,'13:23:00');
INSERT INTO "customer_purchases" VALUES (5,8,'2022-10-28',23,5,6.5,'9:24:00');
INSERT INTO "customer_purchases" VALUES (5,8,'2022-11-01',5,1,6.5,'16:24:00');
INSERT INTO "customer_purchases" VALUES (5,8,'2022-11-01',5,2,6.5,'16:56:00');
INSERT INTO "customer_purchases" VALUES (5,8,'2022-11-01',7,2,6.5,'18:39:00');
INSERT INTO "customer_purchases" VALUES (5,8,'2022-11-01',7,2,6.5,'18:44:00');
INSERT INTO "customer_purchases" VALUES (5,8,'2022-11-01',13,2,6.5,'18:41:00');
INSERT INTO "customer_purchases" VALUES (5,8,'2022-11-01',13,1,6.5,'18:48:00');
INSERT INTO "customer_purchases" VALUES (5,8,'2022-11-01',24,1,6.5,'18:49:00');
INSERT INTO "customer_purchases" VALUES (5,8,'2022-11-01',25,7,6.5,'18:17:00');
INSERT INTO "customer_purchases" VALUES (5,8,'2022-11-01',26,2,6.5,'18:21:00');
INSERT INTO "customer_purchases" VALUES (5,8,'2022-11-04',2,2,6.5,'13:43:00');
INSERT INTO "customer_purchases" VALUES (5,8,'2022-11-04',9,1,6.5,'9:34:00');
INSERT INTO "customer_purchases" VALUES (5,8,'2022-11-04',9,1,6.5,'9:59:00');
INSERT INTO "customer_purchases" VALUES (5,8,'2022-11-04',10,1,6.5,'11:09:00');
INSERT INTO "customer_purchases" VALUES (5,8,'2022-11-04',13,2,6.5,'13:40:00');
INSERT INTO "customer_purchases" VALUES (5,8,'2022-11-04',19,3,6.5,'12:54:00');
INSERT INTO "customer_purchases" VALUES (5,8,'2022-11-04',19,4,6.5,'13:42:00');
INSERT INTO "customer_purchases" VALUES (5,8,'2022-11-08',5,4,6.5,'17:20:00');
INSERT INTO "customer_purchases" VALUES (5,8,'2022-11-08',9,2,6.5,'18:07:00');
INSERT INTO "customer_purchases" VALUES (5,8,'2022-11-08',19,3,6.5,'16:29:00');
INSERT INTO "customer_purchases" VALUES (5,8,'2022-11-11',8,2,6.5,'12:44:00');
INSERT INTO "customer_purchases" VALUES (5,8,'2022-11-11',9,2,6.5,'8:45:00');
INSERT INTO "customer_purchases" VALUES (5,8,'2022-11-11',9,4,6.5,'9:04:00');
INSERT INTO "customer_purchases" VALUES (5,8,'2022-11-11',19,2,6.5,'13:45:00');
INSERT INTO "customer_purchases" VALUES (5,8,'2022-11-11',19,4,6.5,'13:53:00');
INSERT INTO "customer_purchases" VALUES (5,8,'2022-11-11',22,4,6.5,'10:18:00');
INSERT INTO "customer_purchases" VALUES (5,8,'2022-11-11',26,3,6.5,'13:24:00');
INSERT INTO "customer_purchases" VALUES (5,8,'2022-11-15',2,1,6.5,'17:35:00');
INSERT INTO "customer_purchases" VALUES (5,8,'2022-11-15',2,2,6.5,'17:56:00');
INSERT INTO "customer_purchases" VALUES (5,8,'2022-11-15',14,1,6.5,'17:54:00');
INSERT INTO "customer_purchases" VALUES (5,8,'2022-11-15',14,2,6.5,'18:22:00');
INSERT INTO "customer_purchases" VALUES (5,8,'2022-11-15',22,5,6.5,'18:40:00');
INSERT INTO "customer_purchases" VALUES (5,8,'2022-11-15',24,2,6.5,'16:23:00');
INSERT INTO "customer_purchases" VALUES (5,8,'2022-11-15',25,4,6.5,'17:43:00');
INSERT INTO "customer_purchases" VALUES (5,8,'2022-11-18',5,4,6.5,'12:58:00');
INSERT INTO "customer_purchases" VALUES (5,8,'2022-11-18',8,4,6.5,'13:35:00');
INSERT INTO "customer_purchases" VALUES (5,8,'2022-11-18',22,1,6.5,'13:14:00');
INSERT INTO "customer_purchases" VALUES (5,8,'2022-11-22',1,1,6.5,'18:57:00');
INSERT INTO "customer_purchases" VALUES (5,8,'2022-11-22',1,1,6.5,'18:58:00');
INSERT INTO "customer_purchases" VALUES (5,8,'2022-11-22',5,5,6.5,'17:22:00');
INSERT INTO "customer_purchases" VALUES (5,8,'2022-11-22',8,1,6.5,'16:05:00');
INSERT INTO "customer_purchases" VALUES (5,8,'2022-11-22',11,2,6.5,'18:42:00');
INSERT INTO "customer_purchases" VALUES (5,8,'2022-11-22',14,2,6.5,'17:25:00');
INSERT INTO "customer_purchases" VALUES (5,8,'2022-11-22',14,1,6.5,'18:20:00');
INSERT INTO "customer_purchases" VALUES (5,8,'2022-11-22',15,5,6.5,'17:04:00');
INSERT INTO "customer_purchases" VALUES (5,8,'2022-11-22',15,1,6.5,'17:51:00');
INSERT INTO "customer_purchases" VALUES (5,8,'2022-11-22',18,4,6.5,'17:56:00');
INSERT INTO "customer_purchases" VALUES (5,8,'2022-11-22',25,2,6.5,'18:26:00');
INSERT INTO "customer_purchases" VALUES (5,8,'2022-11-25',2,2,6.5,'11:19:00');
INSERT INTO "customer_purchases" VALUES (5,8,'2022-11-25',10,1,6.5,'10:35:00');
INSERT INTO "customer_purchases" VALUES (5,8,'2022-11-25',12,1,6.5,'11:04:00');
INSERT INTO "customer_purchases" VALUES (5,8,'2022-11-25',17,2,6.5,'11:04:00');
INSERT INTO "customer_purchases" VALUES (5,8,'2022-11-25',22,4,6.5,'10:49:00');
INSERT INTO "customer_purchases" VALUES (5,8,'2022-11-29',8,2,6.5,'18:53:00');
INSERT INTO "customer_purchases" VALUES (5,8,'2022-11-29',13,4,6.5,'18:55:00');
INSERT INTO "customer_purchases" VALUES (5,8,'2022-11-29',22,3,6.5,'17:46:00');
INSERT INTO "customer_purchases" VALUES (5,8,'2022-11-29',24,3,6.5,'18:29:00');
INSERT INTO "customer_purchases" VALUES (5,8,'2022-12-02',4,1,6.5,'12:08:00');
INSERT INTO "customer_purchases" VALUES (5,8,'2022-12-02',5,1,6.5,'9:07:00');
INSERT INTO "customer_purchases" VALUES (5,8,'2022-12-02',6,2,6.5,'13:28:00');
INSERT INTO "customer_purchases" VALUES (5,8,'2022-12-02',8,1,6.5,'9:22:00');
INSERT INTO "customer_purchases" VALUES (5,8,'2022-12-02',8,1,6.5,'10:17:00');
INSERT INTO "customer_purchases" VALUES (5,8,'2022-12-02',23,3,6.5,'13:05:00');
INSERT INTO "customer_purchases" VALUES (5,8,'2022-12-06',5,1,6.5,'17:01:00');
INSERT INTO "customer_purchases" VALUES (5,8,'2022-12-06',9,1,6.5,'17:38:00');
INSERT INTO "customer_purchases" VALUES (5,8,'2022-12-06',10,1,6.5,'17:10:00');
INSERT INTO "customer_purchases" VALUES (5,8,'2022-12-06',17,2,6.5,'16:38:00');
INSERT INTO "customer_purchases" VALUES (5,8,'2022-12-06',19,1,6.5,'17:09:00');
INSERT INTO "customer_purchases" VALUES (5,8,'2022-12-06',24,5,6.5,'16:21:00');
INSERT INTO "customer_purchases" VALUES (5,8,'2022-12-06',25,6,6.5,'16:41:00');
INSERT INTO "customer_purchases" VALUES (5,8,'2022-12-06',25,5,6.5,'16:56:00');
INSERT INTO "customer_purchases" VALUES (5,8,'2022-12-09',4,5,6.5,'12:23:00');
INSERT INTO "customer_purchases" VALUES (5,8,'2022-12-09',8,1,6.5,'13:56:00');
INSERT INTO "customer_purchases" VALUES (5,8,'2022-12-09',10,2,6.5,'13:44:00');
INSERT INTO "customer_purchases" VALUES (5,8,'2022-12-09',10,3,6.5,'13:58:00');
INSERT INTO "customer_purchases" VALUES (5,8,'2022-12-09',12,5,6.5,'11:57:00');
INSERT INTO "customer_purchases" VALUES (5,8,'2022-12-09',15,1,6.5,'9:19:00');
INSERT INTO "customer_purchases" VALUES (5,8,'2022-12-09',21,2,6.5,'10:31:00');
INSERT INTO "customer_purchases" VALUES (5,8,'2022-12-09',26,4,6.5,'13:27:00');
INSERT INTO "customer_purchases" VALUES (5,8,'2022-12-13',2,2,6.5,'18:37:00');
INSERT INTO "customer_purchases" VALUES (5,8,'2022-12-13',2,5,6.5,'18:50:00');
INSERT INTO "customer_purchases" VALUES (5,8,'2022-12-13',16,1,6.5,'17:09:00');
INSERT INTO "customer_purchases" VALUES (5,8,'2022-12-13',18,3,6.5,'17:20:00');
INSERT INTO "customer_purchases" VALUES (5,8,'2022-12-13',18,4,6.5,'18:24:00');
INSERT INTO "customer_purchases" VALUES (5,8,'2022-12-13',20,1,6.5,'16:51:00');
INSERT INTO "customer_purchases" VALUES (5,8,'2022-12-13',23,1,6.5,'18:09:00');
INSERT INTO "customer_purchases" VALUES (5,8,'2022-12-16',1,3,6.5,'13:51:00');
INSERT INTO "customer_purchases" VALUES (5,8,'2022-12-16',1,1,6.5,'13:52:00');
INSERT INTO "customer_purchases" VALUES (5,8,'2022-12-16',3,4,6.5,'13:37:00');
INSERT INTO "customer_purchases" VALUES (5,8,'2022-12-16',7,1,6.5,'13:35:00');
INSERT INTO "customer_purchases" VALUES (5,8,'2022-12-16',8,4,6.5,'8:17:00');
INSERT INTO "customer_purchases" VALUES (5,8,'2022-12-16',12,2,6.5,'11:44:00');
INSERT INTO "customer_purchases" VALUES (5,8,'2022-12-16',14,3,6.5,'11:20:00');
INSERT INTO "customer_purchases" VALUES (5,8,'2022-12-16',24,3,6.5,'9:34:00');
INSERT INTO "customer_purchases" VALUES (5,8,'2022-12-20',11,3,6.5,'17:28:00');
INSERT INTO "customer_purchases" VALUES (5,8,'2022-12-20',11,4,6.5,'17:57:00');
INSERT INTO "customer_purchases" VALUES (5,8,'2022-12-20',14,4,6.5,'18:28:00');
INSERT INTO "customer_purchases" VALUES (5,8,'2022-12-20',14,1,6.5,'18:35:00');
INSERT INTO "customer_purchases" VALUES (5,8,'2022-12-20',16,4,6.5,'17:50:00');
INSERT INTO "customer_purchases" VALUES (5,8,'2022-12-20',17,1,6.5,'16:58:00');
INSERT INTO "customer_purchases" VALUES (5,8,'2022-12-20',25,1,6.5,'18:49:00');
INSERT INTO "customer_purchases" VALUES (5,8,'2022-12-23',3,4,6.5,'9:17:00');
INSERT INTO "customer_purchases" VALUES (5,8,'2022-12-23',8,4,6.5,'12:51:00');
INSERT INTO "customer_purchases" VALUES (5,8,'2022-12-23',24,3,6.5,'10:12:00');
INSERT INTO "customer_purchases" VALUES (5,8,'2022-12-27',14,4,6.5,'18:56:00');
INSERT INTO "customer_purchases" VALUES (5,8,'2022-12-27',24,3,6.5,'17:01:00');
INSERT INTO "customer_purchases" VALUES (5,8,'2022-12-27',24,4,6.5,'17:22:00');
INSERT INTO "customer_purchases" VALUES (5,8,'2022-12-30',6,1,6.5,'11:58:00');
INSERT INTO "customer_purchases" VALUES (5,8,'2022-12-30',6,2,6.5,'13:03:00');
INSERT INTO "customer_purchases" VALUES (5,8,'2022-12-30',15,2,6.5,'9:51:00');
INSERT INTO "customer_purchases" VALUES (5,8,'2022-12-30',15,1,6.5,'10:22:00');
INSERT INTO "customer_purchases" VALUES (5,8,'2022-12-30',24,2,6.5,'13:43:00');
INSERT INTO "customer_purchases" VALUES (5,8,'2022-12-30',24,4,6.5,'13:51:00');
INSERT INTO "customer_purchases" VALUES (5,8,'2022-12-30',26,6,6.5,'9:38:00');
INSERT INTO "customer_purchases" VALUES (5,8,'2023-03-07',3,1,6.5,'17:16:00');
INSERT INTO "customer_purchases" VALUES (5,8,'2023-03-07',3,1,6.5,'17:26:00');
INSERT INTO "customer_purchases" VALUES (5,8,'2023-03-07',4,2,6.5,'16:42:00');
INSERT INTO "customer_purchases" VALUES (5,8,'2023-03-07',5,2,6.5,'17:44:00');
INSERT INTO "customer_purchases" VALUES (5,8,'2023-03-07',16,2,6.5,'17:08:00');
INSERT INTO "customer_purchases" VALUES (5,8,'2023-03-07',19,4,6.5,'18:48:00');
INSERT INTO "customer_purchases" VALUES (5,8,'2023-03-07',19,3,6.5,'18:50:00');
INSERT INTO "customer_purchases" VALUES (5,8,'2023-03-07',24,2,6.5,'18:32:00');
INSERT INTO "customer_purchases" VALUES (5,8,'2023-03-10',2,1,6.5,'12:45:00');
INSERT INTO "customer_purchases" VALUES (5,8,'2023-03-10',3,4,6.5,'11:06:00');
INSERT INTO "customer_purchases" VALUES (5,8,'2023-03-10',4,5,6.5,'13:40:00');
INSERT INTO "customer_purchases" VALUES (5,8,'2023-03-10',4,1,6.5,'13:41:00');
INSERT INTO "customer_purchases" VALUES (5,8,'2023-03-10',5,1,6.5,'9:05:00');
INSERT INTO "customer_purchases" VALUES (5,8,'2023-03-10',5,1,6.5,'10:03:00');
INSERT INTO "customer_purchases" VALUES (5,8,'2023-03-10',9,3,6.5,'9:32:00');
INSERT INTO "customer_purchases" VALUES (5,8,'2023-03-10',14,1,6.5,'12:00:00');
INSERT INTO "customer_purchases" VALUES (5,8,'2023-03-14',1,1,6.5,'18:43:00');
INSERT INTO "customer_purchases" VALUES (5,8,'2023-03-14',3,1,6.5,'18:53:00');
INSERT INTO "customer_purchases" VALUES (5,8,'2023-03-14',4,1,6.5,'18:45:00');
INSERT INTO "customer_purchases" VALUES (5,8,'2023-03-14',4,2,6.5,'18:54:00');
INSERT INTO "customer_purchases" VALUES (5,8,'2023-03-14',5,1,6.5,'16:40:00');
INSERT INTO "customer_purchases" VALUES (5,8,'2023-03-14',8,1,6.5,'18:38:00');
INSERT INTO "customer_purchases" VALUES (5,8,'2023-03-14',20,5,6.5,'18:50:00');
INSERT INTO "customer_purchases" VALUES (5,8,'2023-03-14',24,5,6.5,'16:47:00');
INSERT INTO "customer_purchases" VALUES (5,8,'2023-03-17',2,1,6.5,'12:00:00');
INSERT INTO "customer_purchases" VALUES (5,8,'2023-03-17',2,1,6.5,'12:41:00');
INSERT INTO "customer_purchases" VALUES (5,8,'2023-03-17',7,2,6.5,'11:27:00');
INSERT INTO "customer_purchases" VALUES (5,8,'2023-03-17',8,2,6.5,'13:53:00');
INSERT INTO "customer_purchases" VALUES (5,8,'2023-03-17',24,4,6.5,'9:16:00');
INSERT INTO "customer_purchases" VALUES (5,8,'2023-03-21',3,1,6.5,'18:27:00');
INSERT INTO "customer_purchases" VALUES (5,8,'2023-03-21',3,2,6.5,'18:36:00');
INSERT INTO "customer_purchases" VALUES (5,8,'2023-03-21',8,1,6.5,'16:53:00');
INSERT INTO "customer_purchases" VALUES (5,8,'2023-03-21',8,1,6.5,'16:59:00');
INSERT INTO "customer_purchases" VALUES (5,8,'2023-03-21',13,4,6.5,'17:56:00');
INSERT INTO "customer_purchases" VALUES (5,8,'2023-03-21',13,4,6.5,'18:33:00');
INSERT INTO "customer_purchases" VALUES (5,8,'2023-03-21',22,1,6.5,'16:10:00');
INSERT INTO "customer_purchases" VALUES (5,8,'2023-03-21',22,2,6.5,'16:40:00');
INSERT INTO "customer_purchases" VALUES (5,8,'2023-03-21',26,3,6.5,'17:09:00');
INSERT INTO "customer_purchases" VALUES (5,8,'2023-03-24',8,2,6.5,'10:03:00');
INSERT INTO "customer_purchases" VALUES (5,8,'2023-03-24',12,2,6.5,'11:33:00');
INSERT INTO "customer_purchases" VALUES (5,8,'2023-03-24',22,3,6.5,'10:01:00');
INSERT INTO "customer_purchases" VALUES (5,8,'2023-03-28',9,1,6.5,'18:03:00');
INSERT INTO "customer_purchases" VALUES (5,8,'2023-03-28',13,1,6.5,'18:34:00');
INSERT INTO "customer_purchases" VALUES (5,8,'2023-03-28',21,3,6.5,'16:17:00');
INSERT INTO "customer_purchases" VALUES (5,8,'2023-03-28',21,4,6.5,'16:49:00');
INSERT INTO "customer_purchases" VALUES (5,8,'2023-03-28',22,3,6.5,'18:53:00');
INSERT INTO "customer_purchases" VALUES (5,8,'2023-03-28',22,1,6.5,'18:57:00');
INSERT INTO "customer_purchases" VALUES (5,8,'2023-03-28',23,2,6.5,'17:38:00');
INSERT INTO "customer_purchases" VALUES (5,8,'2023-03-31',9,2,6.5,'10:31:00');
INSERT INTO "customer_purchases" VALUES (5,8,'2023-03-31',13,2,6.5,'9:40:00');
INSERT INTO "customer_purchases" VALUES (5,8,'2023-03-31',20,3,6.5,'11:50:00');
INSERT INTO "customer_purchases" VALUES (5,8,'2023-03-31',22,2,6.5,'9:32:00');
INSERT INTO "customer_purchases" VALUES (5,8,'2023-03-31',23,3,6.5,'13:59:00');
INSERT INTO "customer_purchases" VALUES (5,8,'2023-04-04',16,2,6.5,'18:54:00');
INSERT INTO "customer_purchases" VALUES (5,8,'2023-04-04',18,4,6.5,'18:43:00');
INSERT INTO "customer_purchases" VALUES (5,8,'2023-04-07',12,1,6.5,'10:18:00');
INSERT INTO "customer_purchases" VALUES (5,8,'2023-04-11',1,2,6.5,'18:21:00');
INSERT INTO "customer_purchases" VALUES (5,8,'2023-04-11',1,1,6.5,'18:28:00');
INSERT INTO "customer_purchases" VALUES (5,8,'2023-04-11',2,2,6.5,'18:59:00');
INSERT INTO "customer_purchases" VALUES (5,8,'2023-04-11',3,2,6.5,'18:32:00');
INSERT INTO "customer_purchases" VALUES (5,8,'2023-04-11',11,3,6.5,'18:52:00');
INSERT INTO "customer_purchases" VALUES (5,8,'2023-04-11',17,3,6.5,'18:16:00');
INSERT INTO "customer_purchases" VALUES (5,8,'2023-04-11',18,5,6.5,'18:51:00');
INSERT INTO "customer_purchases" VALUES (5,8,'2023-04-14',9,4,6.5,'10:27:00');
INSERT INTO "customer_purchases" VALUES (5,8,'2023-04-14',9,4,6.5,'10:28:00');
INSERT INTO "customer_purchases" VALUES (5,8,'2023-04-18',5,1,6.5,'18:03:00');
INSERT INTO "customer_purchases" VALUES (5,8,'2023-04-18',8,1,6.5,'18:08:00');
INSERT INTO "customer_purchases" VALUES (5,8,'2023-04-18',10,2,6.5,'18:40:00');
INSERT INTO "customer_purchases" VALUES (5,8,'2023-04-18',10,2,6.5,'18:46:00');
INSERT INTO "customer_purchases" VALUES (5,8,'2023-04-18',12,2,6.5,'18:54:00');
INSERT INTO "customer_purchases" VALUES (5,8,'2023-04-18',17,1,6.5,'18:49:00');
INSERT INTO "customer_purchases" VALUES (5,8,'2023-04-21',4,2,6.5,'8:44:00');
INSERT INTO "customer_purchases" VALUES (5,8,'2023-04-25',2,3,6.5,'17:29:00');
INSERT INTO "customer_purchases" VALUES (5,8,'2023-04-25',2,2,6.5,'17:31:00');
INSERT INTO "customer_purchases" VALUES (5,8,'2023-04-25',3,4,6.5,'18:31:00');
INSERT INTO "customer_purchases" VALUES (5,8,'2023-04-25',4,3,6.5,'18:10:00');
INSERT INTO "customer_purchases" VALUES (5,8,'2023-04-25',5,5,6.5,'17:35:00');
INSERT INTO "customer_purchases" VALUES (5,8,'2023-04-25',12,4,6.5,'18:42:00');
INSERT INTO "customer_purchases" VALUES (5,8,'2023-04-28',1,2,6.5,'10:04:00');
INSERT INTO "customer_purchases" VALUES (5,8,'2023-04-28',1,2,6.5,'10:14:00');
INSERT INTO "customer_purchases" VALUES (5,8,'2023-04-28',12,2,6.5,'10:17:00');
INSERT INTO "customer_purchases" VALUES (5,8,'2023-05-02',1,3,6.5,'17:21:00');
INSERT INTO "customer_purchases" VALUES (5,8,'2023-05-02',5,1,6.5,'17:46:00');
INSERT INTO "customer_purchases" VALUES (5,8,'2023-05-02',6,2,6.5,'18:15:00');
INSERT INTO "customer_purchases" VALUES (5,8,'2023-05-02',9,1,6.5,'16:36:00');
INSERT INTO "customer_purchases" VALUES (5,8,'2023-05-02',9,3,6.5,'16:51:00');
INSERT INTO "customer_purchases" VALUES (5,8,'2023-05-02',11,4,6.5,'18:09:00');
INSERT INTO "customer_purchases" VALUES (5,8,'2023-05-02',12,2,6.5,'18:19:00');
INSERT INTO "customer_purchases" VALUES (5,8,'2023-05-05',5,4,6.5,'12:11:00');
INSERT INTO "customer_purchases" VALUES (5,8,'2023-05-05',7,2,6.5,'11:09:00');
INSERT INTO "customer_purchases" VALUES (5,8,'2023-05-05',10,4,6.5,'13:07:00');
INSERT INTO "customer_purchases" VALUES (5,8,'2023-05-05',10,1,6.5,'13:46:00');
INSERT INTO "customer_purchases" VALUES (5,8,'2023-05-05',14,4,6.5,'13:31:00');
INSERT INTO "customer_purchases" VALUES (5,8,'2023-05-05',16,2,6.5,'11:48:00');
INSERT INTO "customer_purchases" VALUES (5,8,'2023-05-09',1,2,6.5,'18:34:00');
INSERT INTO "customer_purchases" VALUES (5,8,'2023-05-09',1,1,6.5,'18:44:00');
INSERT INTO "customer_purchases" VALUES (5,8,'2023-05-09',3,1,6.5,'18:05:00');
INSERT INTO "customer_purchases" VALUES (5,8,'2023-05-09',4,1,6.5,'18:53:00');
INSERT INTO "customer_purchases" VALUES (5,8,'2023-05-09',8,1,6.5,'18:51:00');
INSERT INTO "customer_purchases" VALUES (5,8,'2023-05-09',9,2,6.5,'18:56:00');
INSERT INTO "customer_purchases" VALUES (5,8,'2023-05-09',9,2,6.5,'18:59:00');
INSERT INTO "customer_purchases" VALUES (5,8,'2023-05-09',10,1,6.5,'17:54:00');
INSERT INTO "customer_purchases" VALUES (5,8,'2023-05-09',20,4,6.5,'16:18:00');
INSERT INTO "customer_purchases" VALUES (5,8,'2023-05-09',20,4,6.5,'16:54:00');
INSERT INTO "customer_purchases" VALUES (5,8,'2023-05-12',4,4,6.5,'10:03:00');
INSERT INTO "customer_purchases" VALUES (5,8,'2023-05-12',4,3,6.5,'10:22:00');
INSERT INTO "customer_purchases" VALUES (5,8,'2023-05-12',5,1,6.5,'12:39:00');
INSERT INTO "customer_purchases" VALUES (5,8,'2023-05-12',6,5,6.5,'13:44:00');
INSERT INTO "customer_purchases" VALUES (5,8,'2023-05-12',6,2,6.5,'13:45:00');
INSERT INTO "customer_purchases" VALUES (5,8,'2023-05-12',7,5,6.5,'13:58:00');
INSERT INTO "customer_purchases" VALUES (5,8,'2023-05-12',9,2,6.5,'13:39:00');
INSERT INTO "customer_purchases" VALUES (5,8,'2023-05-12',10,2,6.5,'9:51:00');
INSERT INTO "customer_purchases" VALUES (5,8,'2023-05-12',24,1,6.5,'9:02:00');
INSERT INTO "customer_purchases" VALUES (5,8,'2023-05-16',2,2,6.5,'18:44:00');
INSERT INTO "customer_purchases" VALUES (5,8,'2023-05-16',17,2,6.5,'17:13:00');
INSERT INTO "customer_purchases" VALUES (5,8,'2023-05-16',21,1,6.5,'16:56:00');
INSERT INTO "customer_purchases" VALUES (5,8,'2023-05-16',21,5,6.5,'17:24:00');
INSERT INTO "customer_purchases" VALUES (5,8,'2023-05-16',22,2,6.5,'18:23:00');
INSERT INTO "customer_purchases" VALUES (5,8,'2023-05-16',23,3,6.5,'18:47:00');
INSERT INTO "customer_purchases" VALUES (5,8,'2023-05-19',1,1,6.5,'12:00:00');
INSERT INTO "customer_purchases" VALUES (5,8,'2023-05-19',2,1,6.5,'9:27:00');
INSERT INTO "customer_purchases" VALUES (5,8,'2023-05-19',2,1,6.5,'9:37:00');
INSERT INTO "customer_purchases" VALUES (5,8,'2023-05-19',5,2,6.5,'13:13:00');
INSERT INTO "customer_purchases" VALUES (5,8,'2023-05-19',11,2,6.5,'10:50:00');
INSERT INTO "customer_purchases" VALUES (5,8,'2023-05-19',25,3,6.5,'10:42:00');
INSERT INTO "customer_purchases" VALUES (5,8,'2023-05-19',25,6,6.5,'11:20:00');
INSERT INTO "customer_purchases" VALUES (5,8,'2023-05-23',2,2,6.5,'18:14:00');
INSERT INTO "customer_purchases" VALUES (5,8,'2023-05-23',2,1,6.5,'18:27:00');
INSERT INTO "customer_purchases" VALUES (5,8,'2023-05-23',5,1,6.5,'18:25:00');
INSERT INTO "customer_purchases" VALUES (5,8,'2023-05-23',11,2,6.5,'17:05:00');
INSERT INTO "customer_purchases" VALUES (5,8,'2023-05-23',11,1,6.5,'17:39:00');
INSERT INTO "customer_purchases" VALUES (5,8,'2023-05-23',12,2,6.5,'17:02:00');
INSERT INTO "customer_purchases" VALUES (5,8,'2023-05-23',16,1,6.5,'18:50:00');
INSERT INTO "customer_purchases" VALUES (5,8,'2023-05-23',19,3,6.5,'16:51:00');
INSERT INTO "customer_purchases" VALUES (5,8,'2023-05-23',26,4,6.5,'17:45:00');
INSERT INTO "customer_purchases" VALUES (5,8,'2023-05-26',1,2,6.5,'10:46:00');
INSERT INTO "customer_purchases" VALUES (5,8,'2023-05-26',1,1,6.5,'10:55:00');
INSERT INTO "customer_purchases" VALUES (5,8,'2023-05-26',3,3,6.5,'9:30:00');
INSERT INTO "customer_purchases" VALUES (5,8,'2023-05-26',4,1,6.5,'13:51:00');
INSERT INTO "customer_purchases" VALUES (5,8,'2023-05-26',5,2,6.5,'12:58:00');
INSERT INTO "customer_purchases" VALUES (5,8,'2023-05-26',8,3,6.5,'13:57:00');
INSERT INTO "customer_purchases" VALUES (5,8,'2023-05-26',11,2,6.5,'10:50:00');
INSERT INTO "customer_purchases" VALUES (5,8,'2023-05-26',13,1,6.5,'13:12:00');
INSERT INTO "customer_purchases" VALUES (5,8,'2023-05-26',23,4,6.5,'10:12:00');
INSERT INTO "customer_purchases" VALUES (5,8,'2023-05-26',25,2,6.5,'12:13:00');
INSERT INTO "customer_purchases" VALUES (5,8,'2023-05-30',3,2,6.5,'18:54:00');
INSERT INTO "customer_purchases" VALUES (5,8,'2023-05-30',13,4,6.5,'18:39:00');
INSERT INTO "customer_purchases" VALUES (5,8,'2023-05-30',20,4,6.5,'18:43:00');
INSERT INTO "customer_purchases" VALUES (5,8,'2023-06-02',4,3,6.5,'12:05:00');
INSERT INTO "customer_purchases" VALUES (5,8,'2023-06-02',4,5,6.5,'12:25:00');
INSERT INTO "customer_purchases" VALUES (5,8,'2023-06-02',7,1,6.5,'9:33:00');
INSERT INTO "customer_purchases" VALUES (5,8,'2023-06-02',8,5,6.5,'11:20:00');
INSERT INTO "customer_purchases" VALUES (5,8,'2023-06-02',8,4,6.5,'11:43:00');
INSERT INTO "customer_purchases" VALUES (5,8,'2023-06-02',11,4,6.5,'8:53:00');
INSERT INTO "customer_purchases" VALUES (5,8,'2023-06-02',18,2,6.5,'13:40:00');
INSERT INTO "customer_purchases" VALUES (5,8,'2023-06-06',2,2,6.5,'17:13:00');
INSERT INTO "customer_purchases" VALUES (5,8,'2023-06-06',6,2,6.5,'16:39:00');
INSERT INTO "customer_purchases" VALUES (5,8,'2023-06-06',8,1,6.5,'17:18:00');
INSERT INTO "customer_purchases" VALUES (5,8,'2023-06-06',9,2,6.5,'18:12:00');
INSERT INTO "customer_purchases" VALUES (5,8,'2023-06-06',11,1,6.5,'17:01:00');
INSERT INTO "customer_purchases" VALUES (5,8,'2023-06-06',18,1,6.5,'17:00:00');
INSERT INTO "customer_purchases" VALUES (5,8,'2023-06-09',1,5,6.5,'9:57:00');
INSERT INTO "customer_purchases" VALUES (5,8,'2023-06-09',3,4,6.5,'13:01:00');
INSERT INTO "customer_purchases" VALUES (5,8,'2023-06-09',4,4,6.5,'11:40:00');
INSERT INTO "customer_purchases" VALUES (5,8,'2023-06-09',5,5,6.5,'8:59:00');
INSERT INTO "customer_purchases" VALUES (5,8,'2023-06-09',6,1,6.5,'8:49:00');
INSERT INTO "customer_purchases" VALUES (5,8,'2023-06-09',22,1,6.5,'9:12:00');
INSERT INTO "customer_purchases" VALUES (5,8,'2023-06-09',24,2,6.5,'11:14:00');
INSERT INTO "customer_purchases" VALUES (5,8,'2023-06-13',2,2,6.5,'17:21:00');
INSERT INTO "customer_purchases" VALUES (5,8,'2023-06-13',3,4,6.5,'18:40:00');
INSERT INTO "customer_purchases" VALUES (5,8,'2023-06-13',3,1,6.5,'18:46:00');
INSERT INTO "customer_purchases" VALUES (5,8,'2023-06-13',5,3,6.5,'17:28:00');
INSERT INTO "customer_purchases" VALUES (5,8,'2023-06-13',22,4,6.5,'17:30:00');
INSERT INTO "customer_purchases" VALUES (5,8,'2023-06-13',23,4,6.5,'18:35:00');
INSERT INTO "customer_purchases" VALUES (5,8,'2023-06-16',2,4,6.5,'12:57:00');
INSERT INTO "customer_purchases" VALUES (5,8,'2023-06-16',3,1,6.5,'12:14:00');
INSERT INTO "customer_purchases" VALUES (5,8,'2023-06-16',10,1,6.5,'9:42:00');
INSERT INTO "customer_purchases" VALUES (5,8,'2023-06-16',11,4,6.5,'10:47:00');
INSERT INTO "customer_purchases" VALUES (5,8,'2023-06-16',12,5,6.5,'10:25:00');
INSERT INTO "customer_purchases" VALUES (5,8,'2023-06-16',18,3,6.5,'13:40:00');
INSERT INTO "customer_purchases" VALUES (5,8,'2023-06-16',19,4,6.5,'11:07:00');
INSERT INTO "customer_purchases" VALUES (5,8,'2023-06-20',4,4,6.5,'18:46:00');
INSERT INTO "customer_purchases" VALUES (5,8,'2023-06-20',7,2,6.5,'16:42:00');
INSERT INTO "customer_purchases" VALUES (5,8,'2023-06-20',7,1,6.5,'16:57:00');
INSERT INTO "customer_purchases" VALUES (5,8,'2023-06-20',8,3,6.5,'18:18:00');
INSERT INTO "customer_purchases" VALUES (5,8,'2023-06-20',9,2,6.5,'16:48:00');
INSERT INTO "customer_purchases" VALUES (5,8,'2023-06-20',9,3,6.5,'17:21:00');
INSERT INTO "customer_purchases" VALUES (5,8,'2023-06-20',11,1,6.5,'18:02:00');
INSERT INTO "customer_purchases" VALUES (5,8,'2023-06-20',11,2,6.5,'18:45:00');
INSERT INTO "customer_purchases" VALUES (5,8,'2023-06-23',4,4,6.5,'9:41:00');
INSERT INTO "customer_purchases" VALUES (5,8,'2023-06-23',21,7,6.5,'13:56:00');
INSERT INTO "customer_purchases" VALUES (5,8,'2023-06-23',26,5,6.5,'13:20:00');
INSERT INTO "customer_purchases" VALUES (5,8,'2023-06-27',2,4,6.5,'16:50:00');
INSERT INTO "customer_purchases" VALUES (5,8,'2023-06-27',6,2,6.5,'17:38:00');
INSERT INTO "customer_purchases" VALUES (5,8,'2023-06-27',16,4,6.5,'16:29:00');
INSERT INTO "customer_purchases" VALUES (5,8,'2023-06-27',22,4,6.5,'17:33:00');
INSERT INTO "customer_purchases" VALUES (5,8,'2023-06-27',23,4,6.5,'18:40:00');
INSERT INTO "customer_purchases" VALUES (5,8,'2023-06-30',1,2,6.5,'9:04:00');
INSERT INTO "customer_purchases" VALUES (5,8,'2023-06-30',2,3,6.5,'12:25:00');
INSERT INTO "customer_purchases" VALUES (5,8,'2023-06-30',3,2,6.5,'10:53:00');
INSERT INTO "customer_purchases" VALUES (5,8,'2023-06-30',3,3,6.5,'11:19:00');
INSERT INTO "customer_purchases" VALUES (5,8,'2023-06-30',6,2,6.5,'12:55:00');
INSERT INTO "customer_purchases" VALUES (5,8,'2023-06-30',11,3,6.5,'10:21:00');
INSERT INTO "customer_purchases" VALUES (5,8,'2023-06-30',18,3,6.5,'11:28:00');
INSERT INTO "customer_purchases" VALUES (5,8,'2023-06-30',19,2,6.5,'10:20:00');
INSERT INTO "customer_purchases" VALUES (5,8,'2023-06-30',21,3,6.5,'13:54:00');
INSERT INTO "customer_purchases" VALUES (5,8,'2023-07-04',12,4,6.5,'18:37:00');
INSERT INTO "customer_purchases" VALUES (5,8,'2023-07-07',10,5,6.5,'10:39:00');
INSERT INTO "customer_purchases" VALUES (5,8,'2023-07-07',12,4,6.5,'13:52:00');
INSERT INTO "customer_purchases" VALUES (5,8,'2023-07-07',12,2,6.5,'13:58:00');
INSERT INTO "customer_purchases" VALUES (5,8,'2023-07-07',15,2,6.5,'9:14:00');
INSERT INTO "customer_purchases" VALUES (5,8,'2023-07-07',15,2,6.5,'9:21:00');
INSERT INTO "customer_purchases" VALUES (5,8,'2023-07-07',17,1,6.5,'10:20:00');
INSERT INTO "customer_purchases" VALUES (5,8,'2023-07-11',3,3,6.5,'18:17:00');
INSERT INTO "customer_purchases" VALUES (5,8,'2023-07-11',5,3,6.5,'18:56:00');
INSERT INTO "customer_purchases" VALUES (5,8,'2023-07-11',9,1,6.5,'17:05:00');
INSERT INTO "customer_purchases" VALUES (5,8,'2023-07-11',9,2,6.5,'17:10:00');
INSERT INTO "customer_purchases" VALUES (5,8,'2023-07-11',16,5,6.5,'18:29:00');
INSERT INTO "customer_purchases" VALUES (5,8,'2023-07-14',12,2,6.5,'8:59:00');
INSERT INTO "customer_purchases" VALUES (5,8,'2023-07-14',12,2,6.5,'9:11:00');
INSERT INTO "customer_purchases" VALUES (5,8,'2023-07-18',14,1,6.5,'18:11:00');
INSERT INTO "customer_purchases" VALUES (5,8,'2023-07-21',3,5,6.5,'12:47:00');
INSERT INTO "customer_purchases" VALUES (5,8,'2023-07-21',7,2,6.5,'12:21:00');
INSERT INTO "customer_purchases" VALUES (5,8,'2023-07-21',8,3,6.5,'10:23:00');
INSERT INTO "customer_purchases" VALUES (5,8,'2023-07-21',10,2,6.5,'11:11:00');
INSERT INTO "customer_purchases" VALUES (5,8,'2023-07-21',12,4,6.5,'11:27:00');
INSERT INTO "customer_purchases" VALUES (5,8,'2023-07-28',5,1,6.5,'12:28:00');
INSERT INTO "customer_purchases" VALUES (5,8,'2023-07-28',8,5,6.5,'13:10:00');
INSERT INTO "customer_purchases" VALUES (5,8,'2023-07-28',9,3,6.5,'13:28:00');
INSERT INTO "customer_purchases" VALUES (5,8,'2023-07-28',11,4,6.5,'12:58:00');
INSERT INTO "customer_purchases" VALUES (5,8,'2023-07-28',11,1,6.5,'13:00:00');
INSERT INTO "customer_purchases" VALUES (5,8,'2023-08-01',13,1,6.5,'17:42:00');
INSERT INTO "customer_purchases" VALUES (5,8,'2023-08-04',4,4,6.5,'10:48:00');
INSERT INTO "customer_purchases" VALUES (5,8,'2023-08-04',4,4,6.5,'10:49:00');
INSERT INTO "customer_purchases" VALUES (5,8,'2023-08-04',5,1,6.5,'8:26:00');
INSERT INTO "customer_purchases" VALUES (5,8,'2023-08-04',15,5,6.5,'13:44:00');
INSERT INTO "customer_purchases" VALUES (5,8,'2023-08-04',21,2,6.5,'11:46:00');
INSERT INTO "customer_purchases" VALUES (5,8,'2023-08-08',6,4,6.5,'18:43:00');
INSERT INTO "customer_purchases" VALUES (5,8,'2023-08-08',14,2,6.5,'17:59:00');
INSERT INTO "customer_purchases" VALUES (5,8,'2023-08-11',2,2,6.5,'10:30:00');
INSERT INTO "customer_purchases" VALUES (5,8,'2023-08-11',7,3,6.5,'11:49:00');
INSERT INTO "customer_purchases" VALUES (5,8,'2023-08-11',10,3,6.5,'10:49:00');
INSERT INTO "customer_purchases" VALUES (5,8,'2023-08-11',17,3,6.5,'12:27:00');
INSERT INTO "customer_purchases" VALUES (5,8,'2023-08-11',26,5,6.5,'11:06:00');
INSERT INTO "customer_purchases" VALUES (5,8,'2023-08-15',13,4,6.5,'17:33:00');
INSERT INTO "customer_purchases" VALUES (5,8,'2023-08-15',23,4,6.5,'18:50:00');
INSERT INTO "customer_purchases" VALUES (5,8,'2023-08-15',26,5,6.5,'18:53:00');
INSERT INTO "customer_purchases" VALUES (5,8,'2023-08-18',4,5,6.5,'9:21:00');
INSERT INTO "customer_purchases" VALUES (5,8,'2023-08-18',5,4,6.5,'10:46:00');
INSERT INTO "customer_purchases" VALUES (5,8,'2023-08-18',5,2,6.5,'11:07:00');
INSERT INTO "customer_purchases" VALUES (5,8,'2023-08-18',9,1,6.5,'9:46:00');
INSERT INTO "customer_purchases" VALUES (5,8,'2023-08-18',14,3,6.5,'11:18:00');
INSERT INTO "customer_purchases" VALUES (5,8,'2023-08-18',22,5,6.5,'9:55:00');
INSERT INTO "customer_purchases" VALUES (5,8,'2023-08-18',23,2,6.5,'11:45:00');
INSERT INTO "customer_purchases" VALUES (5,8,'2023-08-22',5,5,6.5,'18:26:00');
INSERT INTO "customer_purchases" VALUES (5,8,'2023-08-22',6,4,6.5,'17:51:00');
INSERT INTO "customer_purchases" VALUES (5,8,'2023-08-22',8,4,6.5,'17:50:00');
INSERT INTO "customer_purchases" VALUES (5,8,'2023-08-22',15,2,6.5,'18:43:00');
INSERT INTO "customer_purchases" VALUES (5,8,'2023-08-22',19,2,6.5,'16:57:00');
INSERT INTO "customer_purchases" VALUES (5,8,'2023-08-22',26,1,6.5,'18:05:00');
INSERT INTO "customer_purchases" VALUES (5,8,'2023-08-25',2,1,6.5,'10:35:00');
INSERT INTO "customer_purchases" VALUES (5,8,'2023-08-25',8,2,6.5,'8:36:00');
INSERT INTO "customer_purchases" VALUES (5,8,'2023-08-25',11,2,6.5,'8:40:00');
INSERT INTO "customer_purchases" VALUES (5,8,'2023-08-25',11,2,6.5,'9:43:00');
INSERT INTO "customer_purchases" VALUES (5,8,'2023-08-29',9,4,6.5,'17:33:00');
INSERT INTO "customer_purchases" VALUES (5,8,'2023-08-29',12,2,6.5,'17:12:00');
INSERT INTO "customer_purchases" VALUES (5,8,'2023-08-29',25,7,6.5,'17:34:00');
INSERT INTO "customer_purchases" VALUES (5,8,'2023-09-01',1,2,6.5,'13:41:00');
INSERT INTO "customer_purchases" VALUES (5,8,'2023-09-01',7,4,6.5,'13:47:00');
INSERT INTO "customer_purchases" VALUES (5,8,'2023-09-05',1,4,6.5,'16:24:00');
INSERT INTO "customer_purchases" VALUES (5,8,'2023-09-05',1,3,6.5,'16:36:00');
INSERT INTO "customer_purchases" VALUES (5,8,'2023-09-05',18,4,6.5,'16:41:00');
INSERT INTO "customer_purchases" VALUES (5,8,'2023-09-05',18,5,6.5,'16:55:00');
INSERT INTO "customer_purchases" VALUES (5,8,'2023-09-08',1,2,6.5,'13:50:00');
INSERT INTO "customer_purchases" VALUES (5,8,'2023-09-08',7,2,6.5,'8:37:00');
INSERT INTO "customer_purchases" VALUES (5,8,'2023-09-12',5,1,6.5,'18:33:00');
INSERT INTO "customer_purchases" VALUES (5,8,'2023-09-12',7,4,6.5,'18:38:00');
INSERT INTO "customer_purchases" VALUES (5,8,'2023-09-12',12,5,6.5,'16:16:00');
INSERT INTO "customer_purchases" VALUES (5,8,'2023-09-12',13,4,6.5,'17:45:00');
INSERT INTO "customer_purchases" VALUES (5,8,'2023-09-15',16,2,6.5,'13:51:00');
INSERT INTO "customer_purchases" VALUES (5,8,'2023-09-19',2,3,6.5,'17:43:00');
INSERT INTO "customer_purchases" VALUES (5,8,'2023-09-19',5,5,6.5,'18:59:00');
INSERT INTO "customer_purchases" VALUES (5,8,'2023-09-19',7,5,6.5,'18:05:00');
INSERT INTO "customer_purchases" VALUES (5,8,'2023-09-19',8,1,6.5,'18:32:00');
INSERT INTO "customer_purchases" VALUES (5,8,'2023-09-19',8,1,6.5,'18:42:00');
INSERT INTO "customer_purchases" VALUES (5,8,'2023-09-19',19,2,6.5,'18:37:00');
INSERT INTO "customer_purchases" VALUES (5,8,'2023-09-19',19,1,6.5,'18:58:00');
INSERT INTO "customer_purchases" VALUES (5,8,'2023-09-22',10,2,6.5,'11:49:00');
INSERT INTO "customer_purchases" VALUES (5,8,'2023-09-22',17,4,6.5,'13:37:00');
INSERT INTO "customer_purchases" VALUES (5,8,'2023-09-22',18,6,6.5,'11:11:00');
INSERT INTO "customer_purchases" VALUES (5,8,'2023-09-26',1,5,6.5,'18:08:00');
INSERT INTO "customer_purchases" VALUES (5,8,'2023-09-26',2,1,6.5,'17:07:00');
INSERT INTO "customer_purchases" VALUES (5,8,'2023-09-26',4,1,6.5,'18:02:00');
INSERT INTO "customer_purchases" VALUES (5,8,'2023-09-26',6,2,6.5,'18:54:00');
INSERT INTO "customer_purchases" VALUES (5,8,'2023-09-26',24,3,6.5,'17:48:00');
INSERT INTO "customer_purchases" VALUES (5,8,'2023-09-29',6,2,6.5,'11:54:00');
INSERT INTO "customer_purchases" VALUES (5,8,'2023-09-29',12,4,6.5,'9:15:00');
INSERT INTO "customer_purchases" VALUES (5,8,'2023-09-29',15,1,6.5,'13:08:00');
INSERT INTO "customer_purchases" VALUES (5,8,'2023-09-29',17,4,6.5,'13:38:00');
INSERT INTO "customer_purchases" VALUES (5,8,'2023-09-29',18,2,6.5,'10:53:00');
INSERT INTO "customer_purchases" VALUES (5,8,'2023-09-29',24,2,6.5,'11:26:00');
INSERT INTO "customer_purchases" VALUES (5,8,'2023-10-03',6,1,6.5,'18:04:00');
INSERT INTO "customer_purchases" VALUES (5,8,'2023-10-03',26,3,6.5,'16:54:00');
INSERT INTO "customer_purchases" VALUES (5,8,'2023-10-06',7,1,6.5,'13:21:00');
INSERT INTO "customer_purchases" VALUES (5,8,'2023-10-06',10,1,6.5,'9:56:00');
INSERT INTO "customer_purchases" VALUES (5,8,'2023-10-06',12,2,6.5,'10:16:00');
INSERT INTO "customer_purchases" VALUES (5,8,'2023-10-06',16,1,6.5,'10:27:00');
INSERT INTO "customer_purchases" VALUES (5,8,'2023-10-06',16,2,6.5,'10:44:00');
INSERT INTO "customer_purchases" VALUES (5,8,'2023-10-06',23,5,6.5,'9:48:00');
INSERT INTO "customer_purchases" VALUES (5,8,'2023-10-06',23,2,6.5,'9:58:00');
INSERT INTO "customer_purchases" VALUES (5,8,'2023-10-06',25,3,6.5,'9:09:00');
INSERT INTO "customer_purchases" VALUES (5,8,'2023-10-06',25,3,6.5,'9:24:00');
INSERT INTO "customer_purchases" VALUES (5,8,'2023-10-10',3,4,6.5,'16:46:00');
INSERT INTO "customer_purchases" VALUES (5,8,'2023-10-10',3,4,6.5,'17:12:00');
INSERT INTO "customer_purchases" VALUES (5,8,'2023-10-10',11,3,6.5,'18:58:00');
INSERT INTO "customer_purchases" VALUES (5,8,'2023-10-10',18,2,6.5,'17:27:00');
INSERT INTO "customer_purchases" VALUES (5,8,'2023-10-10',18,1,6.5,'17:42:00');
INSERT INTO "customer_purchases" VALUES (5,8,'2023-10-10',23,3,6.5,'18:13:00');
INSERT INTO "customer_purchases" VALUES (5,8,'2023-10-10',26,2,6.5,'18:57:00');
INSERT INTO "customer_purchases" VALUES (5,8,'2023-10-13',1,4,6.5,'9:07:00');
INSERT INTO "customer_purchases" VALUES (5,8,'2023-10-13',2,1,6.5,'13:50:00');
INSERT INTO "customer_purchases" VALUES (5,8,'2023-10-13',6,5,6.5,'12:51:00');
INSERT INTO "customer_purchases" VALUES (5,8,'2023-10-13',10,3,6.5,'13:41:00');
INSERT INTO "customer_purchases" VALUES (5,8,'2023-10-13',13,1,6.5,'9:10:00');
INSERT INTO "customer_purchases" VALUES (5,8,'2023-10-13',13,1,6.5,'9:15:00');
INSERT INTO "customer_purchases" VALUES (5,8,'2023-10-13',19,5,6.5,'12:20:00');
INSERT INTO "customer_purchases" VALUES (7,8,'2022-04-05',9,1,18,'16:20:00');
INSERT INTO "customer_purchases" VALUES (7,8,'2022-04-05',9,2,18,'17:08:00');
INSERT INTO "customer_purchases" VALUES (7,8,'2022-04-05',10,1,18,'18:13:00');
INSERT INTO "customer_purchases" VALUES (7,8,'2022-04-05',11,2,18,'18:57:00');
INSERT INTO "customer_purchases" VALUES (7,8,'2022-04-05',23,1,18,'17:31:00');
INSERT INTO "customer_purchases" VALUES (7,8,'2022-04-05',23,2,18,'17:35:00');
INSERT INTO "customer_purchases" VALUES (7,8,'2022-04-08',14,1,18,'11:20:00');
INSERT INTO "customer_purchases" VALUES (7,8,'2022-04-08',14,3,18,'12:22:00');
INSERT INTO "customer_purchases" VALUES (7,8,'2022-04-08',23,3,18,'10:11:00');
INSERT INTO "customer_purchases" VALUES (7,8,'2022-04-12',2,1,18,'17:36:00');
INSERT INTO "customer_purchases" VALUES (7,8,'2022-04-12',4,2,18,'18:54:00');
INSERT INTO "customer_purchases" VALUES (7,8,'2022-04-12',11,2,18,'18:42:00');
INSERT INTO "customer_purchases" VALUES (7,8,'2022-04-12',12,1,18,'18:08:00');
INSERT INTO "customer_purchases" VALUES (7,8,'2022-04-15',3,1,18,'12:26:00');
INSERT INTO "customer_purchases" VALUES (7,8,'2022-04-15',12,2,18,'11:32:00');
INSERT INTO "customer_purchases" VALUES (7,8,'2022-04-15',14,2,18,'10:49:00');
INSERT INTO "customer_purchases" VALUES (7,8,'2022-04-15',14,1,18,'11:25:00');
INSERT INTO "customer_purchases" VALUES (7,8,'2022-04-19',1,2,18,'18:52:00');
INSERT INTO "customer_purchases" VALUES (7,8,'2022-04-19',6,1,18,'18:06:00');
INSERT INTO "customer_purchases" VALUES (7,8,'2022-04-19',8,1,18,'16:15:00');
INSERT INTO "customer_purchases" VALUES (7,8,'2022-04-19',18,1,18,'18:54:00');
INSERT INTO "customer_purchases" VALUES (7,8,'2022-04-19',22,2,18,'18:52:00');
INSERT INTO "customer_purchases" VALUES (7,8,'2022-04-22',9,1,18,'8:13:00');
INSERT INTO "customer_purchases" VALUES (7,8,'2022-04-22',10,1,18,'8:43:00');
INSERT INTO "customer_purchases" VALUES (7,8,'2022-04-22',15,1,18,'9:46:00');
INSERT INTO "customer_purchases" VALUES (7,8,'2022-04-22',15,1,18,'10:39:00');
INSERT INTO "customer_purchases" VALUES (7,8,'2022-04-22',26,4,18,'9:09:00');
INSERT INTO "customer_purchases" VALUES (7,8,'2022-04-26',1,1,18,'17:49:00');
INSERT INTO "customer_purchases" VALUES (7,8,'2022-04-26',5,1,18,'17:06:00');
INSERT INTO "customer_purchases" VALUES (7,8,'2022-04-26',5,1,18,'17:14:00');
INSERT INTO "customer_purchases" VALUES (7,8,'2022-04-26',6,1,18,'18:13:00');
INSERT INTO "customer_purchases" VALUES (7,8,'2022-04-26',6,1,18,'18:25:00');
INSERT INTO "customer_purchases" VALUES (7,8,'2022-04-26',20,1,18,'18:48:00');
INSERT INTO "customer_purchases" VALUES (7,8,'2022-04-29',3,3,18,'11:44:00');
INSERT INTO "customer_purchases" VALUES (7,8,'2022-04-29',22,3,18,'9:49:00');
INSERT INTO "customer_purchases" VALUES (7,8,'2022-05-03',2,1,18,'18:18:00');
INSERT INTO "customer_purchases" VALUES (7,8,'2022-05-03',3,2,18,'18:59:00');
INSERT INTO "customer_purchases" VALUES (7,8,'2022-05-03',10,1,18,'17:49:00');
INSERT INTO "customer_purchases" VALUES (7,8,'2022-05-03',16,1,18,'18:19:00');
INSERT INTO "customer_purchases" VALUES (7,8,'2022-05-06',2,1,18,'8:45:00');
INSERT INTO "customer_purchases" VALUES (7,8,'2022-05-06',2,3,18,'9:07:00');
INSERT INTO "customer_purchases" VALUES (7,8,'2022-05-06',5,2,18,'9:08:00');
INSERT INTO "customer_purchases" VALUES (7,8,'2022-05-06',9,1,18,'11:58:00');
INSERT INTO "customer_purchases" VALUES (7,8,'2022-05-06',26,1,18,'10:14:00');
INSERT INTO "customer_purchases" VALUES (7,8,'2022-05-10',1,2,18,'18:25:00');
INSERT INTO "customer_purchases" VALUES (7,8,'2022-05-10',1,1,18,'18:46:00');
INSERT INTO "customer_purchases" VALUES (7,8,'2022-05-10',8,3,18,'18:42:00');
INSERT INTO "customer_purchases" VALUES (7,8,'2022-05-10',8,1,18,'18:43:00');
INSERT INTO "customer_purchases" VALUES (7,8,'2022-05-10',24,1,18,'18:40:00');
INSERT INTO "customer_purchases" VALUES (7,8,'2022-05-13',2,1,18,'10:42:00');
INSERT INTO "customer_purchases" VALUES (7,8,'2022-05-13',3,2,18,'9:22:00');
INSERT INTO "customer_purchases" VALUES (7,8,'2022-05-13',3,1,18,'10:15:00');
INSERT INTO "customer_purchases" VALUES (7,8,'2022-05-17',8,1,18,'18:15:00');
INSERT INTO "customer_purchases" VALUES (7,8,'2022-05-17',8,2,18,'18:17:00');
INSERT INTO "customer_purchases" VALUES (7,8,'2022-05-17',21,5,18,'18:42:00');
INSERT INTO "customer_purchases" VALUES (7,8,'2022-05-20',9,1,18,'12:56:00');
INSERT INTO "customer_purchases" VALUES (7,8,'2022-05-20',9,2,18,'13:36:00');
INSERT INTO "customer_purchases" VALUES (7,8,'2022-05-20',11,1,18,'12:36:00');
INSERT INTO "customer_purchases" VALUES (7,8,'2022-05-20',25,3,18,'13:45:00');
INSERT INTO "customer_purchases" VALUES (7,8,'2022-05-20',26,1,18,'13:53:00');
INSERT INTO "customer_purchases" VALUES (7,8,'2022-05-20',26,2,18,'13:54:00');
INSERT INTO "customer_purchases" VALUES (7,8,'2022-05-24',1,1,18,'16:25:00');
INSERT INTO "customer_purchases" VALUES (7,8,'2022-05-24',3,1,18,'18:40:00');
INSERT INTO "customer_purchases" VALUES (7,8,'2022-05-24',13,1,18,'18:53:00');
INSERT INTO "customer_purchases" VALUES (7,8,'2022-05-24',13,1,18,'18:59:00');
INSERT INTO "customer_purchases" VALUES (7,8,'2022-05-24',26,1,18,'17:29:00');
INSERT INTO "customer_purchases" VALUES (7,8,'2022-05-27',4,1,18,'8:56:00');
INSERT INTO "customer_purchases" VALUES (7,8,'2022-05-27',12,1,18,'13:44:00');
INSERT INTO "customer_purchases" VALUES (7,8,'2022-05-27',12,3,18,'13:53:00');
INSERT INTO "customer_purchases" VALUES (7,8,'2022-05-27',21,3,18,'10:35:00');
INSERT INTO "customer_purchases" VALUES (7,8,'2022-05-31',12,3,18,'17:00:00');
INSERT INTO "customer_purchases" VALUES (7,8,'2022-05-31',12,1,18,'18:09:00');
INSERT INTO "customer_purchases" VALUES (7,8,'2022-05-31',20,3,18,'17:42:00');
INSERT INTO "customer_purchases" VALUES (7,8,'2022-05-31',20,4,18,'18:18:00');
INSERT INTO "customer_purchases" VALUES (7,8,'2022-05-31',22,1,18,'16:28:00');
INSERT INTO "customer_purchases" VALUES (7,8,'2022-06-03',8,1,18,'11:46:00');
INSERT INTO "customer_purchases" VALUES (7,8,'2022-06-03',8,3,18,'12:27:00');
INSERT INTO "customer_purchases" VALUES (7,8,'2022-06-03',20,3,18,'13:55:00');
INSERT INTO "customer_purchases" VALUES (7,8,'2022-06-03',23,1,18,'10:57:00');
INSERT INTO "customer_purchases" VALUES (7,8,'2022-06-03',23,3,18,'11:13:00');
INSERT INTO "customer_purchases" VALUES (7,8,'2022-06-07',4,2,18,'18:52:00');
INSERT INTO "customer_purchases" VALUES (7,8,'2022-06-07',11,3,18,'17:52:00');
INSERT INTO "customer_purchases" VALUES (7,8,'2022-06-07',14,1,18,'18:09:00');
INSERT INTO "customer_purchases" VALUES (7,8,'2022-06-07',26,1,18,'18:14:00');
INSERT INTO "customer_purchases" VALUES (7,8,'2022-06-10',2,2,18,'12:25:00');
INSERT INTO "customer_purchases" VALUES (7,8,'2022-06-10',6,1,18,'10:34:00');
INSERT INTO "customer_purchases" VALUES (7,8,'2022-06-10',17,2,18,'11:57:00');
INSERT INTO "customer_purchases" VALUES (7,8,'2022-06-10',17,2,18,'12:00:00');
INSERT INTO "customer_purchases" VALUES (7,8,'2022-06-14',5,1,18,'17:22:00');
INSERT INTO "customer_purchases" VALUES (7,8,'2022-06-14',12,1,18,'18:27:00');
INSERT INTO "customer_purchases" VALUES (7,8,'2022-06-14',12,2,18,'18:35:00');
INSERT INTO "customer_purchases" VALUES (7,8,'2022-06-14',14,1,18,'18:53:00');
INSERT INTO "customer_purchases" VALUES (7,8,'2022-06-14',14,1,18,'18:54:00');
INSERT INTO "customer_purchases" VALUES (7,8,'2022-06-14',26,1,18,'18:14:00');
INSERT INTO "customer_purchases" VALUES (7,8,'2022-06-17',2,2,18,'12:59:00');
INSERT INTO "customer_purchases" VALUES (7,8,'2022-06-17',5,1,18,'13:16:00');
INSERT INTO "customer_purchases" VALUES (7,8,'2022-06-17',9,1,18,'12:28:00');
INSERT INTO "customer_purchases" VALUES (7,8,'2022-06-17',10,1,18,'13:37:00');
INSERT INTO "customer_purchases" VALUES (7,8,'2022-06-17',26,3,18,'9:40:00');
INSERT INTO "customer_purchases" VALUES (7,8,'2022-06-21',6,3,18,'18:40:00');
INSERT INTO "customer_purchases" VALUES (7,8,'2022-06-21',17,2,18,'17:43:00');
INSERT INTO "customer_purchases" VALUES (7,8,'2022-06-21',20,2,18,'16:37:00');
INSERT INTO "customer_purchases" VALUES (7,8,'2022-06-24',3,1,18,'10:40:00');
INSERT INTO "customer_purchases" VALUES (7,8,'2022-06-24',13,1,18,'11:12:00');
INSERT INTO "customer_purchases" VALUES (7,8,'2022-06-24',14,2,18,'12:39:00');
INSERT INTO "customer_purchases" VALUES (7,8,'2022-06-24',15,2,18,'12:40:00');
INSERT INTO "customer_purchases" VALUES (7,8,'2022-06-24',24,1,18,'11:18:00');
INSERT INTO "customer_purchases" VALUES (7,8,'2022-06-28',8,1,18,'17:33:00');
INSERT INTO "customer_purchases" VALUES (7,8,'2022-06-28',12,2,18,'18:12:00');
INSERT INTO "customer_purchases" VALUES (7,8,'2022-06-28',12,1,18,'18:36:00');
INSERT INTO "customer_purchases" VALUES (7,8,'2022-06-28',22,2,18,'17:33:00');
INSERT INTO "customer_purchases" VALUES (7,8,'2022-07-01',2,1,18,'9:00:00');
INSERT INTO "customer_purchases" VALUES (7,8,'2022-07-01',15,1,18,'13:40:00');
INSERT INTO "customer_purchases" VALUES (7,8,'2022-07-01',15,1,18,'13:41:00');
INSERT INTO "customer_purchases" VALUES (7,8,'2022-07-01',24,2,18,'9:35:00');
INSERT INTO "customer_purchases" VALUES (7,8,'2022-07-01',24,4,18,'10:14:00');
INSERT INTO "customer_purchases" VALUES (7,8,'2022-07-01',25,1,18,'9:40:00');
INSERT INTO "customer_purchases" VALUES (7,8,'2022-07-05',1,2,18,'16:38:00');
INSERT INTO "customer_purchases" VALUES (7,8,'2022-07-05',1,2,18,'17:46:00');
INSERT INTO "customer_purchases" VALUES (7,8,'2022-07-05',7,1,18,'16:40:00');
INSERT INTO "customer_purchases" VALUES (7,8,'2022-07-08',3,2,18,'10:31:00');
INSERT INTO "customer_purchases" VALUES (7,8,'2022-07-08',5,3,18,'10:06:00');
INSERT INTO "customer_purchases" VALUES (7,8,'2022-07-12',2,2,18,'17:54:00');
INSERT INTO "customer_purchases" VALUES (7,8,'2022-07-12',9,3,18,'17:15:00');
INSERT INTO "customer_purchases" VALUES (7,8,'2022-07-15',2,1,18,'12:48:00');
INSERT INTO "customer_purchases" VALUES (7,8,'2022-07-15',2,3,18,'12:52:00');
INSERT INTO "customer_purchases" VALUES (7,8,'2022-07-15',11,1,18,'9:30:00');
INSERT INTO "customer_purchases" VALUES (7,8,'2022-07-19',12,3,18,'18:53:00');
INSERT INTO "customer_purchases" VALUES (7,8,'2022-07-22',6,1,18,'11:23:00');
INSERT INTO "customer_purchases" VALUES (7,8,'2022-07-22',8,3,18,'13:57:00');
INSERT INTO "customer_purchases" VALUES (7,8,'2022-07-22',21,1,18,'12:29:00');
INSERT INTO "customer_purchases" VALUES (7,8,'2022-07-22',26,3,18,'13:05:00');
INSERT INTO "customer_purchases" VALUES (7,8,'2022-07-22',26,3,18,'13:37:00');
INSERT INTO "customer_purchases" VALUES (7,8,'2022-07-26',3,1,18,'18:58:00');
INSERT INTO "customer_purchases" VALUES (7,8,'2022-07-26',12,2,18,'17:45:00');
INSERT INTO "customer_purchases" VALUES (7,8,'2022-07-26',25,3,18,'18:28:00');
INSERT INTO "customer_purchases" VALUES (7,8,'2022-07-29',1,2,18,'8:52:00');
INSERT INTO "customer_purchases" VALUES (7,8,'2022-07-29',8,3,18,'11:03:00');
INSERT INTO "customer_purchases" VALUES (7,8,'2022-07-29',20,1,18,'13:25:00');
INSERT INTO "customer_purchases" VALUES (7,8,'2022-07-29',24,3,18,'9:54:00');
INSERT INTO "customer_purchases" VALUES (7,8,'2022-08-02',5,1,18,'17:11:00');
INSERT INTO "customer_purchases" VALUES (7,8,'2022-08-02',11,1,18,'17:22:00');
INSERT INTO "customer_purchases" VALUES (7,8,'2022-08-02',11,2,18,'18:08:00');
INSERT INTO "customer_purchases" VALUES (7,8,'2022-08-05',10,2,18,'11:38:00');
INSERT INTO "customer_purchases" VALUES (7,8,'2022-08-05',12,1,18,'9:00:00');
INSERT INTO "customer_purchases" VALUES (7,8,'2022-08-05',12,1,18,'9:19:00');
INSERT INTO "customer_purchases" VALUES (7,8,'2022-08-05',18,1,18,'9:31:00');
INSERT INTO "customer_purchases" VALUES (7,8,'2022-08-05',23,2,18,'13:53:00');
INSERT INTO "customer_purchases" VALUES (7,8,'2022-08-09',10,2,18,'17:13:00');
INSERT INTO "customer_purchases" VALUES (7,8,'2022-08-09',10,1,18,'17:26:00');
INSERT INTO "customer_purchases" VALUES (7,8,'2022-08-12',8,1,18,'9:20:00');
INSERT INTO "customer_purchases" VALUES (7,8,'2022-08-12',10,1,18,'13:45:00');
INSERT INTO "customer_purchases" VALUES (7,8,'2022-08-12',11,1,18,'9:23:00');
INSERT INTO "customer_purchases" VALUES (7,8,'2022-08-12',14,1,18,'10:04:00');
INSERT INTO "customer_purchases" VALUES (7,8,'2022-08-12',25,1,18,'12:00:00');
INSERT INTO "customer_purchases" VALUES (7,8,'2022-08-16',11,1,18,'17:16:00');
INSERT INTO "customer_purchases" VALUES (7,8,'2022-08-16',13,1,18,'17:01:00');
INSERT INTO "customer_purchases" VALUES (7,8,'2022-08-16',13,2,18,'17:19:00');
INSERT INTO "customer_purchases" VALUES (7,8,'2022-08-16',25,1,18,'18:53:00');
INSERT INTO "customer_purchases" VALUES (7,8,'2022-08-19',4,3,18,'13:59:00');
INSERT INTO "customer_purchases" VALUES (7,8,'2022-08-19',24,3,18,'12:48:00');
INSERT INTO "customer_purchases" VALUES (7,8,'2022-08-23',6,2,18,'17:18:00');
INSERT INTO "customer_purchases" VALUES (7,8,'2022-08-23',9,1,18,'18:21:00');
INSERT INTO "customer_purchases" VALUES (7,8,'2022-08-23',16,2,18,'16:41:00');
INSERT INTO "customer_purchases" VALUES (7,8,'2022-08-26',4,2,18,'11:13:00');
INSERT INTO "customer_purchases" VALUES (7,8,'2022-08-26',4,2,18,'11:47:00');
INSERT INTO "customer_purchases" VALUES (7,8,'2022-08-26',6,1,18,'12:32:00');
INSERT INTO "customer_purchases" VALUES (7,8,'2022-08-26',26,3,18,'13:57:00');
INSERT INTO "customer_purchases" VALUES (7,8,'2022-08-30',1,1,18,'17:35:00');
INSERT INTO "customer_purchases" VALUES (7,8,'2022-08-30',6,1,18,'17:49:00');
INSERT INTO "customer_purchases" VALUES (7,8,'2022-08-30',8,2,18,'17:45:00');
INSERT INTO "customer_purchases" VALUES (7,8,'2022-08-30',12,1,18,'17:13:00');
INSERT INTO "customer_purchases" VALUES (7,8,'2022-09-02',6,1,18,'12:06:00');
INSERT INTO "customer_purchases" VALUES (7,8,'2022-09-02',7,1,18,'13:25:00');
INSERT INTO "customer_purchases" VALUES (7,8,'2022-09-02',7,1,18,'13:26:00');
INSERT INTO "customer_purchases" VALUES (7,8,'2022-09-02',11,1,18,'12:42:00');
INSERT INTO "customer_purchases" VALUES (7,8,'2022-09-02',22,1,18,'8:59:00');
INSERT INTO "customer_purchases" VALUES (7,8,'2022-09-02',24,2,18,'10:21:00');
INSERT INTO "customer_purchases" VALUES (7,8,'2022-09-06',2,1,18,'17:14:00');
INSERT INTO "customer_purchases" VALUES (7,8,'2022-09-06',5,1,18,'17:13:00');
INSERT INTO "customer_purchases" VALUES (7,8,'2022-09-06',5,1,18,'17:25:00');
INSERT INTO "customer_purchases" VALUES (7,8,'2022-09-06',20,2,18,'18:04:00');
INSERT INTO "customer_purchases" VALUES (7,8,'2022-09-09',2,2,18,'13:42:00');
INSERT INTO "customer_purchases" VALUES (7,8,'2022-09-09',2,3,18,'13:57:00');
INSERT INTO "customer_purchases" VALUES (7,8,'2022-09-13',4,2,18,'18:05:00');
INSERT INTO "customer_purchases" VALUES (7,8,'2022-09-13',10,1,18,'18:47:00');
INSERT INTO "customer_purchases" VALUES (7,8,'2022-09-13',25,2,18,'17:50:00');
INSERT INTO "customer_purchases" VALUES (7,8,'2022-09-16',11,3,18,'9:50:00');
INSERT INTO "customer_purchases" VALUES (7,8,'2022-09-16',18,1,18,'9:08:00');
INSERT INTO "customer_purchases" VALUES (7,8,'2022-09-16',21,2,18,'11:39:00');
INSERT INTO "customer_purchases" VALUES (7,8,'2022-09-16',25,5,18,'13:07:00');
INSERT INTO "customer_purchases" VALUES (7,8,'2022-09-20',1,2,18,'18:38:00');
INSERT INTO "customer_purchases" VALUES (7,8,'2022-09-20',3,1,18,'17:14:00');
INSERT INTO "customer_purchases" VALUES (7,8,'2022-09-20',25,4,18,'16:38:00');
INSERT INTO "customer_purchases" VALUES (7,8,'2022-09-23',3,1,18,'10:12:00');
INSERT INTO "customer_purchases" VALUES (7,8,'2022-09-23',3,2,18,'10:43:00');
INSERT INTO "customer_purchases" VALUES (7,8,'2022-09-27',6,2,18,'18:36:00');
INSERT INTO "customer_purchases" VALUES (7,8,'2022-09-27',18,1,18,'16:51:00');
INSERT INTO "customer_purchases" VALUES (7,8,'2022-09-27',25,4,18,'17:55:00');
INSERT INTO "customer_purchases" VALUES (7,8,'2022-09-27',25,2,18,'18:05:00');
INSERT INTO "customer_purchases" VALUES (7,8,'2022-09-30',5,1,18,'12:53:00');
INSERT INTO "customer_purchases" VALUES (7,8,'2022-09-30',8,1,18,'9:24:00');
INSERT INTO "customer_purchases" VALUES (7,8,'2022-09-30',9,1,18,'9:21:00');
INSERT INTO "customer_purchases" VALUES (7,8,'2022-09-30',21,1,18,'9:19:00');
INSERT INTO "customer_purchases" VALUES (7,8,'2022-10-04',7,3,18,'16:58:00');
INSERT INTO "customer_purchases" VALUES (7,8,'2022-10-04',25,4,18,'17:46:00');
INSERT INTO "customer_purchases" VALUES (7,8,'2022-10-04',26,2,18,'18:29:00');
INSERT INTO "customer_purchases" VALUES (7,8,'2022-10-07',5,1,18,'11:28:00');
INSERT INTO "customer_purchases" VALUES (7,8,'2022-10-07',8,2,18,'13:04:00');
INSERT INTO "customer_purchases" VALUES (7,8,'2022-10-07',10,1,18,'12:27:00');
INSERT INTO "customer_purchases" VALUES (7,8,'2022-10-07',25,3,18,'12:59:00');
INSERT INTO "customer_purchases" VALUES (7,8,'2022-10-07',25,3,18,'13:06:00');
INSERT INTO "customer_purchases" VALUES (7,8,'2022-10-11',1,3,18,'18:17:00');
INSERT INTO "customer_purchases" VALUES (7,8,'2022-10-11',14,1,18,'18:10:00');
INSERT INTO "customer_purchases" VALUES (7,8,'2022-10-11',14,1,18,'18:17:00');
INSERT INTO "customer_purchases" VALUES (7,8,'2022-10-14',1,1,18,'12:57:00');
INSERT INTO "customer_purchases" VALUES (7,8,'2022-10-14',1,2,18,'13:39:00');
INSERT INTO "customer_purchases" VALUES (7,8,'2022-10-14',4,2,18,'12:34:00');
INSERT INTO "customer_purchases" VALUES (7,8,'2022-10-14',11,1,18,'12:50:00');
INSERT INTO "customer_purchases" VALUES (7,8,'2022-10-14',20,2,18,'12:48:00');
INSERT INTO "customer_purchases" VALUES (7,8,'2022-10-14',20,2,18,'13:05:00');
INSERT INTO "customer_purchases" VALUES (7,8,'2022-10-18',2,1,18,'17:32:00');
INSERT INTO "customer_purchases" VALUES (7,8,'2022-10-18',8,1,18,'18:41:00');
INSERT INTO "customer_purchases" VALUES (7,8,'2022-10-18',8,1,18,'18:48:00');
INSERT INTO "customer_purchases" VALUES (7,8,'2022-10-18',12,1,18,'16:42:00');
INSERT INTO "customer_purchases" VALUES (7,8,'2022-10-18',12,1,18,'17:48:00');
INSERT INTO "customer_purchases" VALUES (7,8,'2022-10-18',19,1,18,'18:51:00');
INSERT INTO "customer_purchases" VALUES (7,8,'2022-10-18',22,1,18,'18:29:00');
INSERT INTO "customer_purchases" VALUES (7,8,'2022-10-21',3,2,18,'11:05:00');
INSERT INTO "customer_purchases" VALUES (7,8,'2022-10-21',9,2,18,'11:26:00');
INSERT INTO "customer_purchases" VALUES (7,8,'2022-10-21',12,1,18,'10:40:00');
INSERT INTO "customer_purchases" VALUES (7,8,'2022-10-21',23,5,18,'9:53:00');
INSERT INTO "customer_purchases" VALUES (7,8,'2022-10-25',2,3,18,'17:57:00');
INSERT INTO "customer_purchases" VALUES (7,8,'2022-10-25',9,1,18,'16:52:00');
INSERT INTO "customer_purchases" VALUES (7,8,'2022-10-25',9,1,18,'17:19:00');
INSERT INTO "customer_purchases" VALUES (7,8,'2022-10-25',19,1,18,'18:41:00');
INSERT INTO "customer_purchases" VALUES (7,8,'2022-10-25',26,2,18,'18:29:00');
INSERT INTO "customer_purchases" VALUES (7,8,'2022-10-28',2,1,18,'11:13:00');
INSERT INTO "customer_purchases" VALUES (7,8,'2022-10-28',2,1,18,'11:32:00');
INSERT INTO "customer_purchases" VALUES (7,8,'2022-10-28',3,3,18,'13:37:00');
INSERT INTO "customer_purchases" VALUES (7,8,'2022-10-28',4,1,18,'11:00:00');
INSERT INTO "customer_purchases" VALUES (7,8,'2022-10-28',23,2,18,'9:15:00');
INSERT INTO "customer_purchases" VALUES (7,8,'2022-11-01',4,2,18,'17:57:00');
INSERT INTO "customer_purchases" VALUES (7,8,'2022-11-01',9,3,18,'17:19:00');
INSERT INTO "customer_purchases" VALUES (7,8,'2022-11-01',26,2,18,'18:43:00');
INSERT INTO "customer_purchases" VALUES (7,8,'2022-11-04',3,2,18,'10:35:00');
INSERT INTO "customer_purchases" VALUES (7,8,'2022-11-04',5,2,18,'10:39:00');
INSERT INTO "customer_purchases" VALUES (7,8,'2022-11-04',12,2,18,'9:37:00');
INSERT INTO "customer_purchases" VALUES (7,8,'2022-11-04',19,2,18,'12:54:00');
INSERT INTO "customer_purchases" VALUES (7,8,'2022-11-08',3,1,18,'16:17:00');
INSERT INTO "customer_purchases" VALUES (7,8,'2022-11-08',3,1,18,'16:48:00');
INSERT INTO "customer_purchases" VALUES (7,8,'2022-11-08',6,1,18,'17:22:00');
INSERT INTO "customer_purchases" VALUES (7,8,'2022-11-08',6,1,18,'17:46:00');
INSERT INTO "customer_purchases" VALUES (7,8,'2022-11-08',24,3,18,'18:50:00');
INSERT INTO "customer_purchases" VALUES (7,8,'2022-11-11',1,1,18,'10:05:00');
INSERT INTO "customer_purchases" VALUES (7,8,'2022-11-11',6,2,18,'12:04:00');
INSERT INTO "customer_purchases" VALUES (7,8,'2022-11-11',11,1,18,'11:26:00');
INSERT INTO "customer_purchases" VALUES (7,8,'2022-11-11',11,1,18,'11:41:00');
INSERT INTO "customer_purchases" VALUES (7,8,'2022-11-15',1,1,18,'18:33:00');
INSERT INTO "customer_purchases" VALUES (7,8,'2022-11-15',3,1,18,'18:46:00');
INSERT INTO "customer_purchases" VALUES (7,8,'2022-11-15',9,2,18,'18:36:00');
INSERT INTO "customer_purchases" VALUES (7,8,'2022-11-15',25,3,18,'17:19:00');
INSERT INTO "customer_purchases" VALUES (7,8,'2022-11-18',3,3,18,'10:34:00');
INSERT INTO "customer_purchases" VALUES (7,8,'2022-11-18',3,3,18,'10:58:00');
INSERT INTO "customer_purchases" VALUES (7,8,'2022-11-18',8,1,18,'9:52:00');
INSERT INTO "customer_purchases" VALUES (7,8,'2022-11-18',9,2,18,'8:39:00');
INSERT INTO "customer_purchases" VALUES (7,8,'2022-11-18',16,1,18,'10:11:00');
INSERT INTO "customer_purchases" VALUES (7,8,'2022-11-18',19,1,18,'12:29:00');
INSERT INTO "customer_purchases" VALUES (7,8,'2022-11-22',2,3,18,'17:47:00');
INSERT INTO "customer_purchases" VALUES (7,8,'2022-11-22',2,2,18,'17:58:00');
INSERT INTO "customer_purchases" VALUES (7,8,'2022-11-22',4,1,18,'17:42:00');
INSERT INTO "customer_purchases" VALUES (7,8,'2022-11-22',7,1,18,'18:53:00');
INSERT INTO "customer_purchases" VALUES (7,8,'2022-11-22',17,1,18,'18:52:00');
INSERT INTO "customer_purchases" VALUES (7,8,'2022-11-22',19,3,18,'17:09:00');
INSERT INTO "customer_purchases" VALUES (7,8,'2022-11-22',26,4,18,'18:59:00');
INSERT INTO "customer_purchases" VALUES (7,8,'2022-11-25',3,1,18,'12:40:00');
INSERT INTO "customer_purchases" VALUES (7,8,'2022-11-25',3,2,18,'12:52:00');
INSERT INTO "customer_purchases" VALUES (7,8,'2022-11-25',5,3,18,'9:02:00');
INSERT INTO "customer_purchases" VALUES (7,8,'2022-11-25',5,1,18,'9:27:00');
INSERT INTO "customer_purchases" VALUES (7,8,'2022-11-25',7,3,18,'13:50:00');
INSERT INTO "customer_purchases" VALUES (7,8,'2022-11-25',7,2,18,'13:55:00');
INSERT INTO "customer_purchases" VALUES (7,8,'2022-11-25',9,2,18,'12:22:00');
INSERT INTO "customer_purchases" VALUES (7,8,'2022-11-25',22,3,18,'9:39:00');
INSERT INTO "customer_purchases" VALUES (7,8,'2022-11-29',7,2,18,'18:51:00');
INSERT INTO "customer_purchases" VALUES (7,8,'2022-11-29',7,1,18,'18:52:00');
INSERT INTO "customer_purchases" VALUES (7,8,'2022-11-29',9,3,18,'16:52:00');
INSERT INTO "customer_purchases" VALUES (7,8,'2022-11-29',9,2,18,'17:07:00');
INSERT INTO "customer_purchases" VALUES (7,8,'2022-11-29',13,2,18,'18:52:00');
INSERT INTO "customer_purchases" VALUES (7,8,'2022-11-29',15,3,18,'18:21:00');
INSERT INTO "customer_purchases" VALUES (7,8,'2022-11-29',21,2,18,'16:32:00');
INSERT INTO "customer_purchases" VALUES (7,8,'2022-12-02',3,1,18,'10:44:00');
INSERT INTO "customer_purchases" VALUES (7,8,'2022-12-02',4,1,18,'13:43:00');
INSERT INTO "customer_purchases" VALUES (7,8,'2022-12-02',4,1,18,'13:44:00');
INSERT INTO "customer_purchases" VALUES (7,8,'2022-12-02',6,1,18,'11:05:00');
INSERT INTO "customer_purchases" VALUES (7,8,'2022-12-02',12,1,18,'9:44:00');
INSERT INTO "customer_purchases" VALUES (7,8,'2022-12-02',14,2,18,'12:39:00');
INSERT INTO "customer_purchases" VALUES (7,8,'2022-12-02',14,3,18,'13:31:00');
INSERT INTO "customer_purchases" VALUES (7,8,'2022-12-02',23,2,18,'12:16:00');
INSERT INTO "customer_purchases" VALUES (7,8,'2022-12-02',25,3,18,'13:50:00');
INSERT INTO "customer_purchases" VALUES (7,8,'2022-12-06',13,1,18,'18:36:00');
INSERT INTO "customer_purchases" VALUES (7,8,'2022-12-06',13,2,18,'18:49:00');
INSERT INTO "customer_purchases" VALUES (7,8,'2022-12-06',18,2,18,'18:58:00');
INSERT INTO "customer_purchases" VALUES (7,8,'2022-12-09',3,1,18,'9:12:00');
INSERT INTO "customer_purchases" VALUES (7,8,'2022-12-09',3,1,18,'9:13:00');
INSERT INTO "customer_purchases" VALUES (7,8,'2022-12-09',10,2,18,'12:16:00');
INSERT INTO "customer_purchases" VALUES (7,8,'2022-12-09',10,2,18,'12:40:00');
INSERT INTO "customer_purchases" VALUES (7,8,'2022-12-09',26,2,18,'13:38:00');
INSERT INTO "customer_purchases" VALUES (7,8,'2022-12-13',4,2,18,'16:57:00');
INSERT INTO "customer_purchases" VALUES (7,8,'2022-12-13',4,1,18,'17:12:00');
INSERT INTO "customer_purchases" VALUES (7,8,'2022-12-13',18,1,18,'18:40:00');
INSERT INTO "customer_purchases" VALUES (7,8,'2022-12-13',23,4,18,'18:57:00');
INSERT INTO "customer_purchases" VALUES (7,8,'2022-12-16',11,2,18,'13:15:00');
INSERT INTO "customer_purchases" VALUES (7,8,'2022-12-16',12,1,18,'13:51:00');
INSERT INTO "customer_purchases" VALUES (7,8,'2022-12-16',17,2,18,'10:03:00');
INSERT INTO "customer_purchases" VALUES (7,8,'2022-12-16',25,2,18,'10:49:00');
INSERT INTO "customer_purchases" VALUES (7,8,'2022-12-20',1,1,18,'18:53:00');
INSERT INTO "customer_purchases" VALUES (7,8,'2022-12-20',1,2,18,'18:54:00');
INSERT INTO "customer_purchases" VALUES (7,8,'2022-12-20',14,2,18,'17:59:00');
INSERT INTO "customer_purchases" VALUES (7,8,'2022-12-20',17,1,18,'18:45:00');
INSERT INTO "customer_purchases" VALUES (7,8,'2022-12-20',17,3,18,'18:52:00');
INSERT INTO "customer_purchases" VALUES (7,8,'2022-12-20',19,3,18,'17:25:00');
INSERT INTO "customer_purchases" VALUES (7,8,'2022-12-20',22,5,18,'18:31:00');
INSERT INTO "customer_purchases" VALUES (7,8,'2022-12-23',3,1,18,'12:26:00');
INSERT INTO "customer_purchases" VALUES (7,8,'2022-12-23',5,2,18,'9:58:00');
INSERT INTO "customer_purchases" VALUES (7,8,'2022-12-23',5,1,18,'10:01:00');
INSERT INTO "customer_purchases" VALUES (7,8,'2022-12-23',6,2,18,'13:22:00');
INSERT INTO "customer_purchases" VALUES (7,8,'2022-12-23',8,1,18,'13:21:00');
INSERT INTO "customer_purchases" VALUES (7,8,'2022-12-23',11,3,18,'13:55:00');
INSERT INTO "customer_purchases" VALUES (7,8,'2022-12-23',14,1,18,'13:50:00');
INSERT INTO "customer_purchases" VALUES (7,8,'2022-12-23',14,3,18,'13:59:00');
INSERT INTO "customer_purchases" VALUES (7,8,'2022-12-23',18,1,18,'11:34:00');
INSERT INTO "customer_purchases" VALUES (7,8,'2022-12-23',20,2,18,'11:16:00');
INSERT INTO "customer_purchases" VALUES (7,8,'2022-12-27',2,1,18,'16:37:00');
INSERT INTO "customer_purchases" VALUES (7,8,'2022-12-27',2,1,18,'16:40:00');
INSERT INTO "customer_purchases" VALUES (7,8,'2022-12-27',4,1,18,'18:29:00');
INSERT INTO "customer_purchases" VALUES (7,8,'2022-12-27',5,2,18,'17:30:00');
INSERT INTO "customer_purchases" VALUES (7,8,'2022-12-27',10,3,18,'17:39:00');
INSERT INTO "customer_purchases" VALUES (7,8,'2022-12-27',20,4,18,'18:35:00');
INSERT INTO "customer_purchases" VALUES (7,8,'2022-12-27',24,3,18,'17:41:00');
INSERT INTO "customer_purchases" VALUES (7,8,'2022-12-30',1,1,18,'13:52:00');
INSERT INTO "customer_purchases" VALUES (7,8,'2022-12-30',1,2,18,'13:54:00');
INSERT INTO "customer_purchases" VALUES (7,8,'2022-12-30',2,2,18,'9:28:00');
INSERT INTO "customer_purchases" VALUES (7,8,'2022-12-30',3,1,18,'8:33:00');
INSERT INTO "customer_purchases" VALUES (7,8,'2022-12-30',5,1,18,'13:33:00');
INSERT INTO "customer_purchases" VALUES (7,8,'2022-12-30',6,1,18,'12:47:00');
INSERT INTO "customer_purchases" VALUES (7,8,'2022-12-30',7,2,18,'11:37:00');
INSERT INTO "customer_purchases" VALUES (7,8,'2022-12-30',15,3,18,'10:12:00');
INSERT INTO "customer_purchases" VALUES (7,8,'2023-03-07',4,1,18,'18:03:00');
INSERT INTO "customer_purchases" VALUES (7,8,'2023-03-07',4,2,18,'18:05:00');
INSERT INTO "customer_purchases" VALUES (7,8,'2023-03-07',13,2,18,'18:59:00');
INSERT INTO "customer_purchases" VALUES (7,8,'2023-03-07',24,1,18,'18:35:00');
INSERT INTO "customer_purchases" VALUES (7,8,'2023-03-07',24,1,18,'18:48:00');
INSERT INTO "customer_purchases" VALUES (7,8,'2023-03-10',14,3,18,'13:28:00');
INSERT INTO "customer_purchases" VALUES (7,8,'2023-03-10',18,2,18,'10:48:00');
INSERT INTO "customer_purchases" VALUES (7,8,'2023-03-10',22,3,18,'9:46:00');
INSERT INTO "customer_purchases" VALUES (7,8,'2023-03-14',2,1,18,'17:52:00');
INSERT INTO "customer_purchases" VALUES (7,8,'2023-03-14',15,3,18,'18:20:00');
INSERT INTO "customer_purchases" VALUES (7,8,'2023-03-14',15,1,18,'18:43:00');
INSERT INTO "customer_purchases" VALUES (7,8,'2023-03-17',4,3,18,'12:59:00');
INSERT INTO "customer_purchases" VALUES (7,8,'2023-03-17',8,1,18,'13:46:00');
INSERT INTO "customer_purchases" VALUES (7,8,'2023-03-17',9,1,18,'13:58:00');
INSERT INTO "customer_purchases" VALUES (7,8,'2023-03-17',13,1,18,'8:35:00');
INSERT INTO "customer_purchases" VALUES (7,8,'2023-03-17',19,2,18,'9:37:00');
INSERT INTO "customer_purchases" VALUES (7,8,'2023-03-21',1,1,18,'18:24:00');
INSERT INTO "customer_purchases" VALUES (7,8,'2023-03-21',1,1,18,'18:26:00');
INSERT INTO "customer_purchases" VALUES (7,8,'2023-03-21',2,1,18,'18:47:00');
INSERT INTO "customer_purchases" VALUES (7,8,'2023-03-21',7,1,18,'17:16:00');
INSERT INTO "customer_purchases" VALUES (7,8,'2023-03-21',23,4,18,'16:30:00');
INSERT INTO "customer_purchases" VALUES (7,8,'2023-03-24',7,2,18,'10:15:00');
INSERT INTO "customer_purchases" VALUES (7,8,'2023-03-24',10,1,18,'10:06:00');
INSERT INTO "customer_purchases" VALUES (7,8,'2023-03-24',14,2,18,'12:38:00');
INSERT INTO "customer_purchases" VALUES (7,8,'2023-03-24',16,1,18,'9:43:00');
INSERT INTO "customer_purchases" VALUES (7,8,'2023-03-24',20,1,18,'11:51:00');
INSERT INTO "customer_purchases" VALUES (7,8,'2023-03-28',2,1,18,'17:47:00');
INSERT INTO "customer_purchases" VALUES (7,8,'2023-03-28',3,1,18,'17:25:00');
INSERT INTO "customer_purchases" VALUES (7,8,'2023-03-28',8,2,18,'18:29:00');
INSERT INTO "customer_purchases" VALUES (7,8,'2023-03-28',8,2,18,'18:35:00');
INSERT INTO "customer_purchases" VALUES (7,8,'2023-03-31',4,1,18,'10:22:00');
INSERT INTO "customer_purchases" VALUES (7,8,'2023-03-31',6,1,18,'10:16:00');
INSERT INTO "customer_purchases" VALUES (7,8,'2023-03-31',14,2,18,'8:57:00');
INSERT INTO "customer_purchases" VALUES (7,8,'2023-03-31',15,2,18,'10:56:00');
INSERT INTO "customer_purchases" VALUES (7,8,'2023-03-31',22,1,18,'9:46:00');
INSERT INTO "customer_purchases" VALUES (7,8,'2023-04-04',3,3,18,'18:18:00');
INSERT INTO "customer_purchases" VALUES (7,8,'2023-04-04',16,1,18,'18:46:00');
INSERT INTO "customer_purchases" VALUES (7,8,'2023-04-04',16,2,18,'18:47:00');
INSERT INTO "customer_purchases" VALUES (7,8,'2023-04-07',1,1,18,'10:05:00');
INSERT INTO "customer_purchases" VALUES (7,8,'2023-04-07',1,2,18,'10:45:00');
INSERT INTO "customer_purchases" VALUES (7,8,'2023-04-07',3,2,18,'13:33:00');
INSERT INTO "customer_purchases" VALUES (7,8,'2023-04-11',11,1,18,'18:22:00');
INSERT INTO "customer_purchases" VALUES (7,8,'2023-04-11',11,2,18,'18:42:00');
INSERT INTO "customer_purchases" VALUES (7,8,'2023-04-11',16,2,18,'18:58:00');
INSERT INTO "customer_purchases" VALUES (7,8,'2023-04-14',9,1,18,'10:01:00');
INSERT INTO "customer_purchases" VALUES (7,8,'2023-04-14',10,2,18,'13:17:00');
INSERT INTO "customer_purchases" VALUES (7,8,'2023-04-18',11,1,18,'17:31:00');
INSERT INTO "customer_purchases" VALUES (7,8,'2023-04-18',11,1,18,'18:08:00');
INSERT INTO "customer_purchases" VALUES (7,8,'2023-04-18',13,1,18,'18:45:00');
INSERT INTO "customer_purchases" VALUES (7,8,'2023-04-21',11,1,18,'9:51:00');
INSERT INTO "customer_purchases" VALUES (7,8,'2023-04-21',12,1,18,'8:50:00');
INSERT INTO "customer_purchases" VALUES (7,8,'2023-04-21',13,1,18,'9:42:00');
INSERT INTO "customer_purchases" VALUES (7,8,'2023-04-25',2,1,18,'17:42:00');
INSERT INTO "customer_purchases" VALUES (7,8,'2023-04-25',2,2,18,'18:03:00');
INSERT INTO "customer_purchases" VALUES (7,8,'2023-04-25',8,1,18,'17:01:00');
INSERT INTO "customer_purchases" VALUES (7,8,'2023-04-28',17,2,18,'8:46:00');
INSERT INTO "customer_purchases" VALUES (7,8,'2023-04-28',17,2,18,'9:04:00');
INSERT INTO "customer_purchases" VALUES (7,8,'2023-05-02',7,1,18,'18:05:00');
INSERT INTO "customer_purchases" VALUES (7,8,'2023-05-02',18,2,18,'18:10:00');
INSERT INTO "customer_purchases" VALUES (7,8,'2023-05-02',18,2,18,'18:25:00');
INSERT INTO "customer_purchases" VALUES (7,8,'2023-05-05',3,1,18,'10:25:00');
INSERT INTO "customer_purchases" VALUES (7,8,'2023-05-05',3,1,18,'11:00:00');
INSERT INTO "customer_purchases" VALUES (7,8,'2023-05-05',21,6,18,'11:02:00');
INSERT INTO "customer_purchases" VALUES (7,8,'2023-05-05',21,2,18,'11:26:00');
INSERT INTO "customer_purchases" VALUES (7,8,'2023-05-09',5,2,18,'16:46:00');
INSERT INTO "customer_purchases" VALUES (7,8,'2023-05-09',8,2,18,'16:09:00');
INSERT INTO "customer_purchases" VALUES (7,8,'2023-05-09',25,1,18,'18:27:00');
INSERT INTO "customer_purchases" VALUES (7,8,'2023-05-09',25,1,18,'18:52:00');
INSERT INTO "customer_purchases" VALUES (7,8,'2023-05-12',5,3,18,'13:15:00');
INSERT INTO "customer_purchases" VALUES (7,8,'2023-05-12',22,4,18,'9:17:00');
INSERT INTO "customer_purchases" VALUES (7,8,'2023-05-12',24,4,18,'9:03:00');
INSERT INTO "customer_purchases" VALUES (7,8,'2023-05-16',4,1,18,'17:09:00');
INSERT INTO "customer_purchases" VALUES (7,8,'2023-05-16',5,3,18,'18:16:00');
INSERT INTO "customer_purchases" VALUES (7,8,'2023-05-16',5,1,18,'18:30:00');
INSERT INTO "customer_purchases" VALUES (7,8,'2023-05-16',17,1,18,'18:09:00');
INSERT INTO "customer_purchases" VALUES (7,8,'2023-05-16',22,3,18,'18:43:00');
INSERT INTO "customer_purchases" VALUES (7,8,'2023-05-19',2,1,18,'13:57:00');
INSERT INTO "customer_purchases" VALUES (7,8,'2023-05-19',5,2,18,'11:46:00');
INSERT INTO "customer_purchases" VALUES (7,8,'2023-05-19',16,3,18,'13:49:00');
INSERT INTO "customer_purchases" VALUES (7,8,'2023-05-19',22,1,18,'8:30:00');
INSERT INTO "customer_purchases" VALUES (7,8,'2023-05-19',22,3,18,'9:23:00');
INSERT INTO "customer_purchases" VALUES (7,8,'2023-05-23',12,2,18,'18:56:00');
INSERT INTO "customer_purchases" VALUES (7,8,'2023-05-23',16,3,18,'18:50:00');
INSERT INTO "customer_purchases" VALUES (7,8,'2023-05-23',19,2,18,'17:28:00');
INSERT INTO "customer_purchases" VALUES (7,8,'2023-05-30',5,2,18,'18:44:00');
INSERT INTO "customer_purchases" VALUES (7,8,'2023-05-30',17,2,18,'17:01:00');
INSERT INTO "customer_purchases" VALUES (7,8,'2023-05-30',20,2,18,'18:50:00');
INSERT INTO "customer_purchases" VALUES (7,8,'2023-06-02',1,2,18,'11:06:00');
INSERT INTO "customer_purchases" VALUES (7,8,'2023-06-02',8,1,18,'10:47:00');
INSERT INTO "customer_purchases" VALUES (7,8,'2023-06-02',23,2,18,'9:49:00');
INSERT INTO "customer_purchases" VALUES (7,8,'2023-06-06',7,2,18,'18:00:00');
INSERT INTO "customer_purchases" VALUES (7,8,'2023-06-06',7,2,18,'18:03:00');
INSERT INTO "customer_purchases" VALUES (7,8,'2023-06-06',13,1,18,'17:18:00');
INSERT INTO "customer_purchases" VALUES (7,8,'2023-06-06',24,1,18,'17:36:00');
INSERT INTO "customer_purchases" VALUES (7,8,'2023-06-06',24,5,18,'17:37:00');
INSERT INTO "customer_purchases" VALUES (7,8,'2023-06-09',4,1,18,'9:45:00');
INSERT INTO "customer_purchases" VALUES (7,8,'2023-06-09',6,2,18,'11:23:00');
INSERT INTO "customer_purchases" VALUES (7,8,'2023-06-09',24,1,18,'10:10:00');
INSERT INTO "customer_purchases" VALUES (7,8,'2023-06-09',26,4,18,'13:56:00');
INSERT INTO "customer_purchases" VALUES (7,8,'2023-06-13',2,2,18,'18:38:00');
INSERT INTO "customer_purchases" VALUES (7,8,'2023-06-13',2,2,18,'18:42:00');
INSERT INTO "customer_purchases" VALUES (7,8,'2023-06-13',23,4,18,'18:50:00');
INSERT INTO "customer_purchases" VALUES (7,8,'2023-06-16',12,3,18,'10:36:00');
INSERT INTO "customer_purchases" VALUES (7,8,'2023-06-16',12,1,18,'10:39:00');
INSERT INTO "customer_purchases" VALUES (7,8,'2023-06-16',25,5,18,'10:36:00');
INSERT INTO "customer_purchases" VALUES (7,8,'2023-06-20',1,3,18,'18:22:00');
INSERT INTO "customer_purchases" VALUES (7,8,'2023-06-20',1,1,18,'18:26:00');
INSERT INTO "customer_purchases" VALUES (7,8,'2023-06-20',3,1,18,'16:59:00');
INSERT INTO "customer_purchases" VALUES (7,8,'2023-06-20',21,2,18,'17:54:00');
INSERT INTO "customer_purchases" VALUES (7,8,'2023-06-20',22,1,18,'18:38:00');
INSERT INTO "customer_purchases" VALUES (7,8,'2023-06-23',1,1,18,'11:31:00');
INSERT INTO "customer_purchases" VALUES (7,8,'2023-06-23',2,1,18,'11:00:00');
INSERT INTO "customer_purchases" VALUES (7,8,'2023-06-23',5,1,18,'13:39:00');
INSERT INTO "customer_purchases" VALUES (7,8,'2023-06-23',8,1,18,'12:59:00');
INSERT INTO "customer_purchases" VALUES (7,8,'2023-06-23',11,1,18,'13:35:00');
INSERT INTO "customer_purchases" VALUES (7,8,'2023-06-27',2,2,18,'18:58:00');
INSERT INTO "customer_purchases" VALUES (7,8,'2023-06-27',4,2,18,'18:16:00');
INSERT INTO "customer_purchases" VALUES (7,8,'2023-06-27',5,2,18,'16:52:00');
INSERT INTO "customer_purchases" VALUES (7,8,'2023-06-27',14,1,18,'18:36:00');
INSERT INTO "customer_purchases" VALUES (7,8,'2023-06-27',14,1,18,'18:54:00');
INSERT INTO "customer_purchases" VALUES (7,8,'2023-06-27',22,1,18,'17:15:00');
INSERT INTO "customer_purchases" VALUES (7,8,'2023-06-30',8,2,18,'8:38:00');
INSERT INTO "customer_purchases" VALUES (7,8,'2023-06-30',8,3,18,'9:18:00');
INSERT INTO "customer_purchases" VALUES (7,8,'2023-07-04',5,2,18,'17:25:00');
INSERT INTO "customer_purchases" VALUES (7,8,'2023-07-04',12,2,18,'17:14:00');
INSERT INTO "customer_purchases" VALUES (7,8,'2023-07-07',10,1,18,'10:28:00');
INSERT INTO "customer_purchases" VALUES (7,8,'2023-07-07',13,1,18,'11:07:00');
INSERT INTO "customer_purchases" VALUES (7,8,'2023-07-07',13,1,18,'11:09:00');
INSERT INTO "customer_purchases" VALUES (7,8,'2023-07-11',7,1,18,'18:24:00');
INSERT INTO "customer_purchases" VALUES (7,8,'2023-07-11',10,2,18,'17:44:00');
INSERT INTO "customer_purchases" VALUES (7,8,'2023-07-11',12,1,18,'17:58:00');
INSERT INTO "customer_purchases" VALUES (7,8,'2023-07-11',14,1,18,'17:12:00');
INSERT INTO "customer_purchases" VALUES (7,8,'2023-07-14',16,3,18,'12:09:00');
INSERT INTO "customer_purchases" VALUES (7,8,'2023-07-14',16,3,18,'12:39:00');
INSERT INTO "customer_purchases" VALUES (7,8,'2023-07-18',2,1,18,'18:51:00');
INSERT INTO "customer_purchases" VALUES (7,8,'2023-07-18',5,1,18,'18:37:00');
INSERT INTO "customer_purchases" VALUES (7,8,'2023-07-18',14,2,18,'17:05:00');
INSERT INTO "customer_purchases" VALUES (7,8,'2023-07-21',7,2,18,'10:26:00');
INSERT INTO "customer_purchases" VALUES (7,8,'2023-07-21',12,1,18,'13:03:00');
INSERT INTO "customer_purchases" VALUES (7,8,'2023-07-25',6,2,18,'16:20:00');
INSERT INTO "customer_purchases" VALUES (7,8,'2023-07-25',10,1,18,'17:53:00');
INSERT INTO "customer_purchases" VALUES (7,8,'2023-07-25',17,1,18,'18:52:00');
INSERT INTO "customer_purchases" VALUES (7,8,'2023-07-28',2,3,18,'9:10:00');
INSERT INTO "customer_purchases" VALUES (7,8,'2023-07-28',3,1,18,'13:07:00');
INSERT INTO "customer_purchases" VALUES (7,8,'2023-07-28',9,1,18,'11:33:00');
INSERT INTO "customer_purchases" VALUES (7,8,'2023-08-01',4,1,18,'18:20:00');
INSERT INTO "customer_purchases" VALUES (7,8,'2023-08-01',8,1,18,'17:21:00');
INSERT INTO "customer_purchases" VALUES (7,8,'2023-08-01',8,1,18,'17:43:00');
INSERT INTO "customer_purchases" VALUES (7,8,'2023-08-01',16,1,18,'17:55:00');
INSERT INTO "customer_purchases" VALUES (7,8,'2023-08-04',1,1,18,'12:07:00');
INSERT INTO "customer_purchases" VALUES (7,8,'2023-08-04',5,1,18,'10:01:00');
INSERT INTO "customer_purchases" VALUES (7,8,'2023-08-04',12,1,18,'11:58:00');
INSERT INTO "customer_purchases" VALUES (7,8,'2023-08-04',12,1,18,'12:08:00');
INSERT INTO "customer_purchases" VALUES (7,8,'2023-08-08',3,2,18,'18:51:00');
INSERT INTO "customer_purchases" VALUES (7,8,'2023-08-08',6,1,18,'17:00:00');
INSERT INTO "customer_purchases" VALUES (7,8,'2023-08-11',9,2,18,'13:33:00');
INSERT INTO "customer_purchases" VALUES (7,8,'2023-08-11',11,1,18,'9:57:00');
INSERT INTO "customer_purchases" VALUES (7,8,'2023-08-11',13,2,18,'9:23:00');
INSERT INTO "customer_purchases" VALUES (7,8,'2023-08-15',3,3,18,'18:51:00');
INSERT INTO "customer_purchases" VALUES (7,8,'2023-08-15',10,2,18,'18:55:00');
INSERT INTO "customer_purchases" VALUES (7,8,'2023-08-18',7,1,18,'11:13:00');
INSERT INTO "customer_purchases" VALUES (7,8,'2023-08-18',12,2,18,'12:03:00');
INSERT INTO "customer_purchases" VALUES (7,8,'2023-08-22',18,3,18,'18:42:00');
INSERT INTO "customer_purchases" VALUES (7,8,'2023-08-22',24,4,18,'18:44:00');
INSERT INTO "customer_purchases" VALUES (7,8,'2023-08-25',9,1,18,'10:05:00');
INSERT INTO "customer_purchases" VALUES (7,8,'2023-08-25',9,1,18,'10:12:00');
INSERT INTO "customer_purchases" VALUES (7,8,'2023-08-25',11,2,18,'12:14:00');
INSERT INTO "customer_purchases" VALUES (7,8,'2023-08-25',26,1,18,'10:03:00');
INSERT INTO "customer_purchases" VALUES (7,8,'2023-08-29',1,1,18,'18:14:00');
INSERT INTO "customer_purchases" VALUES (7,8,'2023-08-29',2,1,18,'18:13:00');
INSERT INTO "customer_purchases" VALUES (7,8,'2023-08-29',10,2,18,'18:38:00');
INSERT INTO "customer_purchases" VALUES (7,8,'2023-08-29',16,1,18,'18:56:00');
INSERT INTO "customer_purchases" VALUES (7,8,'2023-08-29',19,1,18,'17:35:00');
INSERT INTO "customer_purchases" VALUES (7,8,'2023-09-01',3,2,18,'13:55:00');
INSERT INTO "customer_purchases" VALUES (7,8,'2023-09-01',8,1,18,'12:05:00');
INSERT INTO "customer_purchases" VALUES (7,8,'2023-09-01',8,1,18,'12:59:00');
INSERT INTO "customer_purchases" VALUES (7,8,'2023-09-01',26,1,18,'11:26:00');
INSERT INTO "customer_purchases" VALUES (7,8,'2023-09-05',5,1,18,'18:22:00');
INSERT INTO "customer_purchases" VALUES (7,8,'2023-09-05',16,1,18,'17:00:00');
INSERT INTO "customer_purchases" VALUES (7,8,'2023-09-05',17,1,18,'18:38:00');
INSERT INTO "customer_purchases" VALUES (7,8,'2023-09-05',23,1,18,'18:16:00');
INSERT INTO "customer_purchases" VALUES (7,8,'2023-09-08',2,1,18,'11:51:00');
INSERT INTO "customer_purchases" VALUES (7,8,'2023-09-08',5,1,18,'12:00:00');
INSERT INTO "customer_purchases" VALUES (7,8,'2023-09-08',14,1,18,'10:47:00');
INSERT INTO "customer_purchases" VALUES (7,8,'2023-09-12',3,1,18,'16:44:00');
INSERT INTO "customer_purchases" VALUES (7,8,'2023-09-12',18,2,18,'18:18:00');
INSERT INTO "customer_purchases" VALUES (7,8,'2023-09-12',20,3,18,'18:36:00');
INSERT INTO "customer_purchases" VALUES (7,8,'2023-09-12',22,5,18,'18:55:00');
INSERT INTO "customer_purchases" VALUES (7,8,'2023-09-15',8,2,18,'11:03:00');
INSERT INTO "customer_purchases" VALUES (7,8,'2023-09-15',11,1,18,'12:05:00');
INSERT INTO "customer_purchases" VALUES (7,8,'2023-09-15',11,1,18,'12:09:00');
INSERT INTO "customer_purchases" VALUES (7,8,'2023-09-19',1,1,18,'18:57:00');
INSERT INTO "customer_purchases" VALUES (7,8,'2023-09-19',6,2,18,'18:38:00');
INSERT INTO "customer_purchases" VALUES (7,8,'2023-09-19',10,2,18,'16:07:00');
INSERT INTO "customer_purchases" VALUES (7,8,'2023-09-19',14,2,18,'18:18:00');
INSERT INTO "customer_purchases" VALUES (7,8,'2023-09-22',5,1,18,'8:48:00');
INSERT INTO "customer_purchases" VALUES (7,8,'2023-09-22',5,2,18,'9:54:00');
INSERT INTO "customer_purchases" VALUES (7,8,'2023-09-22',9,2,18,'13:07:00');
INSERT INTO "customer_purchases" VALUES (7,8,'2023-09-26',3,2,18,'17:41:00');
INSERT INTO "customer_purchases" VALUES (7,8,'2023-09-26',7,1,18,'18:17:00');
INSERT INTO "customer_purchases" VALUES (7,8,'2023-09-26',7,2,18,'18:53:00');
INSERT INTO "customer_purchases" VALUES (7,8,'2023-09-26',21,1,18,'17:55:00');
INSERT INTO "customer_purchases" VALUES (7,8,'2023-09-26',21,1,18,'18:34:00');
INSERT INTO "customer_purchases" VALUES (7,8,'2023-09-29',1,1,18,'10:46:00');
INSERT INTO "customer_purchases" VALUES (7,8,'2023-09-29',23,3,18,'11:38:00');
INSERT INTO "customer_purchases" VALUES (7,8,'2023-10-03',9,1,18,'18:51:00');
INSERT INTO "customer_purchases" VALUES (7,8,'2023-10-03',9,1,18,'18:52:00');
INSERT INTO "customer_purchases" VALUES (7,8,'2023-10-03',19,4,18,'18:59:00');
INSERT INTO "customer_purchases" VALUES (7,8,'2023-10-06',2,3,18,'13:31:00');
INSERT INTO "customer_purchases" VALUES (7,8,'2023-10-06',2,2,18,'13:33:00');
INSERT INTO "customer_purchases" VALUES (7,8,'2023-10-06',20,2,18,'13:47:00');
INSERT INTO "customer_purchases" VALUES (7,8,'2023-10-06',23,2,18,'9:05:00');
INSERT INTO "customer_purchases" VALUES (7,8,'2023-10-10',8,1,18,'18:56:00');
INSERT INTO "customer_purchases" VALUES (7,8,'2023-10-10',16,3,18,'18:52:00');
INSERT INTO "customer_purchases" VALUES (7,8,'2023-10-10',24,3,18,'18:33:00');
INSERT INTO "customer_purchases" VALUES (7,8,'2023-10-10',24,3,18,'18:38:00');
INSERT INTO "customer_purchases" VALUES (7,8,'2023-10-13',2,2,18,'12:49:00');
INSERT INTO "customer_purchases" VALUES (7,8,'2023-10-13',2,1,18,'12:59:00');
INSERT INTO "customer_purchases" VALUES (7,8,'2023-10-13',5,2,18,'12:30:00');
INSERT INTO "customer_purchases" VALUES (7,8,'2023-10-13',6,1,18,'12:38:00');
INSERT INTO "customer_purchases" VALUES (7,8,'2023-10-13',26,3,18,'9:25:00');
INSERT INTO "customer_purchases" VALUES (8,8,'2022-04-05',5,1,18,'18:41:00');
INSERT INTO "customer_purchases" VALUES (8,8,'2022-04-05',9,2,18,'16:17:00');
INSERT INTO "customer_purchases" VALUES (8,8,'2022-04-05',10,3,18,'18:51:00');
INSERT INTO "customer_purchases" VALUES (8,8,'2022-04-05',20,2,18,'18:32:00');
INSERT INTO "customer_purchases" VALUES (8,8,'2022-04-05',23,3,18,'17:41:00');
INSERT INTO "customer_purchases" VALUES (8,8,'2022-04-08',8,1,18,'13:49:00');
INSERT INTO "customer_purchases" VALUES (8,8,'2022-04-08',14,3,18,'11:44:00');
INSERT INTO "customer_purchases" VALUES (8,8,'2022-04-08',21,3,18,'12:55:00');
INSERT INTO "customer_purchases" VALUES (8,8,'2022-04-08',21,2,18,'13:09:00');
INSERT INTO "customer_purchases" VALUES (8,8,'2022-04-12',5,1,18,'17:36:00');
INSERT INTO "customer_purchases" VALUES (8,8,'2022-04-12',11,1,18,'18:45:00');
INSERT INTO "customer_purchases" VALUES (8,8,'2022-04-12',11,1,18,'18:51:00');
INSERT INTO "customer_purchases" VALUES (8,8,'2022-04-12',20,2,18,'18:26:00');
INSERT INTO "customer_purchases" VALUES (8,8,'2022-04-12',23,4,18,'17:38:00');
INSERT INTO "customer_purchases" VALUES (8,8,'2022-04-15',3,1,18,'12:02:00');
INSERT INTO "customer_purchases" VALUES (8,8,'2022-04-15',8,1,18,'9:39:00');
INSERT INTO "customer_purchases" VALUES (8,8,'2022-04-15',8,1,18,'9:59:00');
INSERT INTO "customer_purchases" VALUES (8,8,'2022-04-15',12,2,18,'10:33:00');
INSERT INTO "customer_purchases" VALUES (8,8,'2022-04-15',25,2,18,'9:41:00');
INSERT INTO "customer_purchases" VALUES (8,8,'2022-04-19',6,1,18,'18:31:00');
INSERT INTO "customer_purchases" VALUES (8,8,'2022-04-19',8,3,18,'16:23:00');
INSERT INTO "customer_purchases" VALUES (8,8,'2022-04-19',12,2,18,'17:37:00');
INSERT INTO "customer_purchases" VALUES (8,8,'2022-04-19',18,1,18,'18:28:00');
INSERT INTO "customer_purchases" VALUES (8,8,'2022-04-19',25,3,18,'17:15:00');
INSERT INTO "customer_purchases" VALUES (8,8,'2022-04-22',10,1,18,'8:53:00');
INSERT INTO "customer_purchases" VALUES (8,8,'2022-04-22',15,1,18,'9:40:00');
INSERT INTO "customer_purchases" VALUES (8,8,'2022-04-22',15,1,18,'10:21:00');
INSERT INTO "customer_purchases" VALUES (8,8,'2022-04-22',26,1,18,'8:51:00');
INSERT INTO "customer_purchases" VALUES (8,8,'2022-04-22',26,2,18,'9:13:00');
INSERT INTO "customer_purchases" VALUES (8,8,'2022-04-26',2,1,18,'18:42:00');
INSERT INTO "customer_purchases" VALUES (8,8,'2022-04-26',6,1,18,'17:39:00');
INSERT INTO "customer_purchases" VALUES (8,8,'2022-04-26',6,1,18,'17:41:00');
INSERT INTO "customer_purchases" VALUES (8,8,'2022-04-26',19,1,18,'18:18:00');
INSERT INTO "customer_purchases" VALUES (8,8,'2022-04-29',3,1,18,'11:31:00');
INSERT INTO "customer_purchases" VALUES (8,8,'2022-04-29',8,2,18,'9:24:00');
INSERT INTO "customer_purchases" VALUES (8,8,'2022-04-29',10,1,18,'12:59:00');
INSERT INTO "customer_purchases" VALUES (8,8,'2022-04-29',11,2,18,'12:48:00');
INSERT INTO "customer_purchases" VALUES (8,8,'2022-04-29',26,2,18,'11:51:00');
INSERT INTO "customer_purchases" VALUES (8,8,'2022-05-03',2,1,18,'17:34:00');
INSERT INTO "customer_purchases" VALUES (8,8,'2022-05-03',2,1,18,'17:50:00');
INSERT INTO "customer_purchases" VALUES (8,8,'2022-05-03',4,2,18,'18:43:00');
INSERT INTO "customer_purchases" VALUES (8,8,'2022-05-03',4,1,18,'18:48:00');
INSERT INTO "customer_purchases" VALUES (8,8,'2022-05-03',21,1,18,'18:02:00');
INSERT INTO "customer_purchases" VALUES (8,8,'2022-05-03',23,2,18,'16:36:00');
INSERT INTO "customer_purchases" VALUES (8,8,'2022-05-03',24,2,18,'17:55:00');
INSERT INTO "customer_purchases" VALUES (8,8,'2022-05-06',2,1,18,'9:13:00');
INSERT INTO "customer_purchases" VALUES (8,8,'2022-05-06',2,2,18,'9:46:00');
INSERT INTO "customer_purchases" VALUES (8,8,'2022-05-06',6,1,18,'10:54:00');
INSERT INTO "customer_purchases" VALUES (8,8,'2022-05-06',9,1,18,'12:34:00');
INSERT INTO "customer_purchases" VALUES (8,8,'2022-05-06',17,2,18,'13:46:00');
INSERT INTO "customer_purchases" VALUES (8,8,'2022-05-06',20,2,18,'13:43:00');
INSERT INTO "customer_purchases" VALUES (8,8,'2022-05-10',1,1,18,'18:17:00');
INSERT INTO "customer_purchases" VALUES (8,8,'2022-05-10',2,1,18,'18:49:00');
INSERT INTO "customer_purchases" VALUES (8,8,'2022-05-10',13,1,18,'17:12:00');
INSERT INTO "customer_purchases" VALUES (8,8,'2022-05-10',13,1,18,'17:33:00');
INSERT INTO "customer_purchases" VALUES (8,8,'2022-05-10',24,3,18,'18:54:00');
INSERT INTO "customer_purchases" VALUES (8,8,'2022-05-13',3,3,18,'9:24:00');
INSERT INTO "customer_purchases" VALUES (8,8,'2022-05-13',24,2,18,'10:50:00');
INSERT INTO "customer_purchases" VALUES (8,8,'2022-05-13',24,4,18,'11:41:00');
INSERT INTO "customer_purchases" VALUES (8,8,'2022-05-17',3,1,18,'17:57:00');
INSERT INTO "customer_purchases" VALUES (8,8,'2022-05-17',4,2,18,'18:58:00');
INSERT INTO "customer_purchases" VALUES (8,8,'2022-05-17',5,3,18,'18:52:00');
INSERT INTO "customer_purchases" VALUES (8,8,'2022-05-17',22,1,18,'18:39:00');
INSERT INTO "customer_purchases" VALUES (8,8,'2022-05-20',9,3,18,'13:16:00');
INSERT INTO "customer_purchases" VALUES (8,8,'2022-05-20',11,2,18,'11:50:00');
INSERT INTO "customer_purchases" VALUES (8,8,'2022-05-24',2,1,18,'16:25:00');
INSERT INTO "customer_purchases" VALUES (8,8,'2022-05-24',3,2,18,'18:50:00');
INSERT INTO "customer_purchases" VALUES (8,8,'2022-05-24',3,2,18,'18:55:00');
INSERT INTO "customer_purchases" VALUES (8,8,'2022-05-24',24,4,18,'17:55:00');
INSERT INTO "customer_purchases" VALUES (8,8,'2022-05-27',4,2,18,'9:16:00');
INSERT INTO "customer_purchases" VALUES (8,8,'2022-05-27',7,2,18,'11:08:00');
INSERT INTO "customer_purchases" VALUES (8,8,'2022-05-27',12,1,18,'13:40:00');
INSERT INTO "customer_purchases" VALUES (8,8,'2022-05-27',21,1,18,'10:52:00');
INSERT INTO "customer_purchases" VALUES (8,8,'2022-05-31',12,2,18,'17:15:00');
INSERT INTO "customer_purchases" VALUES (8,8,'2022-05-31',12,1,18,'17:51:00');
INSERT INTO "customer_purchases" VALUES (8,8,'2022-05-31',19,5,18,'18:53:00');
INSERT INTO "customer_purchases" VALUES (8,8,'2022-05-31',22,2,18,'16:26:00');
INSERT INTO "customer_purchases" VALUES (8,8,'2022-06-03',14,2,18,'12:05:00');
INSERT INTO "customer_purchases" VALUES (8,8,'2022-06-03',14,2,18,'12:34:00');
INSERT INTO "customer_purchases" VALUES (8,8,'2022-06-03',23,3,18,'11:06:00');
INSERT INTO "customer_purchases" VALUES (8,8,'2022-06-07',14,3,18,'18:05:00');
INSERT INTO "customer_purchases" VALUES (8,8,'2022-06-07',14,2,18,'18:38:00');
INSERT INTO "customer_purchases" VALUES (8,8,'2022-06-10',6,2,18,'10:42:00');
INSERT INTO "customer_purchases" VALUES (8,8,'2022-06-10',6,2,18,'11:14:00');
INSERT INTO "customer_purchases" VALUES (8,8,'2022-06-14',3,2,18,'18:37:00');
INSERT INTO "customer_purchases" VALUES (8,8,'2022-06-14',4,2,18,'17:58:00');
INSERT INTO "customer_purchases" VALUES (8,8,'2022-06-14',5,1,18,'16:55:00');
INSERT INTO "customer_purchases" VALUES (8,8,'2022-06-14',5,1,18,'18:07:00');
INSERT INTO "customer_purchases" VALUES (8,8,'2022-06-14',26,2,18,'18:13:00');
INSERT INTO "customer_purchases" VALUES (8,8,'2022-06-17',1,3,18,'10:53:00');
INSERT INTO "customer_purchases" VALUES (8,8,'2022-06-17',1,2,18,'11:14:00');
INSERT INTO "customer_purchases" VALUES (8,8,'2022-06-17',19,2,18,'12:40:00');
INSERT INTO "customer_purchases" VALUES (8,8,'2022-06-17',19,2,18,'13:09:00');
INSERT INTO "customer_purchases" VALUES (8,8,'2022-06-21',6,2,18,'18:50:00');
INSERT INTO "customer_purchases" VALUES (8,8,'2022-06-21',6,3,18,'18:55:00');
INSERT INTO "customer_purchases" VALUES (8,8,'2022-06-21',20,1,18,'16:31:00');
INSERT INTO "customer_purchases" VALUES (8,8,'2022-06-24',7,1,18,'10:02:00');
INSERT INTO "customer_purchases" VALUES (8,8,'2022-06-24',7,2,18,'10:05:00');
INSERT INTO "customer_purchases" VALUES (8,8,'2022-06-24',12,1,18,'9:39:00');
INSERT INTO "customer_purchases" VALUES (8,8,'2022-06-24',24,3,18,'12:14:00');
INSERT INTO "customer_purchases" VALUES (8,8,'2022-06-28',7,1,18,'17:47:00');
INSERT INTO "customer_purchases" VALUES (8,8,'2022-06-28',7,1,18,'18:56:00');
INSERT INTO "customer_purchases" VALUES (8,8,'2022-06-28',22,3,18,'17:46:00');
INSERT INTO "customer_purchases" VALUES (8,8,'2022-07-01',6,3,18,'10:23:00');
INSERT INTO "customer_purchases" VALUES (8,8,'2022-07-01',6,2,18,'11:29:00');
INSERT INTO "customer_purchases" VALUES (8,8,'2022-07-01',24,3,18,'9:50:00');
INSERT INTO "customer_purchases" VALUES (8,8,'2022-07-05',3,2,18,'18:05:00');
INSERT INTO "customer_purchases" VALUES (8,8,'2022-07-05',3,1,18,'18:13:00');
INSERT INTO "customer_purchases" VALUES (8,8,'2022-07-05',6,2,18,'18:41:00');
INSERT INTO "customer_purchases" VALUES (8,8,'2022-07-08',6,1,18,'13:48:00');
INSERT INTO "customer_purchases" VALUES (8,8,'2022-07-08',10,2,18,'11:18:00');
INSERT INTO "customer_purchases" VALUES (8,8,'2022-07-08',23,2,18,'13:02:00');
INSERT INTO "customer_purchases" VALUES (8,8,'2022-07-12',8,2,18,'17:37:00');
INSERT INTO "customer_purchases" VALUES (8,8,'2022-07-12',8,1,18,'18:40:00');
INSERT INTO "customer_purchases" VALUES (8,8,'2022-07-12',11,1,18,'18:04:00');
INSERT INTO "customer_purchases" VALUES (8,8,'2022-07-15',2,2,18,'12:20:00');
INSERT INTO "customer_purchases" VALUES (8,8,'2022-07-15',2,2,18,'12:46:00');
INSERT INTO "customer_purchases" VALUES (8,8,'2022-07-15',11,1,18,'9:58:00');
INSERT INTO "customer_purchases" VALUES (8,8,'2022-07-15',24,3,18,'12:31:00');
INSERT INTO "customer_purchases" VALUES (8,8,'2022-07-19',4,1,18,'17:22:00');
INSERT INTO "customer_purchases" VALUES (8,8,'2022-07-19',10,1,18,'18:18:00');
INSERT INTO "customer_purchases" VALUES (8,8,'2022-07-19',26,4,18,'17:16:00');
INSERT INTO "customer_purchases" VALUES (8,8,'2022-07-22',2,1,18,'8:49:00');
INSERT INTO "customer_purchases" VALUES (8,8,'2022-07-22',8,3,18,'13:22:00');
INSERT INTO "customer_purchases" VALUES (8,8,'2022-07-22',26,1,18,'13:43:00');
INSERT INTO "customer_purchases" VALUES (8,8,'2022-07-26',3,1,18,'18:59:00');
INSERT INTO "customer_purchases" VALUES (8,8,'2022-07-26',12,2,18,'17:39:00');
INSERT INTO "customer_purchases" VALUES (8,8,'2022-07-26',18,2,18,'17:00:00');
INSERT INTO "customer_purchases" VALUES (8,8,'2022-07-26',18,2,18,'17:26:00');
INSERT INTO "customer_purchases" VALUES (8,8,'2022-07-29',1,2,18,'9:59:00');
INSERT INTO "customer_purchases" VALUES (8,8,'2022-07-29',6,3,18,'11:24:00');
INSERT INTO "customer_purchases" VALUES (8,8,'2022-07-29',17,1,18,'10:35:00');
INSERT INTO "customer_purchases" VALUES (8,8,'2022-08-05',3,2,18,'13:13:00');
INSERT INTO "customer_purchases" VALUES (8,8,'2022-08-05',10,3,18,'11:39:00');
INSERT INTO "customer_purchases" VALUES (8,8,'2022-08-09',2,2,18,'18:24:00');
INSERT INTO "customer_purchases" VALUES (8,8,'2022-08-09',18,1,18,'18:26:00');
INSERT INTO "customer_purchases" VALUES (8,8,'2022-08-12',6,1,18,'11:17:00');
INSERT INTO "customer_purchases" VALUES (8,8,'2022-08-12',8,1,18,'9:59:00');
INSERT INTO "customer_purchases" VALUES (8,8,'2022-08-12',11,1,18,'9:17:00');
INSERT INTO "customer_purchases" VALUES (8,8,'2022-08-12',11,1,18,'10:07:00');
INSERT INTO "customer_purchases" VALUES (8,8,'2022-08-16',4,2,18,'18:08:00');
INSERT INTO "customer_purchases" VALUES (8,8,'2022-08-16',6,1,18,'17:59:00');
INSERT INTO "customer_purchases" VALUES (8,8,'2022-08-16',9,2,18,'18:08:00');
INSERT INTO "customer_purchases" VALUES (8,8,'2022-08-16',25,1,18,'18:38:00');
INSERT INTO "customer_purchases" VALUES (8,8,'2022-08-19',4,1,18,'13:50:00');
INSERT INTO "customer_purchases" VALUES (8,8,'2022-08-19',11,2,18,'13:57:00');
INSERT INTO "customer_purchases" VALUES (8,8,'2022-08-19',14,1,18,'9:06:00');
INSERT INTO "customer_purchases" VALUES (8,8,'2022-08-19',26,3,18,'13:41:00');
INSERT INTO "customer_purchases" VALUES (8,8,'2022-08-23',7,2,18,'18:05:00');
INSERT INTO "customer_purchases" VALUES (8,8,'2022-08-23',16,1,18,'16:30:00');
INSERT INTO "customer_purchases" VALUES (8,8,'2022-08-26',4,1,18,'11:32:00');
INSERT INTO "customer_purchases" VALUES (8,8,'2022-08-26',6,2,18,'11:50:00');
INSERT INTO "customer_purchases" VALUES (8,8,'2022-08-26',20,1,18,'10:33:00');
INSERT INTO "customer_purchases" VALUES (8,8,'2022-08-26',26,2,18,'13:58:00');
INSERT INTO "customer_purchases" VALUES (8,8,'2022-08-30',9,1,18,'18:39:00');
INSERT INTO "customer_purchases" VALUES (8,8,'2022-08-30',11,2,18,'18:57:00');
INSERT INTO "customer_purchases" VALUES (8,8,'2022-08-30',20,4,18,'18:11:00');
INSERT INTO "customer_purchases" VALUES (8,8,'2022-08-30',20,2,18,'18:25:00');
INSERT INTO "customer_purchases" VALUES (8,8,'2022-09-02',6,1,18,'11:42:00');
INSERT INTO "customer_purchases" VALUES (8,8,'2022-09-02',11,3,18,'12:17:00');
INSERT INTO "customer_purchases" VALUES (8,8,'2022-09-02',12,1,18,'11:16:00');
INSERT INTO "customer_purchases" VALUES (8,8,'2022-09-02',26,5,18,'8:29:00');
INSERT INTO "customer_purchases" VALUES (8,8,'2022-09-06',5,1,18,'17:09:00');
INSERT INTO "customer_purchases" VALUES (8,8,'2022-09-06',5,1,18,'17:52:00');
INSERT INTO "customer_purchases" VALUES (8,8,'2022-09-06',6,1,18,'18:20:00');
INSERT INTO "customer_purchases" VALUES (8,8,'2022-09-06',8,1,18,'18:59:00');
INSERT INTO "customer_purchases" VALUES (8,8,'2022-09-06',14,1,18,'17:18:00');
INSERT INTO "customer_purchases" VALUES (8,8,'2022-09-09',3,1,18,'9:35:00');
INSERT INTO "customer_purchases" VALUES (8,8,'2022-09-09',3,1,18,'9:39:00');
INSERT INTO "customer_purchases" VALUES (8,8,'2022-09-09',5,2,18,'10:30:00');
INSERT INTO "customer_purchases" VALUES (8,8,'2022-09-09',8,1,18,'11:53:00');
INSERT INTO "customer_purchases" VALUES (8,8,'2022-09-09',11,2,18,'13:38:00');
INSERT INTO "customer_purchases" VALUES (8,8,'2022-09-09',19,1,18,'12:13:00');
INSERT INTO "customer_purchases" VALUES (8,8,'2022-09-13',8,3,18,'18:00:00');
INSERT INTO "customer_purchases" VALUES (8,8,'2022-09-13',8,2,18,'18:22:00');
INSERT INTO "customer_purchases" VALUES (8,8,'2022-09-16',9,3,18,'8:26:00');
INSERT INTO "customer_purchases" VALUES (8,8,'2022-09-16',9,2,18,'8:39:00');
INSERT INTO "customer_purchases" VALUES (8,8,'2022-09-16',11,1,18,'9:23:00');
INSERT INTO "customer_purchases" VALUES (8,8,'2022-09-20',5,3,18,'18:29:00');
INSERT INTO "customer_purchases" VALUES (8,8,'2022-09-20',15,1,18,'18:46:00');
INSERT INTO "customer_purchases" VALUES (8,8,'2022-09-20',26,2,18,'18:56:00');
INSERT INTO "customer_purchases" VALUES (8,8,'2022-09-23',15,2,18,'9:34:00');
INSERT INTO "customer_purchases" VALUES (8,8,'2022-09-23',15,1,18,'9:52:00');
INSERT INTO "customer_purchases" VALUES (8,8,'2022-09-27',14,2,18,'17:54:00');
INSERT INTO "customer_purchases" VALUES (8,8,'2022-09-27',15,2,18,'17:43:00');
INSERT INTO "customer_purchases" VALUES (8,8,'2022-09-27',18,1,18,'17:05:00');
INSERT INTO "customer_purchases" VALUES (8,8,'2022-09-30',2,1,18,'10:18:00');
INSERT INTO "customer_purchases" VALUES (8,8,'2022-09-30',2,1,18,'10:45:00');
INSERT INTO "customer_purchases" VALUES (8,8,'2022-09-30',5,1,18,'13:09:00');
INSERT INTO "customer_purchases" VALUES (8,8,'2022-09-30',6,2,18,'11:19:00');
INSERT INTO "customer_purchases" VALUES (8,8,'2022-09-30',12,1,18,'11:27:00');
INSERT INTO "customer_purchases" VALUES (8,8,'2022-09-30',19,4,18,'13:48:00');
INSERT INTO "customer_purchases" VALUES (8,8,'2022-10-04',6,2,18,'18:23:00');
INSERT INTO "customer_purchases" VALUES (8,8,'2022-10-04',6,1,18,'18:28:00');
INSERT INTO "customer_purchases" VALUES (8,8,'2022-10-04',7,1,18,'16:12:00');
INSERT INTO "customer_purchases" VALUES (8,8,'2022-10-04',9,1,18,'16:57:00');
INSERT INTO "customer_purchases" VALUES (8,8,'2022-10-07',8,3,18,'12:40:00');
INSERT INTO "customer_purchases" VALUES (8,8,'2022-10-07',8,2,18,'12:47:00');
INSERT INTO "customer_purchases" VALUES (8,8,'2022-10-07',25,2,18,'13:02:00');
INSERT INTO "customer_purchases" VALUES (8,8,'2022-10-11',6,1,18,'17:44:00');
INSERT INTO "customer_purchases" VALUES (8,8,'2022-10-11',14,2,18,'18:22:00');
INSERT INTO "customer_purchases" VALUES (8,8,'2022-10-11',18,1,18,'16:21:00');
INSERT INTO "customer_purchases" VALUES (8,8,'2022-10-11',20,4,18,'17:09:00');
INSERT INTO "customer_purchases" VALUES (8,8,'2022-10-11',20,2,18,'17:40:00');
INSERT INTO "customer_purchases" VALUES (8,8,'2022-10-14',11,3,18,'13:09:00');
INSERT INTO "customer_purchases" VALUES (8,8,'2022-10-14',22,2,18,'11:09:00');
INSERT INTO "customer_purchases" VALUES (8,8,'2022-10-18',8,1,18,'18:39:00');
INSERT INTO "customer_purchases" VALUES (8,8,'2022-10-18',8,1,18,'18:59:00');
INSERT INTO "customer_purchases" VALUES (8,8,'2022-10-18',12,1,18,'16:40:00');
INSERT INTO "customer_purchases" VALUES (8,8,'2022-10-18',12,1,18,'17:19:00');
INSERT INTO "customer_purchases" VALUES (8,8,'2022-10-18',21,1,18,'18:42:00');
INSERT INTO "customer_purchases" VALUES (8,8,'2022-10-21',5,3,18,'9:18:00');
INSERT INTO "customer_purchases" VALUES (8,8,'2022-10-21',5,1,18,'9:23:00');
INSERT INTO "customer_purchases" VALUES (8,8,'2022-10-21',8,2,18,'9:19:00');
INSERT INTO "customer_purchases" VALUES (8,8,'2022-10-21',17,2,18,'11:23:00');
INSERT INTO "customer_purchases" VALUES (8,8,'2022-10-25',2,1,18,'18:09:00');
INSERT INTO "customer_purchases" VALUES (8,8,'2022-10-25',4,1,18,'18:27:00');
INSERT INTO "customer_purchases" VALUES (8,8,'2022-10-25',9,2,18,'16:57:00');
INSERT INTO "customer_purchases" VALUES (8,8,'2022-10-25',13,1,18,'18:40:00');
INSERT INTO "customer_purchases" VALUES (8,8,'2022-10-28',2,2,18,'10:47:00');
INSERT INTO "customer_purchases" VALUES (8,8,'2022-10-28',7,2,18,'8:43:00');
INSERT INTO "customer_purchases" VALUES (8,8,'2022-10-28',12,2,18,'13:50:00');
INSERT INTO "customer_purchases" VALUES (8,8,'2022-11-01',3,2,18,'18:25:00');
INSERT INTO "customer_purchases" VALUES (8,8,'2022-11-01',9,1,18,'17:23:00');
INSERT INTO "customer_purchases" VALUES (8,8,'2022-11-01',26,2,18,'18:51:00');
INSERT INTO "customer_purchases" VALUES (8,8,'2022-11-04',1,1,18,'12:44:00');
INSERT INTO "customer_purchases" VALUES (8,8,'2022-11-04',11,3,18,'10:17:00');
INSERT INTO "customer_purchases" VALUES (8,8,'2022-11-04',11,1,18,'10:41:00');
INSERT INTO "customer_purchases" VALUES (8,8,'2022-11-04',25,2,18,'8:31:00');
INSERT INTO "customer_purchases" VALUES (8,8,'2022-11-08',3,2,18,'17:11:00');
INSERT INTO "customer_purchases" VALUES (8,8,'2022-11-08',5,1,18,'18:35:00');
INSERT INTO "customer_purchases" VALUES (8,8,'2022-11-08',10,1,18,'18:47:00');
INSERT INTO "customer_purchases" VALUES (8,8,'2022-11-08',10,1,18,'18:55:00');
INSERT INTO "customer_purchases" VALUES (8,8,'2022-11-08',19,4,18,'16:58:00');
INSERT INTO "customer_purchases" VALUES (8,8,'2022-11-11',2,1,18,'13:23:00');
INSERT INTO "customer_purchases" VALUES (8,8,'2022-11-11',3,2,18,'10:45:00');
INSERT INTO "customer_purchases" VALUES (8,8,'2022-11-11',9,2,18,'13:25:00');
INSERT INTO "customer_purchases" VALUES (8,8,'2022-11-11',19,3,18,'13:41:00');
INSERT INTO "customer_purchases" VALUES (8,8,'2022-11-15',1,3,18,'18:40:00');
INSERT INTO "customer_purchases" VALUES (8,8,'2022-11-15',22,1,18,'18:59:00');
INSERT INTO "customer_purchases" VALUES (8,8,'2022-11-15',25,2,18,'17:06:00');
INSERT INTO "customer_purchases" VALUES (8,8,'2022-11-18',2,2,18,'13:48:00');
INSERT INTO "customer_purchases" VALUES (8,8,'2022-11-18',3,1,18,'10:59:00');
INSERT INTO "customer_purchases" VALUES (8,8,'2022-11-18',5,3,18,'12:08:00');
INSERT INTO "customer_purchases" VALUES (8,8,'2022-11-18',5,1,18,'12:53:00');
INSERT INTO "customer_purchases" VALUES (8,8,'2022-11-18',6,2,18,'13:45:00');
INSERT INTO "customer_purchases" VALUES (8,8,'2022-11-18',7,1,18,'8:12:00');
INSERT INTO "customer_purchases" VALUES (8,8,'2022-11-18',7,2,18,'8:51:00');
INSERT INTO "customer_purchases" VALUES (8,8,'2022-11-18',13,2,18,'10:56:00');
INSERT INTO "customer_purchases" VALUES (8,8,'2022-11-18',16,1,18,'10:52:00');
INSERT INTO "customer_purchases" VALUES (8,8,'2022-11-18',19,4,18,'12:35:00');
INSERT INTO "customer_purchases" VALUES (8,8,'2022-11-18',23,3,18,'10:53:00');
INSERT INTO "customer_purchases" VALUES (8,8,'2022-11-22',1,2,18,'16:17:00');
INSERT INTO "customer_purchases" VALUES (8,8,'2022-11-22',3,1,18,'17:27:00');
INSERT INTO "customer_purchases" VALUES (8,8,'2022-11-22',11,2,18,'18:44:00');
INSERT INTO "customer_purchases" VALUES (8,8,'2022-11-22',11,1,18,'18:45:00');
INSERT INTO "customer_purchases" VALUES (8,8,'2022-11-22',14,1,18,'18:08:00');
INSERT INTO "customer_purchases" VALUES (8,8,'2022-11-22',17,1,18,'18:47:00');
INSERT INTO "customer_purchases" VALUES (8,8,'2022-11-22',25,3,18,'18:01:00');
INSERT INTO "customer_purchases" VALUES (8,8,'2022-11-22',25,5,18,'18:42:00');
INSERT INTO "customer_purchases" VALUES (8,8,'2022-11-25',3,1,18,'12:27:00');
INSERT INTO "customer_purchases" VALUES (8,8,'2022-11-25',3,2,18,'12:58:00');
INSERT INTO "customer_purchases" VALUES (8,8,'2022-11-25',5,2,18,'8:58:00');
INSERT INTO "customer_purchases" VALUES (8,8,'2022-11-25',7,1,18,'13:55:00');
INSERT INTO "customer_purchases" VALUES (8,8,'2022-11-25',13,2,18,'11:34:00');
INSERT INTO "customer_purchases" VALUES (8,8,'2022-11-25',18,3,18,'11:09:00');
INSERT INTO "customer_purchases" VALUES (8,8,'2022-11-25',18,1,18,'11:27:00');
INSERT INTO "customer_purchases" VALUES (8,8,'2022-11-25',19,2,18,'9:08:00');
INSERT INTO "customer_purchases" VALUES (8,8,'2022-11-25',23,5,18,'11:26:00');
INSERT INTO "customer_purchases" VALUES (8,8,'2022-11-25',23,2,18,'11:57:00');
INSERT INTO "customer_purchases" VALUES (8,8,'2022-11-29',5,1,18,'17:09:00');
INSERT INTO "customer_purchases" VALUES (8,8,'2022-11-29',8,2,18,'17:44:00');
INSERT INTO "customer_purchases" VALUES (8,8,'2022-11-29',9,1,18,'16:43:00');
INSERT INTO "customer_purchases" VALUES (8,8,'2022-11-29',9,2,18,'16:58:00');
INSERT INTO "customer_purchases" VALUES (8,8,'2022-11-29',11,3,18,'17:57:00');
INSERT INTO "customer_purchases" VALUES (8,8,'2022-11-29',11,3,18,'17:58:00');
INSERT INTO "customer_purchases" VALUES (8,8,'2022-11-29',15,1,18,'18:53:00');
INSERT INTO "customer_purchases" VALUES (8,8,'2022-12-02',2,1,18,'10:31:00');
INSERT INTO "customer_purchases" VALUES (8,8,'2022-12-02',2,2,18,'11:00:00');
INSERT INTO "customer_purchases" VALUES (8,8,'2022-12-02',5,2,18,'9:20:00');
INSERT INTO "customer_purchases" VALUES (8,8,'2022-12-02',5,2,18,'9:36:00');
INSERT INTO "customer_purchases" VALUES (8,8,'2022-12-02',12,2,18,'9:46:00');
INSERT INTO "customer_purchases" VALUES (8,8,'2022-12-02',14,3,18,'13:08:00');
INSERT INTO "customer_purchases" VALUES (8,8,'2022-12-02',14,3,18,'13:37:00');
INSERT INTO "customer_purchases" VALUES (8,8,'2022-12-02',24,2,18,'8:20:00');
INSERT INTO "customer_purchases" VALUES (8,8,'2022-12-06',13,2,18,'18:16:00');
INSERT INTO "customer_purchases" VALUES (8,8,'2022-12-06',13,1,18,'18:59:00');
INSERT INTO "customer_purchases" VALUES (8,8,'2022-12-06',24,2,18,'16:46:00');
INSERT INTO "customer_purchases" VALUES (8,8,'2022-12-06',24,1,18,'17:20:00');
INSERT INTO "customer_purchases" VALUES (8,8,'2022-12-06',25,3,18,'16:20:00');
INSERT INTO "customer_purchases" VALUES (8,8,'2022-12-06',25,3,18,'16:29:00');
INSERT INTO "customer_purchases" VALUES (8,8,'2022-12-09',3,2,18,'9:28:00');
INSERT INTO "customer_purchases" VALUES (8,8,'2022-12-09',16,1,18,'13:36:00');
INSERT INTO "customer_purchases" VALUES (8,8,'2022-12-09',26,4,18,'13:15:00');
INSERT INTO "customer_purchases" VALUES (8,8,'2022-12-09',26,1,18,'13:38:00');
INSERT INTO "customer_purchases" VALUES (8,8,'2022-12-13',4,2,18,'16:36:00');
INSERT INTO "customer_purchases" VALUES (8,8,'2022-12-13',4,1,18,'16:38:00');
INSERT INTO "customer_purchases" VALUES (8,8,'2022-12-13',17,1,18,'18:44:00');
INSERT INTO "customer_purchases" VALUES (8,8,'2022-12-13',18,1,18,'18:55:00');
INSERT INTO "customer_purchases" VALUES (8,8,'2022-12-16',1,1,18,'11:05:00');
INSERT INTO "customer_purchases" VALUES (8,8,'2022-12-16',3,2,18,'8:19:00');
INSERT INTO "customer_purchases" VALUES (8,8,'2022-12-16',13,1,18,'8:54:00');
INSERT INTO "customer_purchases" VALUES (8,8,'2022-12-16',23,1,18,'13:59:00');
INSERT INTO "customer_purchases" VALUES (8,8,'2022-12-20',1,2,18,'18:50:00');
INSERT INTO "customer_purchases" VALUES (8,8,'2022-12-20',1,3,18,'18:52:00');
INSERT INTO "customer_purchases" VALUES (8,8,'2022-12-20',5,1,18,'17:46:00');
INSERT INTO "customer_purchases" VALUES (8,8,'2022-12-20',9,1,18,'17:07:00');
INSERT INTO "customer_purchases" VALUES (8,8,'2022-12-20',9,2,18,'17:51:00');
INSERT INTO "customer_purchases" VALUES (8,8,'2022-12-20',17,1,18,'18:40:00');
INSERT INTO "customer_purchases" VALUES (8,8,'2022-12-20',17,1,18,'18:51:00');
INSERT INTO "customer_purchases" VALUES (8,8,'2022-12-20',22,8,18,'18:15:00');
INSERT INTO "customer_purchases" VALUES (8,8,'2022-12-20',22,5,18,'18:47:00');
INSERT INTO "customer_purchases" VALUES (8,8,'2022-12-23',1,1,18,'10:34:00');
INSERT INTO "customer_purchases" VALUES (8,8,'2022-12-23',1,1,18,'10:39:00');
INSERT INTO "customer_purchases" VALUES (8,8,'2022-12-23',3,2,18,'12:37:00');
INSERT INTO "customer_purchases" VALUES (8,8,'2022-12-23',5,1,18,'9:18:00');
INSERT INTO "customer_purchases" VALUES (8,8,'2022-12-23',5,2,18,'9:58:00');
INSERT INTO "customer_purchases" VALUES (8,8,'2022-12-23',11,2,18,'13:40:00');
INSERT INTO "customer_purchases" VALUES (8,8,'2022-12-23',18,3,18,'11:45:00');
INSERT INTO "customer_purchases" VALUES (8,8,'2022-12-23',24,4,18,'10:33:00');
INSERT INTO "customer_purchases" VALUES (8,8,'2022-12-27',4,3,18,'18:10:00');
INSERT INTO "customer_purchases" VALUES (8,8,'2022-12-27',5,1,18,'16:53:00');
INSERT INTO "customer_purchases" VALUES (8,8,'2022-12-27',5,1,18,'17:03:00');
INSERT INTO "customer_purchases" VALUES (8,8,'2022-12-27',12,2,18,'18:49:00');
INSERT INTO "customer_purchases" VALUES (8,8,'2022-12-27',12,2,18,'18:53:00');
INSERT INTO "customer_purchases" VALUES (8,8,'2022-12-27',20,4,18,'17:40:00');
INSERT INTO "customer_purchases" VALUES (8,8,'2022-12-27',20,1,18,'17:43:00');
INSERT INTO "customer_purchases" VALUES (8,8,'2022-12-27',24,6,18,'17:52:00');
INSERT INTO "customer_purchases" VALUES (8,8,'2022-12-30',5,1,18,'13:22:00');
INSERT INTO "customer_purchases" VALUES (8,8,'2022-12-30',5,2,18,'13:33:00');
INSERT INTO "customer_purchases" VALUES (8,8,'2022-12-30',6,1,18,'13:09:00');
INSERT INTO "customer_purchases" VALUES (8,8,'2022-12-30',6,2,18,'13:11:00');
INSERT INTO "customer_purchases" VALUES (8,8,'2022-12-30',7,1,18,'11:42:00');
INSERT INTO "customer_purchases" VALUES (8,8,'2022-12-30',21,5,18,'9:46:00');
INSERT INTO "customer_purchases" VALUES (8,8,'2022-12-30',21,3,18,'10:01:00');
INSERT INTO "customer_purchases" VALUES (8,8,'2022-12-30',24,3,18,'13:48:00');
INSERT INTO "customer_purchases" VALUES (8,8,'2022-12-30',24,5,18,'13:59:00');
INSERT INTO "customer_purchases" VALUES (8,8,'2023-03-07',4,3,18,'18:08:00');
INSERT INTO "customer_purchases" VALUES (8,8,'2023-03-07',19,2,18,'18:49:00');
INSERT INTO "customer_purchases" VALUES (8,8,'2023-03-07',24,1,18,'18:47:00');
INSERT INTO "customer_purchases" VALUES (8,8,'2023-03-10',1,1,18,'11:37:00');
INSERT INTO "customer_purchases" VALUES (8,8,'2023-03-10',18,2,18,'10:51:00');
INSERT INTO "customer_purchases" VALUES (8,8,'2023-03-10',21,3,18,'10:08:00');
INSERT INTO "customer_purchases" VALUES (8,8,'2023-03-10',24,1,18,'9:47:00');
INSERT INTO "customer_purchases" VALUES (8,8,'2023-03-14',8,1,18,'18:32:00');
INSERT INTO "customer_purchases" VALUES (8,8,'2023-03-14',9,1,18,'17:13:00');
INSERT INTO "customer_purchases" VALUES (8,8,'2023-03-14',11,1,18,'18:43:00');
INSERT INTO "customer_purchases" VALUES (8,8,'2023-03-14',22,5,18,'16:12:00');
INSERT INTO "customer_purchases" VALUES (8,8,'2023-03-14',24,2,18,'16:42:00');
INSERT INTO "customer_purchases" VALUES (8,8,'2023-03-14',24,1,18,'16:50:00');
INSERT INTO "customer_purchases" VALUES (8,8,'2023-03-17',8,3,18,'13:34:00');
INSERT INTO "customer_purchases" VALUES (8,8,'2023-03-17',19,3,18,'8:52:00');
INSERT INTO "customer_purchases" VALUES (8,8,'2023-03-21',1,1,18,'17:53:00');
INSERT INTO "customer_purchases" VALUES (8,8,'2023-03-21',7,1,18,'17:19:00');
INSERT INTO "customer_purchases" VALUES (8,8,'2023-03-21',9,2,18,'18:51:00');
INSERT INTO "customer_purchases" VALUES (8,8,'2023-03-21',9,2,18,'18:57:00');
INSERT INTO "customer_purchases" VALUES (8,8,'2023-03-21',22,2,18,'16:34:00');
INSERT INTO "customer_purchases" VALUES (8,8,'2023-03-21',22,3,18,'16:41:00');
INSERT INTO "customer_purchases" VALUES (8,8,'2023-03-24',14,2,18,'12:25:00');
INSERT INTO "customer_purchases" VALUES (8,8,'2023-03-24',14,2,18,'12:53:00');
INSERT INTO "customer_purchases" VALUES (8,8,'2023-03-24',19,3,18,'10:40:00');
INSERT INTO "customer_purchases" VALUES (8,8,'2023-03-24',22,2,18,'9:28:00');
INSERT INTO "customer_purchases" VALUES (8,8,'2023-03-28',5,1,18,'16:28:00');
INSERT INTO "customer_purchases" VALUES (8,8,'2023-03-28',5,1,18,'17:10:00');
INSERT INTO "customer_purchases" VALUES (8,8,'2023-03-28',22,5,18,'18:56:00');
INSERT INTO "customer_purchases" VALUES (8,8,'2023-03-28',23,1,18,'17:58:00');
INSERT INTO "customer_purchases" VALUES (8,8,'2023-03-31',6,2,18,'10:40:00');
INSERT INTO "customer_purchases" VALUES (8,8,'2023-03-31',15,1,18,'11:31:00');
INSERT INTO "customer_purchases" VALUES (8,8,'2023-03-31',23,4,18,'13:36:00');
INSERT INTO "customer_purchases" VALUES (8,8,'2023-04-04',3,2,18,'18:05:00');
INSERT INTO "customer_purchases" VALUES (8,8,'2023-04-04',3,1,18,'18:25:00');
INSERT INTO "customer_purchases" VALUES (8,8,'2023-04-04',5,1,18,'18:03:00');
INSERT INTO "customer_purchases" VALUES (8,8,'2023-04-04',6,1,18,'18:55:00');
INSERT INTO "customer_purchases" VALUES (8,8,'2023-04-07',3,1,18,'13:07:00');
INSERT INTO "customer_purchases" VALUES (8,8,'2023-04-07',3,2,18,'13:24:00');
INSERT INTO "customer_purchases" VALUES (8,8,'2023-04-07',17,1,18,'13:30:00');
INSERT INTO "customer_purchases" VALUES (8,8,'2023-04-07',17,2,18,'13:50:00');
INSERT INTO "customer_purchases" VALUES (8,8,'2023-04-11',11,1,18,'18:30:00');
INSERT INTO "customer_purchases" VALUES (8,8,'2023-04-11',16,1,18,'18:52:00');
INSERT INTO "customer_purchases" VALUES (8,8,'2023-04-11',16,2,18,'18:56:00');
INSERT INTO "customer_purchases" VALUES (8,8,'2023-04-14',7,2,18,'11:59:00');
INSERT INTO "customer_purchases" VALUES (8,8,'2023-04-14',9,1,18,'9:47:00');
INSERT INTO "customer_purchases" VALUES (8,8,'2023-04-14',9,3,18,'9:57:00');
INSERT INTO "customer_purchases" VALUES (8,8,'2023-04-18',11,2,18,'18:20:00');
INSERT INTO "customer_purchases" VALUES (8,8,'2023-04-18',12,1,18,'16:45:00');
INSERT INTO "customer_purchases" VALUES (8,8,'2023-04-18',15,1,18,'18:31:00');
INSERT INTO "customer_purchases" VALUES (8,8,'2023-04-18',15,1,18,'18:34:00');
INSERT INTO "customer_purchases" VALUES (8,8,'2023-04-21',3,1,18,'9:50:00');
INSERT INTO "customer_purchases" VALUES (8,8,'2023-04-21',5,1,18,'12:15:00');
INSERT INTO "customer_purchases" VALUES (8,8,'2023-04-21',13,1,18,'8:31:00');
INSERT INTO "customer_purchases" VALUES (8,8,'2023-04-21',16,1,18,'13:38:00');
INSERT INTO "customer_purchases" VALUES (8,8,'2023-04-25',2,1,18,'18:44:00');
INSERT INTO "customer_purchases" VALUES (8,8,'2023-04-25',5,1,18,'17:55:00');
INSERT INTO "customer_purchases" VALUES (8,8,'2023-04-25',6,1,18,'18:43:00');
INSERT INTO "customer_purchases" VALUES (8,8,'2023-04-25',8,1,18,'16:59:00');
INSERT INTO "customer_purchases" VALUES (8,8,'2023-04-28',17,3,18,'8:54:00');
INSERT INTO "customer_purchases" VALUES (8,8,'2023-04-28',17,1,18,'9:29:00');
INSERT INTO "customer_purchases" VALUES (8,8,'2023-05-02',7,1,18,'17:18:00');
INSERT INTO "customer_purchases" VALUES (8,8,'2023-05-02',7,2,18,'18:15:00');
INSERT INTO "customer_purchases" VALUES (8,8,'2023-05-02',18,1,18,'18:15:00');
INSERT INTO "customer_purchases" VALUES (8,8,'2023-05-05',2,1,18,'12:06:00');
INSERT INTO "customer_purchases" VALUES (8,8,'2023-05-05',2,1,18,'12:35:00');
INSERT INTO "customer_purchases" VALUES (8,8,'2023-05-05',3,1,18,'11:18:00');
INSERT INTO "customer_purchases" VALUES (8,8,'2023-05-05',5,1,18,'13:59:00');
INSERT INTO "customer_purchases" VALUES (8,8,'2023-05-05',16,1,18,'13:15:00');
INSERT INTO "customer_purchases" VALUES (8,8,'2023-05-05',16,1,18,'13:27:00');
INSERT INTO "customer_purchases" VALUES (8,8,'2023-05-09',5,1,18,'17:07:00');
INSERT INTO "customer_purchases" VALUES (8,8,'2023-05-09',8,2,18,'16:39:00');
INSERT INTO "customer_purchases" VALUES (8,8,'2023-05-09',16,2,18,'18:56:00');
INSERT INTO "customer_purchases" VALUES (8,8,'2023-05-09',24,4,18,'18:08:00');
INSERT INTO "customer_purchases" VALUES (8,8,'2023-05-12',2,1,18,'9:52:00');
INSERT INTO "customer_purchases" VALUES (8,8,'2023-05-12',11,2,18,'12:16:00');
INSERT INTO "customer_purchases" VALUES (8,8,'2023-05-12',23,1,18,'13:49:00');
INSERT INTO "customer_purchases" VALUES (8,8,'2023-05-12',24,3,18,'9:03:00');
INSERT INTO "customer_purchases" VALUES (8,8,'2023-05-16',6,1,18,'17:17:00');
INSERT INTO "customer_purchases" VALUES (8,8,'2023-05-16',14,2,18,'17:22:00');
INSERT INTO "customer_purchases" VALUES (8,8,'2023-05-16',21,2,18,'17:58:00');
INSERT INTO "customer_purchases" VALUES (8,8,'2023-05-16',22,1,18,'18:32:00');
INSERT INTO "customer_purchases" VALUES (8,8,'2023-05-19',8,2,18,'9:11:00');
INSERT INTO "customer_purchases" VALUES (8,8,'2023-05-19',11,1,18,'10:43:00');
INSERT INTO "customer_purchases" VALUES (8,8,'2023-05-19',11,1,18,'11:36:00');
INSERT INTO "customer_purchases" VALUES (8,8,'2023-05-19',22,2,18,'9:06:00');
INSERT INTO "customer_purchases" VALUES (8,8,'2023-05-23',12,1,18,'18:44:00');
INSERT INTO "customer_purchases" VALUES (8,8,'2023-05-23',16,1,18,'18:37:00');
INSERT INTO "customer_purchases" VALUES (8,8,'2023-05-23',16,2,18,'18:59:00');
INSERT INTO "customer_purchases" VALUES (8,8,'2023-05-23',22,1,18,'18:18:00');
INSERT INTO "customer_purchases" VALUES (8,8,'2023-05-26',2,1,18,'12:21:00');
INSERT INTO "customer_purchases" VALUES (8,8,'2023-05-26',2,1,18,'12:36:00');
INSERT INTO "customer_purchases" VALUES (8,8,'2023-05-26',4,1,18,'10:35:00');
INSERT INTO "customer_purchases" VALUES (8,8,'2023-05-26',7,1,18,'9:57:00');
INSERT INTO "customer_purchases" VALUES (8,8,'2023-05-26',9,1,18,'13:19:00');
INSERT INTO "customer_purchases" VALUES (8,8,'2023-05-26',12,1,18,'9:36:00');
INSERT INTO "customer_purchases" VALUES (8,8,'2023-05-26',25,2,18,'12:52:00');
INSERT INTO "customer_purchases" VALUES (8,8,'2023-05-30',5,1,18,'18:19:00');
INSERT INTO "customer_purchases" VALUES (8,8,'2023-05-30',5,1,18,'18:32:00');
INSERT INTO "customer_purchases" VALUES (8,8,'2023-05-30',12,1,18,'18:26:00');
INSERT INTO "customer_purchases" VALUES (8,8,'2023-05-30',12,2,18,'18:34:00');
INSERT INTO "customer_purchases" VALUES (8,8,'2023-05-30',24,4,18,'18:08:00');
INSERT INTO "customer_purchases" VALUES (8,8,'2023-05-30',24,1,18,'18:28:00');
INSERT INTO "customer_purchases" VALUES (8,8,'2023-06-02',3,2,18,'10:10:00');
INSERT INTO "customer_purchases" VALUES (8,8,'2023-06-02',8,1,18,'11:00:00');
INSERT INTO "customer_purchases" VALUES (8,8,'2023-06-02',8,1,18,'11:02:00');
INSERT INTO "customer_purchases" VALUES (8,8,'2023-06-02',17,1,18,'11:47:00');
INSERT INTO "customer_purchases" VALUES (8,8,'2023-06-02',23,3,18,'10:33:00');
INSERT INTO "customer_purchases" VALUES (8,8,'2023-06-06',4,1,18,'18:52:00');
INSERT INTO "customer_purchases" VALUES (8,8,'2023-06-06',4,1,18,'18:56:00');
INSERT INTO "customer_purchases" VALUES (8,8,'2023-06-06',20,1,18,'18:57:00');
INSERT INTO "customer_purchases" VALUES (8,8,'2023-06-06',24,3,18,'17:33:00');
INSERT INTO "customer_purchases" VALUES (8,8,'2023-06-09',4,1,18,'10:01:00');
INSERT INTO "customer_purchases" VALUES (8,8,'2023-06-09',6,2,18,'10:52:00');
INSERT INTO "customer_purchases" VALUES (8,8,'2023-06-09',24,3,18,'10:38:00');
INSERT INTO "customer_purchases" VALUES (8,8,'2023-06-13',2,2,18,'18:46:00');
INSERT INTO "customer_purchases" VALUES (8,8,'2023-06-13',2,1,18,'18:56:00');
INSERT INTO "customer_purchases" VALUES (8,8,'2023-06-13',7,1,18,'17:34:00');
INSERT INTO "customer_purchases" VALUES (8,8,'2023-06-16',2,2,18,'13:16:00');
INSERT INTO "customer_purchases" VALUES (8,8,'2023-06-16',2,1,18,'13:54:00');
INSERT INTO "customer_purchases" VALUES (8,8,'2023-06-16',23,2,18,'13:23:00');
INSERT INTO "customer_purchases" VALUES (8,8,'2023-06-20',1,2,18,'18:41:00');
INSERT INTO "customer_purchases" VALUES (8,8,'2023-06-20',3,1,18,'16:31:00');
INSERT INTO "customer_purchases" VALUES (8,8,'2023-06-20',22,1,18,'18:27:00');
INSERT INTO "customer_purchases" VALUES (8,8,'2023-06-23',7,1,18,'13:09:00');
INSERT INTO "customer_purchases" VALUES (8,8,'2023-06-23',9,1,18,'10:47:00');
INSERT INTO "customer_purchases" VALUES (8,8,'2023-06-23',9,1,18,'11:26:00');
INSERT INTO "customer_purchases" VALUES (8,8,'2023-06-23',13,1,18,'13:29:00');
INSERT INTO "customer_purchases" VALUES (8,8,'2023-06-23',20,1,18,'9:36:00');
INSERT INTO "customer_purchases" VALUES (8,8,'2023-06-27',2,1,18,'18:44:00');
INSERT INTO "customer_purchases" VALUES (8,8,'2023-06-27',2,2,18,'18:45:00');
INSERT INTO "customer_purchases" VALUES (8,8,'2023-06-27',18,1,18,'17:26:00');
INSERT INTO "customer_purchases" VALUES (8,8,'2023-06-27',22,1,18,'18:05:00');
INSERT INTO "customer_purchases" VALUES (8,8,'2023-06-27',22,2,18,'18:06:00');
INSERT INTO "customer_purchases" VALUES (8,8,'2023-06-30',7,1,18,'8:59:00');
INSERT INTO "customer_purchases" VALUES (8,8,'2023-06-30',8,1,18,'8:49:00');
INSERT INTO "customer_purchases" VALUES (8,8,'2023-06-30',12,1,18,'8:40:00');
INSERT INTO "customer_purchases" VALUES (8,8,'2023-06-30',21,4,18,'13:50:00');
INSERT INTO "customer_purchases" VALUES (8,8,'2023-06-30',21,1,18,'13:52:00');
INSERT INTO "customer_purchases" VALUES (8,8,'2023-07-04',3,1,18,'18:08:00');
INSERT INTO "customer_purchases" VALUES (8,8,'2023-07-04',13,2,18,'18:50:00');
INSERT INTO "customer_purchases" VALUES (8,8,'2023-07-07',5,2,18,'13:01:00');
INSERT INTO "customer_purchases" VALUES (8,8,'2023-07-11',5,2,18,'18:46:00');
INSERT INTO "customer_purchases" VALUES (8,8,'2023-07-11',10,1,18,'18:10:00');
INSERT INTO "customer_purchases" VALUES (8,8,'2023-07-11',14,1,18,'17:12:00');
INSERT INTO "customer_purchases" VALUES (8,8,'2023-07-14',3,2,18,'12:42:00');
INSERT INTO "customer_purchases" VALUES (8,8,'2023-07-14',12,1,18,'12:10:00');
INSERT INTO "customer_purchases" VALUES (8,8,'2023-07-14',15,1,18,'13:00:00');
INSERT INTO "customer_purchases" VALUES (8,8,'2023-07-14',16,1,18,'11:50:00');
INSERT INTO "customer_purchases" VALUES (8,8,'2023-07-18',1,2,18,'18:52:00');
INSERT INTO "customer_purchases" VALUES (8,8,'2023-07-18',5,2,18,'17:26:00');
INSERT INTO "customer_purchases" VALUES (8,8,'2023-07-18',8,1,18,'17:31:00');
INSERT INTO "customer_purchases" VALUES (8,8,'2023-07-21',2,2,18,'9:06:00');
INSERT INTO "customer_purchases" VALUES (8,8,'2023-07-21',11,2,18,'11:57:00');
INSERT INTO "customer_purchases" VALUES (8,8,'2023-07-21',11,3,18,'12:14:00');
INSERT INTO "customer_purchases" VALUES (8,8,'2023-07-25',5,2,18,'17:11:00');
INSERT INTO "customer_purchases" VALUES (8,8,'2023-07-25',5,1,18,'17:44:00');
INSERT INTO "customer_purchases" VALUES (8,8,'2023-07-25',18,2,18,'16:39:00');
INSERT INTO "customer_purchases" VALUES (8,8,'2023-07-28',13,3,18,'13:41:00');
INSERT INTO "customer_purchases" VALUES (8,8,'2023-08-01',4,2,18,'18:13:00');
INSERT INTO "customer_purchases" VALUES (8,8,'2023-08-01',6,1,18,'18:17:00');
INSERT INTO "customer_purchases" VALUES (8,8,'2023-08-01',8,3,18,'17:29:00');
INSERT INTO "customer_purchases" VALUES (8,8,'2023-08-04',3,1,18,'13:21:00');
INSERT INTO "customer_purchases" VALUES (8,8,'2023-08-04',4,1,18,'10:09:00');
INSERT INTO "customer_purchases" VALUES (8,8,'2023-08-04',7,1,18,'11:20:00');
INSERT INTO "customer_purchases" VALUES (8,8,'2023-08-04',15,1,18,'13:12:00');
INSERT INTO "customer_purchases" VALUES (8,8,'2023-08-08',1,2,18,'17:21:00');
INSERT INTO "customer_purchases" VALUES (8,8,'2023-08-08',10,1,18,'18:56:00');
INSERT INTO "customer_purchases" VALUES (8,8,'2023-08-08',26,4,18,'18:54:00');
INSERT INTO "customer_purchases" VALUES (8,8,'2023-08-11',9,3,18,'13:33:00');
INSERT INTO "customer_purchases" VALUES (8,8,'2023-08-11',9,2,18,'13:34:00');
INSERT INTO "customer_purchases" VALUES (8,8,'2023-08-11',13,2,18,'10:02:00');
INSERT INTO "customer_purchases" VALUES (8,8,'2023-08-11',15,1,18,'11:41:00');
INSERT INTO "customer_purchases" VALUES (8,8,'2023-08-15',1,3,18,'18:36:00');
INSERT INTO "customer_purchases" VALUES (8,8,'2023-08-15',6,2,18,'18:01:00');
INSERT INTO "customer_purchases" VALUES (8,8,'2023-08-15',7,1,18,'17:47:00');
INSERT INTO "customer_purchases" VALUES (8,8,'2023-08-15',21,2,18,'18:22:00');
INSERT INTO "customer_purchases" VALUES (8,8,'2023-08-18',2,1,18,'12:08:00');
INSERT INTO "customer_purchases" VALUES (8,8,'2023-08-18',4,3,18,'13:08:00');
INSERT INTO "customer_purchases" VALUES (8,8,'2023-08-18',15,1,18,'12:44:00');
INSERT INTO "customer_purchases" VALUES (8,8,'2023-08-22',1,2,18,'18:38:00');
INSERT INTO "customer_purchases" VALUES (8,8,'2023-08-22',1,1,18,'18:39:00');
INSERT INTO "customer_purchases" VALUES (8,8,'2023-08-22',2,1,18,'18:54:00');
INSERT INTO "customer_purchases" VALUES (8,8,'2023-08-22',12,2,18,'18:37:00');
INSERT INTO "customer_purchases" VALUES (8,8,'2023-08-22',14,1,18,'18:46:00');
INSERT INTO "customer_purchases" VALUES (8,8,'2023-08-22',26,2,18,'17:55:00');
INSERT INTO "customer_purchases" VALUES (8,8,'2023-08-25',3,1,18,'13:51:00');
INSERT INTO "customer_purchases" VALUES (8,8,'2023-08-25',11,1,18,'11:45:00');
INSERT INTO "customer_purchases" VALUES (8,8,'2023-08-25',11,1,18,'12:15:00');
INSERT INTO "customer_purchases" VALUES (8,8,'2023-08-29',6,3,18,'18:07:00');
INSERT INTO "customer_purchases" VALUES (8,8,'2023-08-29',12,1,18,'18:47:00');
INSERT INTO "customer_purchases" VALUES (8,8,'2023-08-29',15,1,18,'18:15:00');
INSERT INTO "customer_purchases" VALUES (8,8,'2023-09-01',1,2,18,'10:11:00');
INSERT INTO "customer_purchases" VALUES (8,8,'2023-09-01',3,1,18,'13:57:00');
INSERT INTO "customer_purchases" VALUES (8,8,'2023-09-01',4,1,18,'9:10:00');
INSERT INTO "customer_purchases" VALUES (8,8,'2023-09-05',1,2,18,'17:49:00');
INSERT INTO "customer_purchases" VALUES (8,8,'2023-09-05',1,2,18,'18:00:00');
INSERT INTO "customer_purchases" VALUES (8,8,'2023-09-05',20,4,18,'16:46:00');
INSERT INTO "customer_purchases" VALUES (8,8,'2023-09-08',1,1,18,'11:42:00');
INSERT INTO "customer_purchases" VALUES (8,8,'2023-09-08',16,2,18,'10:02:00');
INSERT INTO "customer_purchases" VALUES (8,8,'2023-09-12',4,2,18,'18:48:00');
INSERT INTO "customer_purchases" VALUES (8,8,'2023-09-12',12,2,18,'18:34:00');
INSERT INTO "customer_purchases" VALUES (8,8,'2023-09-12',21,3,18,'16:37:00');
INSERT INTO "customer_purchases" VALUES (8,8,'2023-09-15',8,1,18,'10:06:00');
INSERT INTO "customer_purchases" VALUES (8,8,'2023-09-15',8,2,18,'11:06:00');
INSERT INTO "customer_purchases" VALUES (8,8,'2023-09-19',5,1,18,'18:01:00');
INSERT INTO "customer_purchases" VALUES (8,8,'2023-09-19',5,2,18,'18:02:00');
INSERT INTO "customer_purchases" VALUES (8,8,'2023-09-19',14,2,18,'18:43:00');
INSERT INTO "customer_purchases" VALUES (8,8,'2023-09-19',19,1,18,'18:44:00');
INSERT INTO "customer_purchases" VALUES (8,8,'2023-09-22',2,2,18,'13:51:00');
INSERT INTO "customer_purchases" VALUES (8,8,'2023-09-22',2,2,18,'13:58:00');
INSERT INTO "customer_purchases" VALUES (8,8,'2023-09-26',1,1,18,'17:48:00');
INSERT INTO "customer_purchases" VALUES (8,8,'2023-09-26',1,1,18,'18:36:00');
INSERT INTO "customer_purchases" VALUES (8,8,'2023-09-26',10,1,18,'17:07:00');
INSERT INTO "customer_purchases" VALUES (8,8,'2023-09-26',21,2,18,'17:49:00');
INSERT INTO "customer_purchases" VALUES (8,8,'2023-09-29',4,1,18,'11:42:00');
INSERT INTO "customer_purchases" VALUES (8,8,'2023-09-29',18,1,18,'13:09:00');
INSERT INTO "customer_purchases" VALUES (8,8,'2023-09-29',18,1,18,'13:24:00');
INSERT INTO "customer_purchases" VALUES (8,8,'2023-09-29',21,1,18,'13:23:00');
INSERT INTO "customer_purchases" VALUES (8,8,'2023-10-03',3,1,18,'16:28:00');
INSERT INTO "customer_purchases" VALUES (8,8,'2023-10-03',9,2,18,'18:59:00');
INSERT INTO "customer_purchases" VALUES (8,8,'2023-10-03',11,2,18,'18:33:00');
INSERT INTO "customer_purchases" VALUES (8,8,'2023-10-03',26,2,18,'16:30:00');
INSERT INTO "customer_purchases" VALUES (8,8,'2023-10-06',3,1,18,'13:50:00');
INSERT INTO "customer_purchases" VALUES (8,8,'2023-10-06',4,2,18,'10:10:00');
INSERT INTO "customer_purchases" VALUES (8,8,'2023-10-06',8,1,18,'9:57:00');
INSERT INTO "customer_purchases" VALUES (8,8,'2023-10-06',9,2,18,'12:47:00');
INSERT INTO "customer_purchases" VALUES (8,8,'2023-10-06',12,2,18,'12:50:00');
INSERT INTO "customer_purchases" VALUES (8,8,'2023-10-06',23,1,18,'9:54:00');
INSERT INTO "customer_purchases" VALUES (8,8,'2023-10-10',1,2,18,'17:59:00');
INSERT INTO "customer_purchases" VALUES (8,8,'2023-10-10',2,2,18,'18:44:00');
INSERT INTO "customer_purchases" VALUES (8,8,'2023-10-10',8,2,18,'18:23:00');
INSERT INTO "customer_purchases" VALUES (8,8,'2023-10-10',23,4,18,'18:08:00');
INSERT INTO "customer_purchases" VALUES (8,8,'2023-10-10',24,1,18,'18:26:00');
INSERT INTO "customer_purchases" VALUES (8,8,'2023-10-13',7,1,18,'13:44:00');
INSERT INTO "customer_purchases" VALUES (8,8,'2023-10-13',8,2,18,'9:26:00');
INSERT INTO "customer_purchases" VALUES (8,8,'2023-10-13',9,1,18,'12:34:00');
INSERT INTO "customer_purchases" VALUES (8,8,'2023-10-13',23,5,18,'12:30:00');
INSERT INTO "customer_purchases" VALUES (8,8,'2023-10-13',23,2,18,'12:54:00');
INSERT INTO "customer_purchases" VALUES (16,4,'2022-06-03',1,8,0.45,'13:12:00');
INSERT INTO "customer_purchases" VALUES (16,4,'2022-06-03',12,4,0.5,'12:34:00');
INSERT INTO "customer_purchases" VALUES (16,4,'2022-06-03',12,2,0.5,'12:41:00');
INSERT INTO "customer_purchases" VALUES (16,4,'2022-06-03',17,4,0.5,'12:54:00');
INSERT INTO "customer_purchases" VALUES (16,4,'2022-06-07',2,5,0.5,'17:59:00');
INSERT INTO "customer_purchases" VALUES (16,4,'2022-06-07',2,2,0.5,'18:09:00');
INSERT INTO "customer_purchases" VALUES (16,4,'2022-06-07',11,4,0.5,'18:44:00');
INSERT INTO "customer_purchases" VALUES (16,4,'2022-06-07',15,1,0.5,'17:23:00');
INSERT INTO "customer_purchases" VALUES (16,4,'2022-06-07',16,5,0.5,'17:56:00');
INSERT INTO "customer_purchases" VALUES (16,4,'2022-06-07',16,5,0.5,'18:38:00');
INSERT INTO "customer_purchases" VALUES (16,4,'2022-06-07',26,4,0.5,'18:15:00');
INSERT INTO "customer_purchases" VALUES (16,4,'2022-06-07',26,5,0.5,'18:32:00');
INSERT INTO "customer_purchases" VALUES (16,4,'2022-06-10',6,2,0.5,'8:46:00');
INSERT INTO "customer_purchases" VALUES (16,4,'2022-06-10',6,5,0.5,'9:52:00');
INSERT INTO "customer_purchases" VALUES (16,4,'2022-06-10',7,2,0.5,'13:07:00');
INSERT INTO "customer_purchases" VALUES (16,4,'2022-06-10',9,3,0.5,'11:07:00');
INSERT INTO "customer_purchases" VALUES (16,4,'2022-06-10',10,20,0.4,'10:10:00');
INSERT INTO "customer_purchases" VALUES (16,4,'2022-06-10',12,6,0.5,'13:51:00');
INSERT INTO "customer_purchases" VALUES (16,4,'2022-06-10',16,2,0.5,'13:51:00');
INSERT INTO "customer_purchases" VALUES (16,4,'2022-06-10',18,6,0.5,'9:20:00');
INSERT INTO "customer_purchases" VALUES (16,4,'2022-06-10',24,1,0.5,'10:37:00');
INSERT INTO "customer_purchases" VALUES (16,4,'2022-06-10',24,6,0.5,'11:28:00');
INSERT INTO "customer_purchases" VALUES (16,4,'2022-06-10',25,2,0.5,'10:57:00');
INSERT INTO "customer_purchases" VALUES (16,4,'2022-06-10',25,3,0.5,'11:10:00');
INSERT INTO "customer_purchases" VALUES (16,4,'2022-06-14',1,8,0.45,'18:45:00');
INSERT INTO "customer_purchases" VALUES (16,4,'2022-06-14',1,6,0.5,'18:54:00');
INSERT INTO "customer_purchases" VALUES (16,4,'2022-06-14',4,6,0.5,'18:52:00');
INSERT INTO "customer_purchases" VALUES (16,4,'2022-06-14',5,3,0.5,'18:22:00');
INSERT INTO "customer_purchases" VALUES (16,4,'2022-06-14',9,1,0.5,'18:18:00');
INSERT INTO "customer_purchases" VALUES (16,4,'2022-06-14',15,4,0.5,'16:21:00');
INSERT INTO "customer_purchases" VALUES (16,4,'2022-06-14',18,8,0.45,'16:44:00');
INSERT INTO "customer_purchases" VALUES (16,4,'2022-06-14',18,6,0.5,'17:30:00');
INSERT INTO "customer_purchases" VALUES (16,4,'2022-06-14',24,1,0.5,'18:33:00');
INSERT INTO "customer_purchases" VALUES (16,4,'2022-06-14',26,4,0.5,'18:32:00');
INSERT INTO "customer_purchases" VALUES (16,4,'2022-06-17',2,3,0.5,'8:42:00');
INSERT INTO "customer_purchases" VALUES (16,4,'2022-06-17',4,6,0.5,'9:22:00');
INSERT INTO "customer_purchases" VALUES (16,4,'2022-06-17',5,4,0.5,'12:55:00');
INSERT INTO "customer_purchases" VALUES (16,4,'2022-06-17',6,1,0.5,'10:07:00');
INSERT INTO "customer_purchases" VALUES (16,4,'2022-06-17',6,2,0.5,'10:35:00');
INSERT INTO "customer_purchases" VALUES (16,4,'2022-06-17',7,1,0.5,'9:13:00');
INSERT INTO "customer_purchases" VALUES (16,4,'2022-06-17',10,20,0.4,'10:19:00');
INSERT INTO "customer_purchases" VALUES (16,4,'2022-06-17',10,20,0.4,'10:26:00');
INSERT INTO "customer_purchases" VALUES (16,4,'2022-06-21',1,8,0.45,'18:46:00');
INSERT INTO "customer_purchases" VALUES (16,4,'2022-06-21',2,1,0.5,'18:10:00');
INSERT INTO "customer_purchases" VALUES (16,4,'2022-06-21',2,4,0.5,'18:14:00');
INSERT INTO "customer_purchases" VALUES (16,4,'2022-06-21',4,10,0.45,'17:28:00');
INSERT INTO "customer_purchases" VALUES (16,4,'2022-06-21',7,1,0.5,'18:18:00');
INSERT INTO "customer_purchases" VALUES (16,4,'2022-06-21',8,2,0.5,'17:33:00');
INSERT INTO "customer_purchases" VALUES (16,4,'2022-06-21',9,5,0.5,'17:22:00');
INSERT INTO "customer_purchases" VALUES (16,4,'2022-06-21',9,5,0.5,'18:17:00');
INSERT INTO "customer_purchases" VALUES (16,4,'2022-06-21',12,8,0.45,'17:51:00');
INSERT INTO "customer_purchases" VALUES (16,4,'2022-06-21',12,6,0.5,'18:01:00');
INSERT INTO "customer_purchases" VALUES (16,4,'2022-06-21',20,2,0.5,'16:30:00');
INSERT INTO "customer_purchases" VALUES (16,4,'2022-06-21',21,3,0.5,'17:32:00');
INSERT INTO "customer_purchases" VALUES (16,4,'2022-06-24',4,4,0.5,'11:07:00');
INSERT INTO "customer_purchases" VALUES (16,4,'2022-06-24',6,3,0.5,'12:27:00');
INSERT INTO "customer_purchases" VALUES (16,4,'2022-06-24',7,5,0.5,'10:11:00');
INSERT INTO "customer_purchases" VALUES (16,4,'2022-06-24',9,1,0.5,'12:38:00');
INSERT INTO "customer_purchases" VALUES (16,4,'2022-06-24',15,2,0.5,'10:12:00');
INSERT INTO "customer_purchases" VALUES (16,4,'2022-06-24',15,3,0.5,'10:25:00');
INSERT INTO "customer_purchases" VALUES (16,4,'2022-06-24',20,1,0.5,'9:29:00');
INSERT INTO "customer_purchases" VALUES (16,4,'2022-06-24',26,7,0.5,'13:22:00');
INSERT INTO "customer_purchases" VALUES (16,4,'2022-06-24',26,4,0.5,'13:23:00');
INSERT INTO "customer_purchases" VALUES (16,4,'2022-06-28',1,6,0.5,'16:40:00');
INSERT INTO "customer_purchases" VALUES (16,4,'2022-06-28',1,8,0.45,'16:43:00');
INSERT INTO "customer_purchases" VALUES (16,4,'2022-06-28',2,2,0.5,'18:22:00');
INSERT INTO "customer_purchases" VALUES (16,4,'2022-06-28',3,4,0.5,'17:04:00');
INSERT INTO "customer_purchases" VALUES (16,4,'2022-06-28',6,3,0.5,'17:41:00');
INSERT INTO "customer_purchases" VALUES (16,4,'2022-06-28',7,4,0.5,'16:49:00');
INSERT INTO "customer_purchases" VALUES (16,4,'2022-06-28',7,4,0.5,'17:24:00');
INSERT INTO "customer_purchases" VALUES (16,4,'2022-06-28',8,2,0.5,'18:01:00');
INSERT INTO "customer_purchases" VALUES (16,4,'2022-06-28',10,20,0.4,'17:09:00');
INSERT INTO "customer_purchases" VALUES (16,4,'2022-06-28',10,20,0.4,'17:37:00');
INSERT INTO "customer_purchases" VALUES (16,4,'2022-06-28',12,6,0.5,'18:20:00');
INSERT INTO "customer_purchases" VALUES (16,4,'2022-06-28',25,4,0.5,'17:08:00');
INSERT INTO "customer_purchases" VALUES (16,4,'2022-07-01',2,4,0.5,'12:50:00');
INSERT INTO "customer_purchases" VALUES (16,4,'2022-07-01',4,10,0.45,'9:11:00');
INSERT INTO "customer_purchases" VALUES (16,4,'2022-07-01',4,8,0.45,'9:44:00');
INSERT INTO "customer_purchases" VALUES (16,4,'2022-07-01',5,5,0.5,'11:30:00');
INSERT INTO "customer_purchases" VALUES (16,4,'2022-07-01',6,5,0.5,'9:37:00');
INSERT INTO "customer_purchases" VALUES (16,4,'2022-07-01',19,5,0.5,'11:06:00');
INSERT INTO "customer_purchases" VALUES (16,4,'2022-07-01',25,2,0.5,'9:38:00');
INSERT INTO "customer_purchases" VALUES (16,4,'2022-07-05',3,8,0.45,'18:13:00');
INSERT INTO "customer_purchases" VALUES (16,4,'2022-07-05',5,4,0.5,'18:13:00');
INSERT INTO "customer_purchases" VALUES (16,4,'2022-07-05',17,4,0.5,'18:55:00');
INSERT INTO "customer_purchases" VALUES (16,4,'2022-07-05',22,3,0.5,'17:30:00');
INSERT INTO "customer_purchases" VALUES (16,4,'2022-07-08',2,3,0.5,'10:16:00');
INSERT INTO "customer_purchases" VALUES (16,4,'2022-07-08',6,4,0.5,'9:27:00');
INSERT INTO "customer_purchases" VALUES (16,4,'2022-07-08',6,3,0.5,'9:31:00');
INSERT INTO "customer_purchases" VALUES (16,4,'2022-07-08',8,4,0.5,'10:45:00');
INSERT INTO "customer_purchases" VALUES (16,4,'2022-07-08',14,3,0.5,'9:28:00');
INSERT INTO "customer_purchases" VALUES (16,4,'2022-07-08',14,4,0.5,'9:55:00');
INSERT INTO "customer_purchases" VALUES (16,4,'2022-07-08',16,4,0.5,'11:12:00');
INSERT INTO "customer_purchases" VALUES (16,4,'2022-07-08',18,8,0.45,'11:51:00');
INSERT INTO "customer_purchases" VALUES (16,4,'2022-07-08',19,2,0.5,'9:38:00');
INSERT INTO "customer_purchases" VALUES (16,4,'2022-07-12',2,8,0.45,'18:58:00');
INSERT INTO "customer_purchases" VALUES (16,4,'2022-07-12',9,2,0.5,'17:40:00');
INSERT INTO "customer_purchases" VALUES (16,4,'2022-07-12',11,10,0.5,'18:37:00');
INSERT INTO "customer_purchases" VALUES (16,4,'2022-07-12',13,6,0.5,'18:28:00');
INSERT INTO "customer_purchases" VALUES (16,4,'2022-07-12',16,8,0.45,'16:41:00');
INSERT INTO "customer_purchases" VALUES (16,4,'2022-07-12',23,3,0.5,'18:58:00');
INSERT INTO "customer_purchases" VALUES (16,4,'2022-07-12',23,4,0.5,'18:59:00');
INSERT INTO "customer_purchases" VALUES (16,4,'2022-07-15',2,4,0.5,'13:36:00');
INSERT INTO "customer_purchases" VALUES (16,4,'2022-07-15',6,6,0.5,'11:26:00');
INSERT INTO "customer_purchases" VALUES (16,4,'2022-07-15',13,2,0.5,'12:25:00');
INSERT INTO "customer_purchases" VALUES (16,4,'2022-07-15',23,2,0.5,'10:40:00');
INSERT INTO "customer_purchases" VALUES (16,4,'2022-07-15',26,5,0.5,'12:23:00');
INSERT INTO "customer_purchases" VALUES (16,4,'2022-07-19',2,10,0.5,'17:34:00');
INSERT INTO "customer_purchases" VALUES (16,4,'2022-07-19',6,8,0.45,'16:39:00');
INSERT INTO "customer_purchases" VALUES (16,4,'2022-07-19',13,2,0.5,'17:04:00');
INSERT INTO "customer_purchases" VALUES (16,4,'2022-07-19',21,1,0.5,'18:19:00');
INSERT INTO "customer_purchases" VALUES (16,4,'2022-07-19',26,4,0.5,'17:05:00');
INSERT INTO "customer_purchases" VALUES (16,4,'2022-07-19',26,4,0.5,'17:26:00');
INSERT INTO "customer_purchases" VALUES (16,4,'2022-07-22',3,16,0.45,'11:16:00');
INSERT INTO "customer_purchases" VALUES (16,4,'2022-07-22',4,8,0.45,'9:37:00');
INSERT INTO "customer_purchases" VALUES (16,4,'2022-07-22',4,16,0.45,'9:45:00');
INSERT INTO "customer_purchases" VALUES (16,4,'2022-07-22',11,2,0.5,'13:21:00');
INSERT INTO "customer_purchases" VALUES (16,4,'2022-07-22',21,2,0.5,'11:44:00');
INSERT INTO "customer_purchases" VALUES (16,4,'2022-07-26',4,8,0.45,'17:55:00');
INSERT INTO "customer_purchases" VALUES (16,4,'2022-07-26',14,10,0.5,'16:42:00');
INSERT INTO "customer_purchases" VALUES (16,4,'2022-07-26',16,10,0.5,'18:57:00');
INSERT INTO "customer_purchases" VALUES (16,4,'2022-07-26',25,3,0.5,'18:20:00');
INSERT INTO "customer_purchases" VALUES (16,4,'2022-07-29',2,2,0.5,'12:57:00');
INSERT INTO "customer_purchases" VALUES (16,4,'2022-07-29',6,3,0.5,'13:12:00');
INSERT INTO "customer_purchases" VALUES (16,4,'2022-07-29',6,2,0.5,'13:55:00');
INSERT INTO "customer_purchases" VALUES (16,4,'2022-07-29',10,20,0.4,'8:45:00');
INSERT INTO "customer_purchases" VALUES (16,4,'2022-07-29',13,2,0.5,'9:30:00');
INSERT INTO "customer_purchases" VALUES (16,4,'2022-07-29',17,1,0.5,'10:31:00');
INSERT INTO "customer_purchases" VALUES (16,4,'2022-07-29',20,3,0.5,'13:40:00');
INSERT INTO "customer_purchases" VALUES (16,4,'2022-07-29',24,5,0.5,'9:23:00');
INSERT INTO "customer_purchases" VALUES (16,4,'2022-08-02',1,8,0.45,'18:45:00');
INSERT INTO "customer_purchases" VALUES (16,4,'2022-08-02',9,6,0.5,'18:57:00');
INSERT INTO "customer_purchases" VALUES (16,4,'2022-08-02',11,6,0.5,'16:32:00');
INSERT INTO "customer_purchases" VALUES (16,4,'2022-08-02',21,3,0.5,'17:39:00');
INSERT INTO "customer_purchases" VALUES (16,4,'2022-08-02',21,6,0.5,'18:41:00');
INSERT INTO "customer_purchases" VALUES (16,4,'2022-08-02',22,4,0.5,'17:13:00');
INSERT INTO "customer_purchases" VALUES (16,4,'2022-08-05',2,10,0.5,'13:17:00');
INSERT INTO "customer_purchases" VALUES (16,4,'2022-08-05',3,10,0.45,'9:59:00');
INSERT INTO "customer_purchases" VALUES (16,4,'2022-08-05',7,2,0.5,'13:48:00');
INSERT INTO "customer_purchases" VALUES (16,4,'2022-08-05',13,4,0.5,'13:07:00');
INSERT INTO "customer_purchases" VALUES (16,4,'2022-08-05',16,2,0.5,'12:39:00');
INSERT INTO "customer_purchases" VALUES (16,4,'2022-08-05',25,4,0.5,'12:27:00');
INSERT INTO "customer_purchases" VALUES (16,4,'2022-08-05',25,4,0.5,'12:42:00');
INSERT INTO "customer_purchases" VALUES (16,4,'2022-08-09',1,8,0.45,'17:55:00');
INSERT INTO "customer_purchases" VALUES (16,4,'2022-08-09',13,6,0.5,'18:22:00');
INSERT INTO "customer_purchases" VALUES (16,4,'2022-08-09',18,16,0.45,'17:00:00');
INSERT INTO "customer_purchases" VALUES (16,4,'2022-08-09',18,4,0.5,'17:51:00');
INSERT INTO "customer_purchases" VALUES (16,4,'2022-08-12',1,2,0.5,'9:56:00');
INSERT INTO "customer_purchases" VALUES (16,4,'2022-08-12',2,3,0.5,'9:41:00');
INSERT INTO "customer_purchases" VALUES (16,4,'2022-08-12',2,1,0.5,'9:52:00');
INSERT INTO "customer_purchases" VALUES (16,4,'2022-08-12',4,4,0.5,'12:48:00');
INSERT INTO "customer_purchases" VALUES (16,4,'2022-08-12',4,4,0.5,'13:42:00');
INSERT INTO "customer_purchases" VALUES (16,4,'2022-08-12',5,2,0.5,'10:16:00');
INSERT INTO "customer_purchases" VALUES (16,4,'2022-08-12',5,5,0.5,'10:54:00');
INSERT INTO "customer_purchases" VALUES (16,4,'2022-08-12',7,4,0.5,'9:40:00');
INSERT INTO "customer_purchases" VALUES (16,4,'2022-08-12',7,4,0.5,'10:12:00');
INSERT INTO "customer_purchases" VALUES (16,4,'2022-08-12',25,4,0.5,'12:17:00');
INSERT INTO "customer_purchases" VALUES (16,4,'2022-08-12',25,1,0.5,'12:49:00');
INSERT INTO "customer_purchases" VALUES (16,4,'2022-08-16',2,5,0.5,'18:01:00');
INSERT INTO "customer_purchases" VALUES (16,4,'2022-08-16',3,2,0.5,'17:09:00');
INSERT INTO "customer_purchases" VALUES (16,4,'2022-08-16',8,3,0.5,'17:35:00');
INSERT INTO "customer_purchases" VALUES (16,4,'2022-08-16',10,20,0.4,'17:11:00');
INSERT INTO "customer_purchases" VALUES (16,4,'2022-08-16',26,2,0.5,'18:44:00');
INSERT INTO "customer_purchases" VALUES (16,4,'2022-08-19',2,8,0.45,'9:23:00');
INSERT INTO "customer_purchases" VALUES (16,4,'2022-08-19',5,8,0.45,'8:38:00');
INSERT INTO "customer_purchases" VALUES (16,4,'2022-08-19',12,10,0.45,'8:59:00');
INSERT INTO "customer_purchases" VALUES (16,4,'2022-08-19',25,4,0.5,'11:28:00');
INSERT INTO "customer_purchases" VALUES (16,4,'2022-08-19',25,4,0.5,'11:55:00');
INSERT INTO "customer_purchases" VALUES (16,4,'2022-08-23',5,4,0.5,'17:27:00');
INSERT INTO "customer_purchases" VALUES (16,4,'2022-08-23',6,2,0.5,'18:57:00');
INSERT INTO "customer_purchases" VALUES (16,4,'2022-08-23',20,2,0.5,'16:46:00');
INSERT INTO "customer_purchases" VALUES (16,4,'2022-08-23',26,3,0.5,'17:14:00');
INSERT INTO "customer_purchases" VALUES (16,4,'2022-08-26',1,8,0.45,'13:54:00');
INSERT INTO "customer_purchases" VALUES (16,4,'2022-08-26',2,3,0.5,'13:30:00');
INSERT INTO "customer_purchases" VALUES (16,4,'2022-08-26',3,8,0.45,'10:19:00');
INSERT INTO "customer_purchases" VALUES (16,4,'2022-08-26',3,8,0.45,'10:23:00');
INSERT INTO "customer_purchases" VALUES (16,4,'2022-08-26',5,2,0.5,'13:48:00');
INSERT INTO "customer_purchases" VALUES (16,4,'2022-08-26',9,5,0.5,'12:59:00');
INSERT INTO "customer_purchases" VALUES (16,4,'2022-08-26',13,3,0.5,'11:17:00');
INSERT INTO "customer_purchases" VALUES (16,4,'2022-08-26',20,3,0.5,'11:00:00');
INSERT INTO "customer_purchases" VALUES (16,4,'2022-08-30',2,8,0.45,'18:28:00');
INSERT INTO "customer_purchases" VALUES (16,4,'2022-08-30',2,2,0.5,'18:33:00');
INSERT INTO "customer_purchases" VALUES (16,4,'2022-08-30',8,10,0.5,'18:28:00');
INSERT INTO "customer_purchases" VALUES (16,4,'2022-08-30',22,7,0.5,'18:52:00');
INSERT INTO "customer_purchases" VALUES (16,4,'2022-09-02',1,10,0.45,'13:08:00');
INSERT INTO "customer_purchases" VALUES (16,4,'2022-09-02',1,10,0.45,'13:22:00');
INSERT INTO "customer_purchases" VALUES (16,4,'2022-09-02',3,10,0.45,'10:50:00');
INSERT INTO "customer_purchases" VALUES (16,4,'2022-09-02',4,10,0.45,'9:09:00');
INSERT INTO "customer_purchases" VALUES (16,4,'2022-09-02',6,5,0.5,'12:57:00');
INSERT INTO "customer_purchases" VALUES (16,4,'2022-09-02',9,4,0.5,'8:48:00');
INSERT INTO "customer_purchases" VALUES (16,4,'2022-09-06',2,3,0.5,'17:11:00');
INSERT INTO "customer_purchases" VALUES (16,4,'2022-09-06',3,2,0.5,'16:55:00');
INSERT INTO "customer_purchases" VALUES (16,4,'2022-09-06',5,1,0.5,'17:24:00');
INSERT INTO "customer_purchases" VALUES (16,4,'2022-09-06',7,5,0.5,'18:26:00');
INSERT INTO "customer_purchases" VALUES (16,4,'2022-09-06',11,4,0.5,'17:08:00');
INSERT INTO "customer_purchases" VALUES (16,4,'2022-09-06',11,4,0.5,'17:41:00');
INSERT INTO "customer_purchases" VALUES (16,4,'2022-09-06',12,6,0.5,'18:56:00');
INSERT INTO "customer_purchases" VALUES (16,4,'2022-09-09',3,16,0.45,'11:46:00');
INSERT INTO "customer_purchases" VALUES (16,4,'2022-09-09',17,4,0.5,'11:15:00');
INSERT INTO "customer_purchases" VALUES (16,4,'2022-09-09',19,1,0.5,'11:50:00');
INSERT INTO "customer_purchases" VALUES (16,4,'2022-09-09',23,4,0.5,'12:05:00');
INSERT INTO "customer_purchases" VALUES (16,4,'2022-09-13',1,6,0.5,'18:11:00');
INSERT INTO "customer_purchases" VALUES (16,4,'2022-09-13',4,8,0.45,'18:54:00');
INSERT INTO "customer_purchases" VALUES (16,4,'2022-09-13',5,2,0.5,'18:57:00');
INSERT INTO "customer_purchases" VALUES (16,4,'2022-09-13',11,1,0.5,'17:59:00');
INSERT INTO "customer_purchases" VALUES (16,4,'2022-09-13',13,3,0.5,'17:48:00');
INSERT INTO "customer_purchases" VALUES (16,4,'2022-09-13',20,5,0.5,'18:37:00');
INSERT INTO "customer_purchases" VALUES (16,4,'2022-09-13',20,4,0.5,'18:39:00');
INSERT INTO "customer_purchases" VALUES (16,4,'2022-09-16',2,2,0.5,'11:30:00');
INSERT INTO "customer_purchases" VALUES (16,4,'2022-09-16',4,12,0.5,'9:08:00');
INSERT INTO "customer_purchases" VALUES (16,4,'2022-09-16',8,6,0.5,'11:02:00');
INSERT INTO "customer_purchases" VALUES (16,4,'2022-09-16',9,4,0.5,'10:04:00');
INSERT INTO "customer_purchases" VALUES (16,4,'2022-09-16',19,3,0.5,'10:15:00');
INSERT INTO "customer_purchases" VALUES (16,4,'2022-09-20',9,6,0.5,'16:54:00');
INSERT INTO "customer_purchases" VALUES (16,4,'2022-09-20',14,2,0.5,'18:43:00');
INSERT INTO "customer_purchases" VALUES (16,4,'2022-09-20',14,6,0.5,'18:46:00');
INSERT INTO "customer_purchases" VALUES (16,4,'2022-09-20',16,4,0.5,'18:10:00');
INSERT INTO "customer_purchases" VALUES (16,4,'2022-09-20',21,2,0.5,'17:57:00');
INSERT INTO "customer_purchases" VALUES (16,4,'2022-09-20',26,4,0.5,'18:56:00');
INSERT INTO "customer_purchases" VALUES (16,4,'2022-09-23',1,2,0.5,'11:57:00');
INSERT INTO "customer_purchases" VALUES (16,4,'2022-09-23',2,3,0.5,'8:45:00');
INSERT INTO "customer_purchases" VALUES (16,4,'2022-09-23',2,1,0.5,'9:14:00');
INSERT INTO "customer_purchases" VALUES (16,4,'2022-09-23',3,10,0.45,'9:18:00');
INSERT INTO "customer_purchases" VALUES (16,4,'2022-09-23',22,4,0.5,'13:35:00');
INSERT INTO "customer_purchases" VALUES (16,4,'2022-09-23',22,2,0.5,'13:41:00');
INSERT INTO "customer_purchases" VALUES (16,4,'2022-09-27',4,2,0.5,'17:39:00');
INSERT INTO "customer_purchases" VALUES (16,4,'2022-09-27',10,20,0.4,'18:16:00');
INSERT INTO "customer_purchases" VALUES (16,4,'2022-09-27',12,2,0.5,'17:51:00');
INSERT INTO "customer_purchases" VALUES (16,4,'2022-09-27',13,1,0.5,'17:57:00');
INSERT INTO "customer_purchases" VALUES (16,4,'2022-09-30',4,10,0.45,'13:17:00');
INSERT INTO "customer_purchases" VALUES (16,4,'2022-09-30',14,5,0.5,'10:19:00');
INSERT INTO "customer_purchases" VALUES (16,4,'2022-09-30',14,4,0.5,'10:48:00');
INSERT INTO "customer_purchases" VALUES (16,4,'2022-09-30',15,1,0.5,'8:53:00');
INSERT INTO "customer_purchases" VALUES (16,4,'2022-09-30',20,4,0.5,'12:52:00');
INSERT INTO "customer_purchases" VALUES (16,4,'2023-06-06',2,4,0.5,'18:44:00');
INSERT INTO "customer_purchases" VALUES (16,4,'2023-06-06',2,2,0.5,'18:59:00');
INSERT INTO "customer_purchases" VALUES (16,4,'2023-06-06',3,10,0.45,'17:56:00');
INSERT INTO "customer_purchases" VALUES (16,4,'2023-06-06',3,4,0.5,'18:44:00');
INSERT INTO "customer_purchases" VALUES (16,4,'2023-06-06',5,4,0.5,'18:47:00');
INSERT INTO "customer_purchases" VALUES (16,4,'2023-06-06',18,2,0.5,'18:34:00');
INSERT INTO "customer_purchases" VALUES (16,4,'2023-06-06',18,6,0.5,'18:42:00');
INSERT INTO "customer_purchases" VALUES (16,4,'2023-06-06',22,4,0.5,'18:17:00');
INSERT INTO "customer_purchases" VALUES (16,4,'2023-06-09',1,2,0.5,'11:07:00');
INSERT INTO "customer_purchases" VALUES (16,4,'2023-06-09',3,2,0.5,'9:16:00');
INSERT INTO "customer_purchases" VALUES (16,4,'2023-06-09',4,6,0.5,'12:03:00');
INSERT INTO "customer_purchases" VALUES (16,4,'2023-06-09',4,6,0.5,'12:16:00');
INSERT INTO "customer_purchases" VALUES (16,4,'2023-06-09',5,3,0.5,'10:13:00');
INSERT INTO "customer_purchases" VALUES (16,4,'2023-06-09',6,5,0.5,'13:07:00');
INSERT INTO "customer_purchases" VALUES (16,4,'2023-06-09',10,20,0.4,'13:53:00');
INSERT INTO "customer_purchases" VALUES (16,4,'2023-06-09',26,3,0.5,'13:49:00');
INSERT INTO "customer_purchases" VALUES (16,4,'2023-06-13',4,4,0.5,'18:44:00');
INSERT INTO "customer_purchases" VALUES (16,4,'2023-06-13',4,4,0.5,'18:58:00');
INSERT INTO "customer_purchases" VALUES (16,4,'2023-06-13',5,5,0.5,'18:10:00');
INSERT INTO "customer_purchases" VALUES (16,4,'2023-06-13',7,2,0.5,'18:46:00');
INSERT INTO "customer_purchases" VALUES (16,4,'2023-06-13',9,1,0.5,'17:33:00');
INSERT INTO "customer_purchases" VALUES (16,4,'2023-06-13',9,3,0.5,'17:41:00');
INSERT INTO "customer_purchases" VALUES (16,4,'2023-06-13',16,3,0.5,'18:54:00');
INSERT INTO "customer_purchases" VALUES (16,4,'2023-06-13',22,2,0.5,'17:10:00');
INSERT INTO "customer_purchases" VALUES (16,4,'2023-06-13',22,2,0.5,'17:33:00');
INSERT INTO "customer_purchases" VALUES (16,4,'2023-06-13',23,3,0.5,'18:25:00');
INSERT INTO "customer_purchases" VALUES (16,4,'2023-06-13',23,5,0.5,'18:39:00');
INSERT INTO "customer_purchases" VALUES (16,4,'2023-06-16',3,6,0.5,'9:33:00');
INSERT INTO "customer_purchases" VALUES (16,4,'2023-06-16',6,5,0.5,'11:52:00');
INSERT INTO "customer_purchases" VALUES (16,4,'2023-06-16',7,3,0.5,'11:48:00');
INSERT INTO "customer_purchases" VALUES (16,4,'2023-06-16',10,20,0.4,'13:02:00');
INSERT INTO "customer_purchases" VALUES (16,4,'2023-06-16',15,1,0.5,'8:55:00');
INSERT INTO "customer_purchases" VALUES (16,4,'2023-06-16',19,4,0.5,'10:56:00');
INSERT INTO "customer_purchases" VALUES (16,4,'2023-06-16',25,4,0.5,'10:30:00');
INSERT INTO "customer_purchases" VALUES (16,4,'2023-06-20',3,6,0.5,'17:39:00');
INSERT INTO "customer_purchases" VALUES (16,4,'2023-06-20',3,10,0.45,'17:58:00');
INSERT INTO "customer_purchases" VALUES (16,4,'2023-06-20',4,8,0.45,'17:10:00');
INSERT INTO "customer_purchases" VALUES (16,4,'2023-06-20',4,2,0.5,'17:56:00');
INSERT INTO "customer_purchases" VALUES (16,4,'2023-06-20',6,3,0.5,'18:37:00');
INSERT INTO "customer_purchases" VALUES (16,4,'2023-06-20',6,5,0.5,'18:40:00');
INSERT INTO "customer_purchases" VALUES (16,4,'2023-06-20',9,1,0.5,'18:55:00');
INSERT INTO "customer_purchases" VALUES (16,4,'2023-06-20',9,4,0.5,'18:58:00');
INSERT INTO "customer_purchases" VALUES (16,4,'2023-06-20',15,1,0.5,'17:36:00');
INSERT INTO "customer_purchases" VALUES (16,4,'2023-06-23',2,4,0.5,'8:09:00');
INSERT INTO "customer_purchases" VALUES (16,4,'2023-06-23',2,5,0.5,'8:14:00');
INSERT INTO "customer_purchases" VALUES (16,4,'2023-06-23',10,20,0.4,'9:22:00');
INSERT INTO "customer_purchases" VALUES (16,4,'2023-06-23',12,10,0.45,'8:53:00');
INSERT INTO "customer_purchases" VALUES (16,4,'2023-06-23',13,3,0.5,'13:12:00');
INSERT INTO "customer_purchases" VALUES (16,4,'2023-06-23',13,5,0.5,'13:39:00');
INSERT INTO "customer_purchases" VALUES (16,4,'2023-06-23',17,4,0.5,'11:24:00');
INSERT INTO "customer_purchases" VALUES (16,4,'2023-06-23',21,4,0.5,'13:49:00');
INSERT INTO "customer_purchases" VALUES (16,4,'2023-06-27',3,8,0.45,'17:55:00');
INSERT INTO "customer_purchases" VALUES (16,4,'2023-06-27',4,10,0.45,'18:30:00');
INSERT INTO "customer_purchases" VALUES (16,4,'2023-06-27',4,10,0.45,'18:58:00');
INSERT INTO "customer_purchases" VALUES (16,4,'2023-06-27',5,2,0.5,'16:31:00');
INSERT INTO "customer_purchases" VALUES (16,4,'2023-06-27',10,20,0.4,'17:16:00');
INSERT INTO "customer_purchases" VALUES (16,4,'2023-06-27',10,20,0.4,'17:37:00');
INSERT INTO "customer_purchases" VALUES (16,4,'2023-06-27',15,2,0.5,'17:18:00');
INSERT INTO "customer_purchases" VALUES (16,4,'2023-06-27',17,4,0.5,'17:51:00');
INSERT INTO "customer_purchases" VALUES (16,4,'2023-06-27',23,4,0.5,'18:34:00');
INSERT INTO "customer_purchases" VALUES (16,4,'2023-06-30',4,8,0.45,'11:53:00');
INSERT INTO "customer_purchases" VALUES (16,4,'2023-06-30',4,8,0.45,'11:58:00');
INSERT INTO "customer_purchases" VALUES (16,4,'2023-06-30',8,3,0.5,'11:13:00');
INSERT INTO "customer_purchases" VALUES (16,4,'2023-06-30',18,8,0.45,'13:35:00');
INSERT INTO "customer_purchases" VALUES (16,4,'2023-06-30',18,8,0.45,'13:39:00');
INSERT INTO "customer_purchases" VALUES (16,4,'2023-06-30',25,3,0.5,'8:46:00');
INSERT INTO "customer_purchases" VALUES (16,4,'2023-07-04',5,4,0.5,'18:41:00');
INSERT INTO "customer_purchases" VALUES (16,4,'2023-07-04',16,8,0.45,'18:29:00');
INSERT INTO "customer_purchases" VALUES (16,4,'2023-07-04',20,3,0.5,'16:47:00');
INSERT INTO "customer_purchases" VALUES (16,4,'2023-07-04',20,5,0.5,'17:31:00');
INSERT INTO "customer_purchases" VALUES (16,4,'2023-07-04',25,6,0.5,'18:23:00');
INSERT INTO "customer_purchases" VALUES (16,4,'2023-07-07',1,16,0.45,'9:13:00');
INSERT INTO "customer_purchases" VALUES (16,4,'2023-07-07',1,12,0.5,'10:11:00');
INSERT INTO "customer_purchases" VALUES (16,4,'2023-07-07',8,2,0.5,'13:53:00');
INSERT INTO "customer_purchases" VALUES (16,4,'2023-07-07',11,10,0.5,'11:11:00');
INSERT INTO "customer_purchases" VALUES (16,4,'2023-07-07',11,2,0.5,'11:20:00');
INSERT INTO "customer_purchases" VALUES (16,4,'2023-07-07',17,6,0.5,'9:46:00');
INSERT INTO "customer_purchases" VALUES (16,4,'2023-07-07',26,5,0.5,'12:16:00');
INSERT INTO "customer_purchases" VALUES (16,4,'2023-07-11',2,4,0.5,'17:58:00');
INSERT INTO "customer_purchases" VALUES (16,4,'2023-07-11',6,2,0.5,'17:01:00');
INSERT INTO "customer_purchases" VALUES (16,4,'2023-07-11',7,2,0.5,'16:31:00');
INSERT INTO "customer_purchases" VALUES (16,4,'2023-07-11',12,4,0.5,'17:09:00');
INSERT INTO "customer_purchases" VALUES (16,4,'2023-07-11',22,3,0.5,'18:24:00');
INSERT INTO "customer_purchases" VALUES (16,4,'2023-07-11',22,1,0.5,'18:38:00');
INSERT INTO "customer_purchases" VALUES (16,4,'2023-07-14',4,12,0.5,'10:55:00');
INSERT INTO "customer_purchases" VALUES (16,4,'2023-07-14',4,16,0.45,'11:02:00');
INSERT INTO "customer_purchases" VALUES (16,4,'2023-07-14',6,8,0.45,'9:11:00');
INSERT INTO "customer_purchases" VALUES (16,4,'2023-07-14',13,10,0.5,'10:08:00');
INSERT INTO "customer_purchases" VALUES (16,4,'2023-07-14',14,10,0.5,'11:08:00');
INSERT INTO "customer_purchases" VALUES (16,4,'2023-07-18',4,10,0.45,'18:57:00');
INSERT INTO "customer_purchases" VALUES (16,4,'2023-07-18',4,6,0.5,'18:59:00');
INSERT INTO "customer_purchases" VALUES (16,4,'2023-07-18',10,20,0.4,'18:20:00');
INSERT INTO "customer_purchases" VALUES (16,4,'2023-07-18',10,20,0.4,'18:23:00');
INSERT INTO "customer_purchases" VALUES (16,4,'2023-07-18',16,2,0.5,'17:40:00');
INSERT INTO "customer_purchases" VALUES (16,4,'2023-07-18',18,10,0.45,'18:46:00');
INSERT INTO "customer_purchases" VALUES (16,4,'2023-07-21',15,2,0.5,'13:54:00');
INSERT INTO "customer_purchases" VALUES (16,4,'2023-07-21',15,2,0.5,'13:59:00');
INSERT INTO "customer_purchases" VALUES (16,4,'2023-07-21',18,8,0.45,'10:17:00');
INSERT INTO "customer_purchases" VALUES (16,4,'2023-07-21',22,2,0.5,'10:51:00');
INSERT INTO "customer_purchases" VALUES (16,4,'2023-07-25',1,10,0.45,'17:21:00');
INSERT INTO "customer_purchases" VALUES (16,4,'2023-07-25',1,8,0.45,'17:58:00');
INSERT INTO "customer_purchases" VALUES (16,4,'2023-07-25',3,10,0.45,'18:43:00');
INSERT INTO "customer_purchases" VALUES (16,4,'2023-07-25',6,3,0.5,'17:13:00');
INSERT INTO "customer_purchases" VALUES (16,4,'2023-07-25',6,2,0.5,'18:19:00');
INSERT INTO "customer_purchases" VALUES (16,4,'2023-07-25',12,8,0.45,'18:22:00');
INSERT INTO "customer_purchases" VALUES (16,4,'2023-07-25',24,2,0.5,'17:19:00');
INSERT INTO "customer_purchases" VALUES (16,4,'2023-07-25',25,5,0.5,'18:55:00');
INSERT INTO "customer_purchases" VALUES (16,4,'2023-07-25',25,3,0.5,'18:56:00');
INSERT INTO "customer_purchases" VALUES (16,4,'2023-07-28',1,8,0.45,'9:47:00');
INSERT INTO "customer_purchases" VALUES (16,4,'2023-07-28',2,2,0.5,'9:32:00');
INSERT INTO "customer_purchases" VALUES (16,4,'2023-07-28',4,10,0.45,'12:41:00');
INSERT INTO "customer_purchases" VALUES (16,4,'2023-07-28',4,6,0.5,'13:16:00');
INSERT INTO "customer_purchases" VALUES (16,4,'2023-07-28',7,3,0.5,'9:33:00');
INSERT INTO "customer_purchases" VALUES (16,4,'2023-07-28',9,1,0.5,'11:54:00');
INSERT INTO "customer_purchases" VALUES (16,4,'2023-07-28',13,1,0.5,'12:43:00');
INSERT INTO "customer_purchases" VALUES (16,4,'2023-07-28',19,3,0.5,'12:13:00');
INSERT INTO "customer_purchases" VALUES (16,4,'2023-07-28',21,4,0.5,'11:14:00');
INSERT INTO "customer_purchases" VALUES (16,4,'2023-08-01',1,2,0.5,'16:42:00');
INSERT INTO "customer_purchases" VALUES (16,4,'2023-08-01',8,3,0.5,'16:56:00');
INSERT INTO "customer_purchases" VALUES (16,4,'2023-08-01',8,4,0.5,'17:34:00');
INSERT INTO "customer_purchases" VALUES (16,4,'2023-08-01',9,4,0.5,'18:55:00');
INSERT INTO "customer_purchases" VALUES (16,4,'2023-08-01',10,20,0.4,'18:56:00');
INSERT INTO "customer_purchases" VALUES (16,4,'2023-08-01',12,2,0.5,'18:37:00');
INSERT INTO "customer_purchases" VALUES (16,4,'2023-08-01',24,5,0.5,'16:39:00');
INSERT INTO "customer_purchases" VALUES (16,4,'2023-08-04',2,6,0.5,'10:08:00');
INSERT INTO "customer_purchases" VALUES (16,4,'2023-08-04',8,2,0.5,'9:10:00');
INSERT INTO "customer_purchases" VALUES (16,4,'2023-08-04',11,2,0.5,'13:02:00');
INSERT INTO "customer_purchases" VALUES (16,4,'2023-08-04',26,4,0.5,'12:45:00');
INSERT INTO "customer_purchases" VALUES (16,4,'2023-08-08',1,8,0.45,'17:10:00');
INSERT INTO "customer_purchases" VALUES (16,4,'2023-08-08',1,4,0.5,'17:13:00');
INSERT INTO "customer_purchases" VALUES (16,4,'2023-08-08',5,1,0.5,'17:57:00');
INSERT INTO "customer_purchases" VALUES (16,4,'2023-08-08',5,4,0.5,'18:04:00');
INSERT INTO "customer_purchases" VALUES (16,4,'2023-08-08',15,5,0.5,'16:27:00');
INSERT INTO "customer_purchases" VALUES (16,4,'2023-08-08',18,10,0.45,'17:33:00');
INSERT INTO "customer_purchases" VALUES (16,4,'2023-08-08',18,8,0.45,'17:56:00');
INSERT INTO "customer_purchases" VALUES (16,4,'2023-08-08',21,2,0.5,'18:52:00');
INSERT INTO "customer_purchases" VALUES (16,4,'2023-08-11',2,5,0.5,'13:26:00');
INSERT INTO "customer_purchases" VALUES (16,4,'2023-08-11',4,4,0.5,'10:50:00');
INSERT INTO "customer_purchases" VALUES (16,4,'2023-08-11',6,5,0.5,'10:55:00');
INSERT INTO "customer_purchases" VALUES (16,4,'2023-08-11',10,20,0.4,'9:35:00');
INSERT INTO "customer_purchases" VALUES (16,4,'2023-08-11',16,2,0.5,'12:26:00');
INSERT INTO "customer_purchases" VALUES (16,4,'2023-08-11',16,4,0.5,'12:42:00');
INSERT INTO "customer_purchases" VALUES (16,4,'2023-08-11',17,1,0.5,'8:49:00');
INSERT INTO "customer_purchases" VALUES (16,4,'2023-08-11',23,2,0.5,'13:39:00');
INSERT INTO "customer_purchases" VALUES (16,4,'2023-08-15',4,10,0.45,'17:26:00');
INSERT INTO "customer_purchases" VALUES (16,4,'2023-08-15',5,3,0.5,'17:36:00');
INSERT INTO "customer_purchases" VALUES (16,4,'2023-08-15',5,4,0.5,'18:19:00');
INSERT INTO "customer_purchases" VALUES (16,4,'2023-08-15',6,1,0.5,'18:32:00');
INSERT INTO "customer_purchases" VALUES (16,4,'2023-08-15',7,1,0.5,'16:48:00');
INSERT INTO "customer_purchases" VALUES (16,4,'2023-08-15',7,1,0.5,'17:33:00');
INSERT INTO "customer_purchases" VALUES (16,4,'2023-08-15',8,5,0.5,'17:27:00');
INSERT INTO "customer_purchases" VALUES (16,4,'2023-08-15',8,1,0.5,'17:35:00');
INSERT INTO "customer_purchases" VALUES (16,4,'2023-08-15',9,4,0.5,'18:54:00');
INSERT INTO "customer_purchases" VALUES (16,4,'2023-08-15',18,6,0.5,'18:15:00');
INSERT INTO "customer_purchases" VALUES (16,4,'2023-08-15',26,4,0.5,'18:33:00');
INSERT INTO "customer_purchases" VALUES (16,4,'2023-08-15',26,5,0.5,'18:44:00');
INSERT INTO "customer_purchases" VALUES (16,4,'2023-08-18',3,10,0.45,'8:51:00');
INSERT INTO "customer_purchases" VALUES (16,4,'2023-08-18',4,2,0.5,'13:14:00');
INSERT INTO "customer_purchases" VALUES (16,4,'2023-08-18',10,20,0.4,'12:35:00');
INSERT INTO "customer_purchases" VALUES (16,4,'2023-08-18',12,8,0.45,'9:35:00');
INSERT INTO "customer_purchases" VALUES (16,4,'2023-08-18',12,10,0.45,'9:59:00');
INSERT INTO "customer_purchases" VALUES (16,4,'2023-08-18',19,3,0.5,'13:30:00');
INSERT INTO "customer_purchases" VALUES (16,4,'2023-08-18',22,3,0.5,'9:36:00');
INSERT INTO "customer_purchases" VALUES (16,4,'2023-08-22',5,5,0.5,'16:45:00');
INSERT INTO "customer_purchases" VALUES (16,4,'2023-08-22',5,1,0.5,'17:51:00');
INSERT INTO "customer_purchases" VALUES (16,4,'2023-08-22',9,4,0.5,'17:07:00');
INSERT INTO "customer_purchases" VALUES (16,4,'2023-08-22',10,20,0.4,'16:27:00');
INSERT INTO "customer_purchases" VALUES (16,4,'2023-08-22',10,20,0.4,'17:17:00');
INSERT INTO "customer_purchases" VALUES (16,4,'2023-08-22',14,4,0.5,'16:52:00');
INSERT INTO "customer_purchases" VALUES (16,4,'2023-08-22',15,3,0.5,'18:22:00');
INSERT INTO "customer_purchases" VALUES (16,4,'2023-08-22',15,5,0.5,'18:46:00');
INSERT INTO "customer_purchases" VALUES (16,4,'2023-08-22',18,4,0.5,'16:51:00');
INSERT INTO "customer_purchases" VALUES (16,4,'2023-08-22',26,2,0.5,'17:43:00');
INSERT INTO "customer_purchases" VALUES (16,4,'2023-08-25',2,6,0.5,'11:19:00');
INSERT INTO "customer_purchases" VALUES (16,4,'2023-08-25',2,8,0.45,'12:07:00');
INSERT INTO "customer_purchases" VALUES (16,4,'2023-08-25',5,8,0.45,'11:45:00');
INSERT INTO "customer_purchases" VALUES (16,4,'2023-08-25',8,8,0.45,'8:08:00');
INSERT INTO "customer_purchases" VALUES (16,4,'2023-08-25',9,4,0.5,'13:49:00');
INSERT INTO "customer_purchases" VALUES (16,4,'2023-08-25',25,4,0.5,'11:31:00');
INSERT INTO "customer_purchases" VALUES (16,4,'2023-08-25',26,4,0.5,'10:09:00');
INSERT INTO "customer_purchases" VALUES (16,4,'2023-08-29',5,4,0.5,'18:19:00');
INSERT INTO "customer_purchases" VALUES (16,4,'2023-08-29',8,8,0.45,'18:24:00');
INSERT INTO "customer_purchases" VALUES (16,4,'2023-08-29',11,8,0.45,'18:18:00');
INSERT INTO "customer_purchases" VALUES (16,4,'2023-08-29',12,8,0.45,'18:01:00');
INSERT INTO "customer_purchases" VALUES (16,4,'2023-08-29',12,16,0.45,'18:44:00');
INSERT INTO "customer_purchases" VALUES (16,4,'2023-08-29',22,3,0.5,'18:40:00');
INSERT INTO "customer_purchases" VALUES (16,4,'2023-09-01',1,12,0.5,'13:57:00');
INSERT INTO "customer_purchases" VALUES (16,4,'2023-09-01',4,4,0.5,'11:35:00');
INSERT INTO "customer_purchases" VALUES (16,4,'2023-09-01',18,4,0.5,'11:41:00');
INSERT INTO "customer_purchases" VALUES (16,4,'2023-09-05',1,6,0.5,'18:57:00');
INSERT INTO "customer_purchases" VALUES (16,4,'2023-09-05',3,8,0.45,'17:37:00');
INSERT INTO "customer_purchases" VALUES (16,4,'2023-09-05',12,6,0.5,'18:03:00');
INSERT INTO "customer_purchases" VALUES (16,4,'2023-09-05',18,2,0.5,'17:45:00');
INSERT INTO "customer_purchases" VALUES (16,4,'2023-09-05',18,2,0.5,'17:51:00');
INSERT INTO "customer_purchases" VALUES (16,4,'2023-09-08',4,10,0.45,'13:11:00');
INSERT INTO "customer_purchases" VALUES (16,4,'2023-09-08',5,3,0.5,'12:49:00');
INSERT INTO "customer_purchases" VALUES (16,4,'2023-09-08',6,4,0.5,'10:44:00');
INSERT INTO "customer_purchases" VALUES (16,4,'2023-09-08',7,3,0.5,'9:32:00');
INSERT INTO "customer_purchases" VALUES (16,4,'2023-09-08',9,3,0.5,'13:49:00');
INSERT INTO "customer_purchases" VALUES (16,4,'2023-09-08',11,4,0.5,'10:03:00');
INSERT INTO "customer_purchases" VALUES (16,4,'2023-09-08',18,4,0.5,'9:01:00');
INSERT INTO "customer_purchases" VALUES (16,4,'2023-09-08',25,4,0.5,'11:08:00');
INSERT INTO "customer_purchases" VALUES (16,4,'2023-09-12',2,4,0.5,'18:48:00');
INSERT INTO "customer_purchases" VALUES (16,4,'2023-09-12',3,2,0.5,'18:12:00');
INSERT INTO "customer_purchases" VALUES (16,4,'2023-09-12',7,3,0.5,'18:48:00');
INSERT INTO "customer_purchases" VALUES (16,4,'2023-09-12',7,5,0.5,'18:56:00');
INSERT INTO "customer_purchases" VALUES (16,4,'2023-09-12',9,1,0.5,'17:51:00');
INSERT INTO "customer_purchases" VALUES (16,4,'2023-09-12',10,20,0.4,'18:42:00');
INSERT INTO "customer_purchases" VALUES (16,4,'2023-09-12',11,4,0.5,'18:55:00');
INSERT INTO "customer_purchases" VALUES (16,4,'2023-09-12',14,4,0.5,'18:38:00');
INSERT INTO "customer_purchases" VALUES (16,4,'2023-09-12',14,5,0.5,'18:39:00');
INSERT INTO "customer_purchases" VALUES (16,4,'2023-09-15',4,4,0.5,'9:39:00');
INSERT INTO "customer_purchases" VALUES (16,4,'2023-09-15',7,2,0.5,'11:37:00');
INSERT INTO "customer_purchases" VALUES (16,4,'2023-09-19',4,10,0.45,'16:59:00');
INSERT INTO "customer_purchases" VALUES (16,4,'2023-09-19',17,2,0.5,'16:42:00');
INSERT INTO "customer_purchases" VALUES (16,4,'2023-09-19',17,4,0.5,'16:57:00');
INSERT INTO "customer_purchases" VALUES (16,4,'2023-09-22',11,6,0.5,'11:25:00');
INSERT INTO "customer_purchases" VALUES (16,4,'2023-09-22',16,10,0.5,'9:06:00');
INSERT INTO "customer_purchases" VALUES (16,4,'2023-09-26',1,4,0.5,'17:19:00');
INSERT INTO "customer_purchases" VALUES (16,4,'2023-09-26',10,20,0.4,'18:29:00');
INSERT INTO "customer_purchases" VALUES (16,4,'2023-09-26',12,8,0.45,'16:54:00');
INSERT INTO "customer_purchases" VALUES (16,4,'2023-09-26',14,5,0.5,'17:52:00');
INSERT INTO "customer_purchases" VALUES (16,4,'2023-09-26',14,4,0.5,'18:37:00');
INSERT INTO "customer_purchases" VALUES (16,4,'2023-09-29',3,2,0.5,'8:50:00');
INSERT INTO "customer_purchases" VALUES (16,4,'2023-09-29',4,10,0.45,'11:54:00');
INSERT INTO "customer_purchases" VALUES (16,4,'2023-09-29',5,1,0.5,'10:48:00');
INSERT INTO "customer_purchases" VALUES (16,4,'2023-09-29',6,1,0.5,'13:39:00');
INSERT INTO "customer_purchases" VALUES (16,4,'2023-09-29',8,3,0.5,'11:37:00');
INSERT INTO "customer_purchases" VALUES (16,4,'2023-09-29',15,2,0.5,'9:55:00');
INSERT INTO "customer_purchases" VALUES (16,4,'2023-09-29',24,4,0.5,'11:10:00');
INSERT INTO "customer_purchases" VALUES (16,4,'2023-10-03',4,8,0.45,'18:45:00');
INSERT INTO "customer_purchases" VALUES (16,4,'2023-10-03',4,2,0.5,'18:48:00');
INSERT INTO "customer_purchases" VALUES (16,4,'2023-10-03',11,1,0.5,'16:30:00');
INSERT INTO "customer_purchases" VALUES (16,4,'2023-10-03',16,5,0.5,'18:25:00');
INSERT INTO "customer_purchases" VALUES (16,4,'2023-10-03',18,6,0.5,'18:28:00');
INSERT INTO "customer_purchases" VALUES (16,4,'2023-10-03',18,4,0.5,'18:50:00');
INSERT INTO "market_date_info" VALUES ('2022-03-04','Saturday','10','2022','8:00 AM','2:00 PM',NULL,'Spring','34','42',0,0);
INSERT INTO "market_date_info" VALUES ('2022-03-11','Saturday','11','2022','9:00 AM','2:00 PM',NULL,'Spring','28','32',0,1);
INSERT INTO "market_date_info" VALUES ('2022-03-15','Wednesday','12','2022','4:00 PM','7:00 PM',NULL,'Spring','52','60',0,0);
INSERT INTO "market_date_info" VALUES ('2022-03-18','Saturday','12','2022','8:00 AM','2:00 PM',NULL,'Spring','33','45',0,0);
INSERT INTO "market_date_info" VALUES ('2022-03-22','Wednesday','13','2022','4:00 PM','7:00 PM',NULL,'Spring','43','51',1,0);
INSERT INTO "market_date_info" VALUES ('2022-03-25','Saturday','13','2022','8:00 AM','2:00 PM',NULL,'Spring','40','46',1,0);
INSERT INTO "market_date_info" VALUES ('2022-03-29','Wednesday','14','2022','4:00 PM','7:00 PM',NULL,'Spring','55','62',0,0);
INSERT INTO "market_date_info" VALUES ('2022-04-01','Saturday','14','2022','8:00 AM','2:00 PM',NULL,'Spring','39','55',1,0);
INSERT INTO "market_date_info" VALUES ('2022-04-05','Wednesday','15','2022','4:00 PM','7:00 PM',NULL,'Spring','33','47',0,0);
INSERT INTO "market_date_info" VALUES ('2022-04-08','Saturday','15','2022','8:00 AM','2:00 PM',NULL,'Spring','50','65',0,0);
INSERT INTO "market_date_info" VALUES ('2022-04-12','Wednesday','16','2022','4:00 PM','7:00 PM',NULL,'Spring','57','65',0,0);
INSERT INTO "market_date_info" VALUES ('2022-04-15','Saturday','16','2022','8:00 AM','2:00 PM',NULL,'Spring','48','55',0,0);
INSERT INTO "market_date_info" VALUES ('2022-04-19','Wednesday','17','2022','4:00 PM','7:00 PM',NULL,'Spring','50','58',0,0);
INSERT INTO "market_date_info" VALUES ('2022-04-22','Saturday','17','2022','8:00 AM','2:00 PM',NULL,'Spring','49','60',0,0);
INSERT INTO "market_date_info" VALUES ('2022-04-26','Wednesday','18','2022','4:00 PM','7:00 PM',NULL,'Spring','51','59',0,0);
INSERT INTO "market_date_info" VALUES ('2022-04-29','Saturday','18','2022','8:00 AM','2:00 PM',NULL,'Spring','51','68',0,0);
INSERT INTO "market_date_info" VALUES ('2022-05-03','Wednesday','19','2022','4:00 PM','7:00 PM',NULL,'Spring','53','59',0,0);
INSERT INTO "market_date_info" VALUES ('2022-05-06','Saturday','19','2022','8:00 AM','2:00 PM',NULL,'Spring','54','64',0,0);
INSERT INTO "market_date_info" VALUES ('2022-05-10','Wednesday','20','2022','4:00 PM','7:00 PM',NULL,'Spring',NULL,NULL,0,0);
INSERT INTO "market_date_info" VALUES ('2022-05-13','Saturday','20','2022','8:00 AM','2:00 PM',NULL,'Spring',NULL,NULL,0,0);
INSERT INTO "market_date_info" VALUES ('2022-05-17','Wednesday','21','2022','4:00 PM','7:00 PM',NULL,'Spring',NULL,NULL,0,0);
INSERT INTO "market_date_info" VALUES ('2022-05-20','Saturday','21','2022','8:00 AM','2:00 PM',NULL,'Spring',NULL,NULL,0,0);
INSERT INTO "market_date_info" VALUES ('2022-05-24','Wednesday','22','2022','4:00 PM','7:00 PM',NULL,'Spring',NULL,NULL,0,0);
INSERT INTO "market_date_info" VALUES ('2022-05-27','Saturday','22','2022','8:00 AM','2:00 PM',NULL,'Spring',NULL,NULL,0,0);
INSERT INTO "market_date_info" VALUES ('2022-05-31','Wednesday','23','2022','4:00 PM','7:00 PM',NULL,'Spring',NULL,NULL,0,0);
INSERT INTO "market_date_info" VALUES ('2022-06-03','Saturday','23','2022','8:00 AM','2:00 PM',NULL,'Summer/Early Fall','49','69',0,0);
INSERT INTO "market_date_info" VALUES ('2022-06-07','Wednesday','24','2022','4:00 PM','7:00 PM',NULL,'Summer/Early Fall','71','82',0,0);
INSERT INTO "market_date_info" VALUES ('2022-06-10','Saturday','24','2022','8:00 AM','2:00 PM',NULL,'Summer/Early Fall','57','76',0,0);
INSERT INTO "market_date_info" VALUES ('2022-06-14','Wednesday','25','2022','4:00 PM','7:00 PM',NULL,'Summer/Early Fall','73','82',0,0);
INSERT INTO "market_date_info" VALUES ('2022-06-17','Saturday','25','2022','8:00 AM','2:00 PM',NULL,'Summer/Early Fall','56','64',0,0);
INSERT INTO "market_date_info" VALUES ('2022-06-21','Wednesday','26','2022','4:00 PM','7:00 PM',NULL,'Summer/Early Fall','68','76',0,0);
INSERT INTO "market_date_info" VALUES ('2022-06-24','Saturday','26','2022','8:00 AM','2:00 PM',NULL,'Summer/Early Fall','65','80',0,0);
INSERT INTO "market_date_info" VALUES ('2022-06-28','Wednesday','27','2022','4:00 PM','7:00 PM',NULL,'Summer/Early Fall','74','85',0,0);
INSERT INTO "market_date_info" VALUES ('2022-07-01','Saturday','27','2022','8:00 AM','2:00 PM',NULL,'Summer/Early Fall','72','79',0,0);
INSERT INTO "market_date_info" VALUES ('2022-07-05','Wednesday','28','2022','4:00 PM','7:00 PM',NULL,'Summer/Early Fall','70','89',0,0);
INSERT INTO "market_date_info" VALUES ('2022-07-08','Saturday','28','2022','8:00 AM','2:00 PM',NULL,'Summer/Early Fall','67','78',0,0);
INSERT INTO "market_date_info" VALUES ('2022-07-12','Wednesday','29','2022','4:00 PM','7:00 PM',NULL,'Summer/Early Fall','77','90',0,0);
INSERT INTO "market_date_info" VALUES ('2022-07-15','Saturday','29','2022','8:00 AM','2:00 PM',NULL,'Summer/Early Fall','65','81',0,0);
INSERT INTO "market_date_info" VALUES ('2022-07-19','Wednesday','30','2022','4:00 PM','7:00 PM',NULL,'Summer/Early Fall',NULL,NULL,0,0);
INSERT INTO "market_date_info" VALUES ('2022-07-22','Saturday','30','2022','8:00 AM','2:00 PM',NULL,'Summer/Early Fall',NULL,NULL,0,0);
INSERT INTO "market_date_info" VALUES ('2022-07-26','Wednesday','31','2022','4:00 PM','7:00 PM',NULL,'Summer/Early Fall',NULL,NULL,0,0);
INSERT INTO "market_date_info" VALUES ('2022-07-29','Saturday','31','2022','8:00 AM','2:00 PM',NULL,'Summer/Early Fall',NULL,NULL,0,0);
INSERT INTO "market_date_info" VALUES ('2022-08-02','Wednesday','32','2022','4:00 PM','7:00 PM',NULL,'Summer/Early Fall',NULL,NULL,1,0);
INSERT INTO "market_date_info" VALUES ('2022-08-05','Saturday','32','2022','8:00 AM','2:00 PM',NULL,'Summer/Early Fall',NULL,NULL,0,0);
INSERT INTO "market_date_info" VALUES ('2022-08-09','Wednesday','33','2022','4:00 PM','7:00 PM',NULL,'Summer/Early Fall',NULL,NULL,0,0);
INSERT INTO "market_date_info" VALUES ('2022-08-12','Saturday','33','2022','8:00 AM','2:00 PM',NULL,'Summer/Early Fall',NULL,NULL,0,0);
INSERT INTO "market_date_info" VALUES ('2022-08-16','Wednesday','34','2022','4:00 PM','7:00 PM',NULL,'Summer/Early Fall',NULL,NULL,0,0);
INSERT INTO "market_date_info" VALUES ('2022-08-19','Saturday','34','2022','8:00 AM','2:00 PM',NULL,'Summer/Early Fall',NULL,NULL,0,0);
INSERT INTO "market_date_info" VALUES ('2022-08-23','Wednesday','35','2022','4:00 PM','7:00 PM',NULL,'Summer/Early Fall',NULL,NULL,0,0);
INSERT INTO "market_date_info" VALUES ('2022-08-26','Saturday','35','2022','8:00 AM','2:00 PM',NULL,'Summer/Early Fall',NULL,NULL,0,0);
INSERT INTO "market_date_info" VALUES ('2022-08-30','Wednesday','36','2022','4:00 PM','7:00 PM',NULL,'Summer/Early Fall',NULL,NULL,0,0);
INSERT INTO "market_date_info" VALUES ('2022-09-02','Saturday','36','2022','8:00 AM','2:00 PM',NULL,'Summer/Early Fall',NULL,NULL,0,0);
INSERT INTO "market_date_info" VALUES ('2022-09-06','Wednesday','37','2022','4:00 PM','7:00 PM',NULL,'Summer/Early Fall',NULL,NULL,0,0);
INSERT INTO "market_date_info" VALUES ('2022-09-09','Saturday','37','2022','8:00 AM','2:00 PM',NULL,'Summer/Early Fall',NULL,NULL,0,0);
INSERT INTO "market_date_info" VALUES ('2022-09-13','Wednesday','38','2022','4:00 PM','7:00 PM',NULL,'Summer/Early Fall',NULL,NULL,0,0);
INSERT INTO "market_date_info" VALUES ('2022-09-16','Saturday','38','2022','8:00 AM','2:00 PM',NULL,'Summer/Early Fall',NULL,NULL,0,0);
INSERT INTO "market_date_info" VALUES ('2022-09-20','Wednesday','39','2022','4:00 PM','7:00 PM',NULL,'Summer/Early Fall',NULL,NULL,0,0);
INSERT INTO "market_date_info" VALUES ('2022-09-23','Saturday','39','2022','8:00 AM','2:00 PM',NULL,'Summer/Early Fall',NULL,NULL,1,0);
INSERT INTO "market_date_info" VALUES ('2022-09-27','Wednesday','40','2022','4:00 PM','7:00 PM',NULL,'Summer/Early Fall',NULL,NULL,0,0);
INSERT INTO "market_date_info" VALUES ('2022-09-30','Saturday','40','2022','8:00 AM','2:00 PM',NULL,'Summer/Early Fall',NULL,NULL,0,0);
INSERT INTO "market_date_info" VALUES ('2022-10-04','Wednesday','41','2022','4:00 PM','7:00 PM',NULL,'Summer/Early Fall',NULL,NULL,0,0);
INSERT INTO "market_date_info" VALUES ('2022-10-07','Saturday','41','2022','8:00 AM','2:00 PM',NULL,'Summer/Early Fall',NULL,NULL,0,0);
INSERT INTO "market_date_info" VALUES ('2022-10-11','Wednesday','42','2022','4:00 PM','7:00 PM',NULL,'Summer/Early Fall',NULL,NULL,0,0);
INSERT INTO "market_date_info" VALUES ('2022-10-14','Saturday','42','2022','8:00 AM','2:00 PM',NULL,'Summer/Early Fall',NULL,NULL,0,0);
INSERT INTO "market_date_info" VALUES ('2022-10-18','Wednesday','43','2022','4:00 PM','7:00 PM',NULL,'Summer/Early Fall',NULL,NULL,0,0);
INSERT INTO "market_date_info" VALUES ('2022-10-21','Saturday','43','2022','8:00 AM','2:00 PM',NULL,'Summer/Early Fall',NULL,NULL,1,0);
INSERT INTO "market_date_info" VALUES ('2022-10-25','Wednesday','44','2022','4:00 PM','7:00 PM',NULL,'Summer/Early Fall',NULL,NULL,0,0);
INSERT INTO "market_date_info" VALUES ('2022-10-28','Saturday','44','2022','8:00 AM','2:00 PM',NULL,'Summer/Early Fall',NULL,NULL,0,0);
INSERT INTO "market_date_info" VALUES ('2022-11-01','Wednesday','45','2022','4:00 PM','7:00 PM',NULL,'Summer/Early Fall',NULL,NULL,0,0);
INSERT INTO "market_date_info" VALUES ('2022-11-04','Saturday','45','2022','8:00 AM','2:00 PM',NULL,'Late Fall/Holiday',NULL,NULL,0,0);
INSERT INTO "market_date_info" VALUES ('2022-11-08','Wednesday','46','2022','4:00 PM','7:00 PM',NULL,'Late Fall/Holiday',NULL,NULL,0,0);
INSERT INTO "market_date_info" VALUES ('2022-11-11','Saturday','46','2022','8:00 AM','2:00 PM',NULL,'Late Fall/Holiday',NULL,NULL,0,0);
INSERT INTO "market_date_info" VALUES ('2022-11-15','Wednesday','47','2022','4:00 PM','7:00 PM',NULL,'Late Fall/Holiday',NULL,NULL,0,0);
INSERT INTO "market_date_info" VALUES ('2022-11-18','Saturday','47','2022','8:00 AM','2:00 PM',NULL,'Late Fall/Holiday',NULL,NULL,0,0);
INSERT INTO "market_date_info" VALUES ('2022-11-22','Wednesday','48','2022','4:00 PM','7:00 PM',NULL,'Late Fall/Holiday',NULL,NULL,0,0);
INSERT INTO "market_date_info" VALUES ('2022-11-25','Saturday','48','2022','8:00 AM','2:00 PM',NULL,'Late Fall/Holiday',NULL,NULL,0,0);
INSERT INTO "market_date_info" VALUES ('2022-11-29','Wednesday','49','2022','4:00 PM','7:00 PM',NULL,'Late Fall/Holiday',NULL,NULL,0,0);
INSERT INTO "market_date_info" VALUES ('2022-12-02','Saturday','49','2022','8:00 AM','2:00 PM',NULL,'Late Fall/Holiday',NULL,NULL,0,0);
INSERT INTO "market_date_info" VALUES ('2022-12-06','Wednesday','50','2022','4:00 PM','7:00 PM',NULL,'Late Fall/Holiday',NULL,NULL,1,0);
INSERT INTO "market_date_info" VALUES ('2022-12-09','Saturday','50','2022','8:00 AM','2:00 PM',NULL,'Late Fall/Holiday',NULL,NULL,0,0);
INSERT INTO "market_date_info" VALUES ('2022-12-13','Wednesday','51','2022','4:00 PM','7:00 PM',NULL,'Late Fall/Holiday',NULL,NULL,1,0);
INSERT INTO "market_date_info" VALUES ('2022-12-16','Saturday','51','2022','8:00 AM','2:00 PM',NULL,'Late Fall/Holiday',NULL,NULL,0,0);
INSERT INTO "market_date_info" VALUES ('2022-12-20','Wednesday','52','2022','4:00 PM','7:00 PM',NULL,'Late Fall/Holiday',NULL,NULL,0,0);
INSERT INTO "market_date_info" VALUES ('2022-12-23','Saturday','52','2022','8:00 AM','2:00 PM',NULL,'Late Fall/Holiday',NULL,NULL,0,0);
INSERT INTO "market_date_info" VALUES ('2022-12-27','Wednesday','53','2022','4:00 PM','7:00 PM',NULL,'Late Fall/Holiday',NULL,NULL,0,0);
INSERT INTO "market_date_info" VALUES ('2022-12-30','Saturday','53','2022','8:00 AM','2:00 PM',NULL,'Late Fall/Holiday',NULL,NULL,0,0);
INSERT INTO "market_date_info" VALUES ('2023-03-07','Wednesday','10','2023','4:00 PM','7:00 PM',NULL,'Spring',NULL,NULL,0,0);
INSERT INTO "market_date_info" VALUES ('2023-03-10','Saturday','10','2023','8:00 AM','2:00 PM',NULL,'Spring',NULL,NULL,0,0);
INSERT INTO "market_date_info" VALUES ('2023-03-14','Wednesday','11','2023','4:00 PM','7:00 PM',NULL,'Spring',NULL,NULL,0,0);
INSERT INTO "market_date_info" VALUES ('2023-03-17','Saturday','11','2023','8:00 AM','2:00 PM',NULL,'Spring',NULL,NULL,0,0);
INSERT INTO "market_date_info" VALUES ('2023-03-21','Wednesday','12','2023','4:00 PM','7:00 PM',NULL,'Spring',NULL,NULL,0,0);
INSERT INTO "market_date_info" VALUES ('2023-03-24','Saturday','12','2023','8:00 AM','2:00 PM',NULL,'Spring',NULL,NULL,0,0);
INSERT INTO "market_date_info" VALUES ('2023-03-28','Wednesday','13','2023','4:00 PM','7:00 PM',NULL,'Spring',NULL,NULL,0,0);
INSERT INTO "market_date_info" VALUES ('2023-03-31','Saturday','13','2023','8:00 AM','2:00 PM',NULL,'Spring',NULL,NULL,0,0);
INSERT INTO "market_date_info" VALUES ('2023-04-04','Wednesday','14','2023','4:00 PM','7:00 PM',NULL,'Spring',NULL,NULL,1,0);
INSERT INTO "market_date_info" VALUES ('2023-04-07','Saturday','14','2023','8:00 AM','2:00 PM',NULL,'Spring',NULL,NULL,0,0);
INSERT INTO "market_date_info" VALUES ('2023-04-11','Wednesday','15','2023','4:00 PM','7:00 PM',NULL,'Spring',NULL,NULL,0,0);
INSERT INTO "market_date_info" VALUES ('2023-04-14','Saturday','15','2023','8:00 AM','2:00 PM',NULL,'Spring',NULL,NULL,0,0);
INSERT INTO "market_date_info" VALUES ('2023-04-18','Wednesday','16','2023','4:00 PM','7:00 PM',NULL,'Spring',NULL,NULL,0,0);
INSERT INTO "market_date_info" VALUES ('2023-04-21','Saturday','16','2023','8:00 AM','2:00 PM',NULL,'Spring',NULL,NULL,1,0);
INSERT INTO "market_date_info" VALUES ('2023-04-25','Wednesday','17','2023','4:00 PM','7:00 PM',NULL,'Spring',NULL,NULL,0,0);
INSERT INTO "market_date_info" VALUES ('2023-04-28','Saturday','17','2023','8:00 AM','2:00 PM',NULL,'Spring',NULL,NULL,0,0);
INSERT INTO "market_date_info" VALUES ('2023-05-02','Wednesday','18','2023','4:00 PM','7:00 PM',NULL,'Spring',NULL,NULL,0,0);
INSERT INTO "market_date_info" VALUES ('2023-05-05','Saturday','18','2023','8:00 AM','2:00 PM',NULL,'Spring',NULL,NULL,0,0);
INSERT INTO "market_date_info" VALUES ('2023-05-09','Wednesday','19','2023','4:00 PM','7:00 PM',NULL,'Spring',NULL,NULL,1,0);
INSERT INTO "market_date_info" VALUES ('2023-05-12','Saturday','19','2023','8:00 AM','2:00 PM',NULL,'Spring',NULL,NULL,1,0);
INSERT INTO "market_date_info" VALUES ('2023-05-16','Wednesday','20','2023','4:00 PM','7:00 PM',NULL,'Spring',NULL,NULL,0,0);
INSERT INTO "market_date_info" VALUES ('2023-05-19','Saturday','20','2023','8:00 AM','2:00 PM',NULL,'Spring',NULL,NULL,0,0);
INSERT INTO "market_date_info" VALUES ('2023-05-23','Wednesday','21','2023','4:00 PM','7:00 PM',NULL,'Spring',NULL,NULL,0,0);
INSERT INTO "market_date_info" VALUES ('2023-05-26','Saturday','21','2023','8:00 AM','2:00 PM',NULL,'Spring',NULL,NULL,1,0);
INSERT INTO "market_date_info" VALUES ('2023-05-30','Wednesday','22','2023','4:00 PM','7:00 PM',NULL,'Spring',NULL,NULL,1,0);
INSERT INTO "market_date_info" VALUES ('2023-06-02','Saturday','22','2023','8:00 AM','2:00 PM',NULL,'Spring',NULL,NULL,0,0);
INSERT INTO "market_date_info" VALUES ('2023-06-06','Wednesday','23','2023','4:00 PM','7:00 PM',NULL,'Summer/Early Fall',NULL,NULL,0,0);
INSERT INTO "market_date_info" VALUES ('2023-06-09','Saturday','23','2023','8:00 AM','2:00 PM',NULL,'Summer/Early Fall',NULL,NULL,0,0);
INSERT INTO "market_date_info" VALUES ('2023-06-13','Wednesday','24','2023','4:00 PM','7:00 PM',NULL,'Summer/Early Fall',NULL,NULL,0,0);
INSERT INTO "market_date_info" VALUES ('2023-06-16','Saturday','24','2023','8:00 AM','2:00 PM',NULL,'Summer/Early Fall',NULL,NULL,0,0);
INSERT INTO "market_date_info" VALUES ('2023-06-20','Wednesday','25','2023','4:00 PM','7:00 PM',NULL,'Summer/Early Fall',NULL,NULL,0,0);
INSERT INTO "market_date_info" VALUES ('2023-06-23','Saturday','25','2023','8:00 AM','2:00 PM',NULL,'Summer/Early Fall',NULL,NULL,0,0);
INSERT INTO "market_date_info" VALUES ('2023-06-27','Wednesday','26','2023','4:00 PM','7:00 PM',NULL,'Summer/Early Fall',NULL,NULL,0,0);
INSERT INTO "market_date_info" VALUES ('2023-06-30','Saturday','26','2023','8:00 AM','2:00 PM',NULL,'Summer/Early Fall',NULL,NULL,0,0);
INSERT INTO "market_date_info" VALUES ('2023-07-04','Wednesday','27','2023','4:00 PM','7:00 PM',NULL,'Summer/Early Fall',NULL,NULL,0,0);
INSERT INTO "market_date_info" VALUES ('2023-07-07','Saturday','27','2023','8:00 AM','2:00 PM',NULL,'Summer/Early Fall',NULL,NULL,0,0);
INSERT INTO "market_date_info" VALUES ('2023-07-11','Wednesday','28','2023','4:00 PM','7:00 PM',NULL,'Summer/Early Fall',NULL,NULL,1,0);
INSERT INTO "market_date_info" VALUES ('2023-07-14','Saturday','28','2023','8:00 AM','2:00 PM',NULL,'Summer/Early Fall',NULL,NULL,1,0);
INSERT INTO "market_date_info" VALUES ('2023-07-18','Wednesday','29','2023','4:00 PM','7:00 PM',NULL,'Summer/Early Fall',NULL,NULL,0,0);
INSERT INTO "market_date_info" VALUES ('2023-07-21','Saturday','29','2023','8:00 AM','2:00 PM',NULL,'Summer/Early Fall',NULL,NULL,0,0);
INSERT INTO "market_date_info" VALUES ('2023-07-25','Wednesday','30','2023','4:00 PM','7:00 PM',NULL,'Summer/Early Fall',NULL,NULL,0,0);
INSERT INTO "market_date_info" VALUES ('2023-07-28','Saturday','30','2023','8:00 AM','2:00 PM',NULL,'Summer/Early Fall',NULL,NULL,0,0);
INSERT INTO "market_date_info" VALUES ('2023-08-01','Wednesday','31','2023','4:00 PM','7:00 PM',NULL,'Summer/Early Fall',NULL,NULL,0,0);
INSERT INTO "market_date_info" VALUES ('2023-08-04','Saturday','31','2023','8:00 AM','2:00 PM',NULL,'Summer/Early Fall',NULL,NULL,0,0);
INSERT INTO "market_date_info" VALUES ('2023-08-08','Wednesday','32','2023','4:00 PM','7:00 PM',NULL,'Summer/Early Fall',NULL,NULL,0,0);
INSERT INTO "market_date_info" VALUES ('2023-08-11','Saturday','32','2023','8:00 AM','2:00 PM',NULL,'Summer/Early Fall',NULL,NULL,0,0);
INSERT INTO "market_date_info" VALUES ('2023-08-15','Wednesday','33','2023','4:00 PM','7:00 PM',NULL,'Summer/Early Fall',NULL,NULL,0,0);
INSERT INTO "market_date_info" VALUES ('2023-08-18','Saturday','33','2023','8:00 AM','2:00 PM',NULL,'Summer/Early Fall',NULL,NULL,0,0);
INSERT INTO "market_date_info" VALUES ('2023-08-22','Wednesday','34','2023','4:00 PM','7:00 PM',NULL,'Summer/Early Fall',NULL,NULL,0,0);
INSERT INTO "market_date_info" VALUES ('2023-08-25','Saturday','34','2023','8:00 AM','2:00 PM',NULL,'Summer/Early Fall',NULL,NULL,0,0);
INSERT INTO "market_date_info" VALUES ('2023-08-29','Wednesday','35','2023','4:00 PM','7:00 PM',NULL,'Summer/Early Fall',NULL,NULL,0,0);
INSERT INTO "market_date_info" VALUES ('2023-09-01','Saturday','35','2023','8:00 AM','2:00 PM',NULL,'Summer/Early Fall',NULL,NULL,0,0);
INSERT INTO "market_date_info" VALUES ('2023-09-05','Wednesday','36','2023','4:00 PM','7:00 PM',NULL,'Summer/Early Fall',NULL,NULL,0,0);
INSERT INTO "market_date_info" VALUES ('2023-09-08','Saturday','36','2023','8:00 AM','2:00 PM',NULL,'Summer/Early Fall',NULL,NULL,0,0);
INSERT INTO "market_date_info" VALUES ('2023-09-12','Wednesday','37','2023','4:00 PM','7:00 PM',NULL,'Summer/Early Fall',NULL,NULL,0,0);
INSERT INTO "market_date_info" VALUES ('2023-09-15','Saturday','37','2023','8:00 AM','2:00 PM',NULL,'Summer/Early Fall',NULL,NULL,0,0);
INSERT INTO "market_date_info" VALUES ('2023-09-19','Wednesday','38','2023','4:00 PM','7:00 PM',NULL,'Summer/Early Fall',NULL,NULL,0,0);
INSERT INTO "market_date_info" VALUES ('2023-09-22','Saturday','38','2023','8:00 AM','2:00 PM',NULL,'Summer/Early Fall',NULL,NULL,0,0);
INSERT INTO "market_date_info" VALUES ('2023-09-26','Wednesday','39','2023','4:00 PM','7:00 PM',NULL,'Summer/Early Fall',NULL,NULL,0,0);
INSERT INTO "market_date_info" VALUES ('2023-09-29','Saturday','39','2023','8:00 AM','2:00 PM',NULL,'Summer/Early Fall',NULL,NULL,0,0);
INSERT INTO "market_date_info" VALUES ('2023-10-03','Wednesday','40','2023','4:00 PM','7:00 PM',NULL,'Summer/Early Fall',NULL,NULL,1,0);
INSERT INTO "market_date_info" VALUES ('2023-10-06','Saturday','40','2023','8:00 AM','2:00 PM',NULL,'Summer/Early Fall',NULL,NULL,0,0);
INSERT INTO "market_date_info" VALUES ('2023-10-10','Wednesday','41','2023','4:00 PM','7:00 PM',NULL,'Summer/Early Fall',NULL,NULL,0,0);
INSERT INTO "market_date_info" VALUES ('2023-10-13','Saturday','41','2023','8:00 AM','2:00 PM',NULL,'Summer/Early Fall',NULL,NULL,0,0);
INSERT INTO "postal_data" VALUES ('M1L','Toronto','Scarborough',35833,78000,0.174,0.14,17600,30,10,55,825,1105,375,1755,1165,625,1280,400,1625,75,1000,1055,2280,255,1385,695,765,43.7133657,-79.3065764);
INSERT INTO "postal_data" VALUES ('M8Y','Toronto','Etobicoke',21986,91000,0.15,0.153,13010,35,30,75,1080,715,625,1240,505,615,1085,370,1705,75,645,925,1255,225,460,435,535,43.6320267,-79.5134919);
INSERT INTO "postal_data" VALUES ('M3H','Toronto','North York',38416,92000,0.156,0.159,21540,30,15,50,1330,1560,790,1980,770,515,1460,695,2585,95,1095,1735,2735,345,995,1365,730,43.7591215,-79.4832567);
INSERT INTO "postal_data" VALUES ('M4H','Toronto','East York',18698,64500,0.25,0.126,7330,10,0,15,400,400,240,895,880,165,365,195,605,35,610,330,655,65,455,345,200,43.7026356,-79.3612822);
INSERT INTO "postal_data" VALUES ('M6C','Toronto','York',23997,91000,0.16,0.175,13870,20,10,55,630,570,305,1150,365,650,950,430,2265,100,605,1535,1660,420,660,610,565,43.6919651,-79.4407161);
INSERT INTO "postal_data" VALUES ('M4M','Toronto','Old Toronto',25052,99000,0.135,0.127,15530,40,25,60,525,640,420,1275,405,1150,1425,405,2940,145,485,1085,1325,625,905,615,665,43.6430922,-79.3762078);
INSERT INTO "product" VALUES (1,'Habanero Peppers - Organic','medium',1,'lbs');
INSERT INTO "product" VALUES (2,'Jalapeno Peppers - Organic','small',1,'lbs');
INSERT INTO "product" VALUES (3,'Poblano Peppers - Organic','large',1,'unit');
INSERT INTO "product" VALUES (4,'Banana Peppers - Jar','8 oz',3,'unit');
INSERT INTO "product" VALUES (5,'Whole Wheat Bread','1.5 lbs',3,'unit');
INSERT INTO "product" VALUES (6,'Cut Zinnias Bouquet','medium',5,'unit');
INSERT INTO "product" VALUES (7,'Apple Pie','10"',3,'unit');
INSERT INTO "product" VALUES (9,'Sweet Potatoes','medium',1,'lbs');
INSERT INTO "product" VALUES (10,'Eggs','1 dozen',6,'unit');
INSERT INTO "product" VALUES (11,'Pork Chops','1 lb',6,'lbs');
INSERT INTO "product" VALUES (12,'Baby Salad Lettuce Mix - Bag','1/2 lb',1,'unit');
INSERT INTO "product" VALUES (13,'Baby Salad Lettuce Mix','1 lb',1,'lbs');
INSERT INTO "product" VALUES (14,'Red Potatoes',NULL,1,NULL);
INSERT INTO "product" VALUES (15,'Red Potatoes - Small','',1,NULL);
INSERT INTO "product" VALUES (16,'Sweet Corn','Ear',1,'unit');
INSERT INTO "product" VALUES (17,'Carrots','sold by weight',1,'lbs');
INSERT INTO "product" VALUES (18,'Carrots - Organic','bunch',1,'unit');
INSERT INTO "product" VALUES (19,'Farmer''s Market Resuable Shopping Bag','medium',7,'unit');
INSERT INTO "product" VALUES (20,'Homemade Beeswax Candles','6"',7,'unit');
INSERT INTO "product" VALUES (21,'Organic Cherry Tomatoes','pint',1,'unit');
INSERT INTO "product" VALUES (22,'Roma Tomatoes','medium',1,'lbs');
INSERT INTO "product" VALUES (23,'Maple Syrup - Jar','8 oz',2,'unit');
INSERT INTO "product" VALUES (8,'Cherry Pie','10"',3,'unit');
INSERT INTO "product_category" VALUES (1,'Fresh Fruits & Vegetables');
INSERT INTO "product_category" VALUES (2,'Packaged Pantry Goods');
INSERT INTO "product_category" VALUES (3,'Packaged Prepared Food');
INSERT INTO "product_category" VALUES (4,'Freshly Prepared Food');
INSERT INTO "product_category" VALUES (5,'Plants & Flowers');
INSERT INTO "product_category" VALUES (6,'Eggs & Meat (Fresh or Frozen)');
INSERT INTO "product_category" VALUES (7,'Non-Edible Products');
INSERT INTO "vendor" VALUES (1,'Chris''s Sustainable Eggs & Meats','Eggs & Meats','Chris','Sylvan');
INSERT INTO "vendor" VALUES (2,'Hernández Salsa & Veggies','Fresh Variety: Veggies & More','Maria','Hernández');
INSERT INTO "vendor" VALUES (3,'Mountain View Vegetables','Fresh Variety: Veggies & More','Joseph','Yoder');
INSERT INTO "vendor" VALUES (4,'Fields of Corn','Fresh Focused','Samuel','Smith');
INSERT INTO "vendor" VALUES (5,'Seashell Clay Shop','Arts & Jewelry','Karen','Soula');
INSERT INTO "vendor" VALUES (6,'Mother''s Garlic & Greens','Fresh Variety: Veggies & More','Vera','Gordon');
INSERT INTO "vendor" VALUES (7,'Marco''s Peppers','Fresh Focused','Marco','Bokashi');
INSERT INTO "vendor" VALUES (8,'Annie''s Pies','Prepared Foods','Annie','Aquinas');
INSERT INTO "vendor" VALUES (9,'Mediterranean Bakery','Prepared Foods','Kani','Hardi');
INSERT INTO "vendor_booth_assignments" VALUES (1,2,'2022-04-05');
INSERT INTO "vendor_booth_assignments" VALUES (3,1,'2022-04-05');
INSERT INTO "vendor_booth_assignments" VALUES (4,7,'2022-04-05');
INSERT INTO "vendor_booth_assignments" VALUES (7,11,'2022-04-05');
INSERT INTO "vendor_booth_assignments" VALUES (8,6,'2022-04-05');
INSERT INTO "vendor_booth_assignments" VALUES (9,8,'2022-04-05');
INSERT INTO "vendor_booth_assignments" VALUES (1,2,'2022-04-08');
INSERT INTO "vendor_booth_assignments" VALUES (3,1,'2022-04-08');
INSERT INTO "vendor_booth_assignments" VALUES (4,7,'2022-04-08');
INSERT INTO "vendor_booth_assignments" VALUES (7,11,'2022-04-08');
INSERT INTO "vendor_booth_assignments" VALUES (8,6,'2022-04-08');
INSERT INTO "vendor_booth_assignments" VALUES (9,8,'2022-04-08');
INSERT INTO "vendor_booth_assignments" VALUES (1,7,'2022-04-12');
INSERT INTO "vendor_booth_assignments" VALUES (3,1,'2022-04-12');
INSERT INTO "vendor_booth_assignments" VALUES (4,2,'2022-04-12');
INSERT INTO "vendor_booth_assignments" VALUES (7,11,'2022-04-12');
INSERT INTO "vendor_booth_assignments" VALUES (8,6,'2022-04-12');
INSERT INTO "vendor_booth_assignments" VALUES (9,8,'2022-04-12');
INSERT INTO "vendor_booth_assignments" VALUES (1,2,'2022-04-15');
INSERT INTO "vendor_booth_assignments" VALUES (3,1,'2022-04-15');
INSERT INTO "vendor_booth_assignments" VALUES (4,7,'2022-04-15');
INSERT INTO "vendor_booth_assignments" VALUES (7,11,'2022-04-15');
INSERT INTO "vendor_booth_assignments" VALUES (8,6,'2022-04-15');
INSERT INTO "vendor_booth_assignments" VALUES (9,8,'2022-04-15');
INSERT INTO "vendor_booth_assignments" VALUES (1,2,'2022-04-19');
INSERT INTO "vendor_booth_assignments" VALUES (3,1,'2022-04-19');
INSERT INTO "vendor_booth_assignments" VALUES (4,7,'2022-04-19');
INSERT INTO "vendor_booth_assignments" VALUES (7,11,'2022-04-19');
INSERT INTO "vendor_booth_assignments" VALUES (8,6,'2022-04-19');
INSERT INTO "vendor_booth_assignments" VALUES (9,8,'2022-04-19');
INSERT INTO "vendor_booth_assignments" VALUES (1,2,'2022-04-22');
INSERT INTO "vendor_booth_assignments" VALUES (3,1,'2022-04-22');
INSERT INTO "vendor_booth_assignments" VALUES (4,7,'2022-04-22');
INSERT INTO "vendor_booth_assignments" VALUES (7,11,'2022-04-22');
INSERT INTO "vendor_booth_assignments" VALUES (8,6,'2022-04-22');
INSERT INTO "vendor_booth_assignments" VALUES (9,8,'2022-04-22');
INSERT INTO "vendor_booth_assignments" VALUES (1,2,'2022-04-26');
INSERT INTO "vendor_booth_assignments" VALUES (3,1,'2022-04-26');
INSERT INTO "vendor_booth_assignments" VALUES (4,7,'2022-04-26');
INSERT INTO "vendor_booth_assignments" VALUES (7,11,'2022-04-26');
INSERT INTO "vendor_booth_assignments" VALUES (8,6,'2022-04-26');
INSERT INTO "vendor_booth_assignments" VALUES (9,8,'2022-04-26');
INSERT INTO "vendor_booth_assignments" VALUES (1,2,'2022-04-29');
INSERT INTO "vendor_booth_assignments" VALUES (3,1,'2022-04-29');
INSERT INTO "vendor_booth_assignments" VALUES (4,7,'2022-04-29');
INSERT INTO "vendor_booth_assignments" VALUES (7,11,'2022-04-29');
INSERT INTO "vendor_booth_assignments" VALUES (8,6,'2022-04-29');
INSERT INTO "vendor_booth_assignments" VALUES (9,8,'2022-04-29');
INSERT INTO "vendor_booth_assignments" VALUES (1,2,'2022-05-03');
INSERT INTO "vendor_booth_assignments" VALUES (3,1,'2022-05-03');
INSERT INTO "vendor_booth_assignments" VALUES (4,7,'2022-05-03');
INSERT INTO "vendor_booth_assignments" VALUES (7,11,'2022-05-03');
INSERT INTO "vendor_booth_assignments" VALUES (8,6,'2022-05-03');
INSERT INTO "vendor_booth_assignments" VALUES (9,8,'2022-05-03');
INSERT INTO "vendor_booth_assignments" VALUES (1,2,'2022-05-06');
INSERT INTO "vendor_booth_assignments" VALUES (3,1,'2022-05-06');
INSERT INTO "vendor_booth_assignments" VALUES (4,7,'2022-05-06');
INSERT INTO "vendor_booth_assignments" VALUES (7,11,'2022-05-06');
INSERT INTO "vendor_booth_assignments" VALUES (8,6,'2022-05-06');
INSERT INTO "vendor_booth_assignments" VALUES (9,8,'2022-05-06');
INSERT INTO "vendor_booth_assignments" VALUES (1,2,'2022-05-10');
INSERT INTO "vendor_booth_assignments" VALUES (3,1,'2022-05-10');
INSERT INTO "vendor_booth_assignments" VALUES (4,7,'2022-05-10');
INSERT INTO "vendor_booth_assignments" VALUES (7,11,'2022-05-10');
INSERT INTO "vendor_booth_assignments" VALUES (8,6,'2022-05-10');
INSERT INTO "vendor_booth_assignments" VALUES (9,8,'2022-05-10');
INSERT INTO "vendor_booth_assignments" VALUES (1,2,'2022-05-13');
INSERT INTO "vendor_booth_assignments" VALUES (3,1,'2022-05-13');
INSERT INTO "vendor_booth_assignments" VALUES (4,7,'2022-05-13');
INSERT INTO "vendor_booth_assignments" VALUES (7,11,'2022-05-13');
INSERT INTO "vendor_booth_assignments" VALUES (8,6,'2022-05-13');
INSERT INTO "vendor_booth_assignments" VALUES (9,8,'2022-05-13');
INSERT INTO "vendor_booth_assignments" VALUES (1,2,'2022-05-17');
INSERT INTO "vendor_booth_assignments" VALUES (3,1,'2022-05-17');
INSERT INTO "vendor_booth_assignments" VALUES (4,7,'2022-05-17');
INSERT INTO "vendor_booth_assignments" VALUES (7,11,'2022-05-17');
INSERT INTO "vendor_booth_assignments" VALUES (8,6,'2022-05-17');
INSERT INTO "vendor_booth_assignments" VALUES (9,8,'2022-05-17');
INSERT INTO "vendor_booth_assignments" VALUES (1,2,'2022-05-20');
INSERT INTO "vendor_booth_assignments" VALUES (3,1,'2022-05-20');
INSERT INTO "vendor_booth_assignments" VALUES (4,7,'2022-05-20');
INSERT INTO "vendor_booth_assignments" VALUES (7,11,'2022-05-20');
INSERT INTO "vendor_booth_assignments" VALUES (8,6,'2022-05-20');
INSERT INTO "vendor_booth_assignments" VALUES (9,8,'2022-05-20');
INSERT INTO "vendor_booth_assignments" VALUES (1,2,'2022-05-24');
INSERT INTO "vendor_booth_assignments" VALUES (3,1,'2022-05-24');
INSERT INTO "vendor_booth_assignments" VALUES (4,7,'2022-05-24');
INSERT INTO "vendor_booth_assignments" VALUES (7,11,'2022-05-24');
INSERT INTO "vendor_booth_assignments" VALUES (8,6,'2022-05-24');
INSERT INTO "vendor_booth_assignments" VALUES (9,8,'2022-05-24');
INSERT INTO "vendor_booth_assignments" VALUES (1,2,'2022-05-27');
INSERT INTO "vendor_booth_assignments" VALUES (3,1,'2022-05-27');
INSERT INTO "vendor_booth_assignments" VALUES (4,7,'2022-05-27');
INSERT INTO "vendor_booth_assignments" VALUES (7,11,'2022-05-27');
INSERT INTO "vendor_booth_assignments" VALUES (8,6,'2022-05-27');
INSERT INTO "vendor_booth_assignments" VALUES (9,8,'2022-05-27');
INSERT INTO "vendor_booth_assignments" VALUES (1,2,'2022-05-31');
INSERT INTO "vendor_booth_assignments" VALUES (3,1,'2022-05-31');
INSERT INTO "vendor_booth_assignments" VALUES (4,7,'2022-05-31');
INSERT INTO "vendor_booth_assignments" VALUES (7,11,'2022-05-31');
INSERT INTO "vendor_booth_assignments" VALUES (8,6,'2022-05-31');
INSERT INTO "vendor_booth_assignments" VALUES (9,8,'2022-05-31');
INSERT INTO "vendor_booth_assignments" VALUES (1,2,'2022-06-03');
INSERT INTO "vendor_booth_assignments" VALUES (3,1,'2022-06-03');
INSERT INTO "vendor_booth_assignments" VALUES (4,7,'2022-06-03');
INSERT INTO "vendor_booth_assignments" VALUES (4,11,'2022-06-03');
INSERT INTO "vendor_booth_assignments" VALUES (7,11,'2022-06-03');
INSERT INTO "vendor_booth_assignments" VALUES (8,6,'2022-06-03');
INSERT INTO "vendor_booth_assignments" VALUES (9,8,'2022-06-03');
INSERT INTO "vendor_booth_assignments" VALUES (1,2,'2022-06-07');
INSERT INTO "vendor_booth_assignments" VALUES (3,1,'2022-06-07');
INSERT INTO "vendor_booth_assignments" VALUES (4,7,'2022-06-07');
INSERT INTO "vendor_booth_assignments" VALUES (4,11,'2022-06-07');
INSERT INTO "vendor_booth_assignments" VALUES (7,11,'2022-06-07');
INSERT INTO "vendor_booth_assignments" VALUES (8,6,'2022-06-07');
INSERT INTO "vendor_booth_assignments" VALUES (9,8,'2022-06-07');
INSERT INTO "vendor_booth_assignments" VALUES (1,2,'2022-06-10');
INSERT INTO "vendor_booth_assignments" VALUES (3,1,'2022-06-10');
INSERT INTO "vendor_booth_assignments" VALUES (4,7,'2022-06-10');
INSERT INTO "vendor_booth_assignments" VALUES (4,11,'2022-06-10');
INSERT INTO "vendor_booth_assignments" VALUES (7,11,'2022-06-10');
INSERT INTO "vendor_booth_assignments" VALUES (8,6,'2022-06-10');
INSERT INTO "vendor_booth_assignments" VALUES (9,8,'2022-06-10');
INSERT INTO "vendor_booth_assignments" VALUES (1,2,'2022-06-14');
INSERT INTO "vendor_booth_assignments" VALUES (3,1,'2022-06-14');
INSERT INTO "vendor_booth_assignments" VALUES (4,7,'2022-06-14');
INSERT INTO "vendor_booth_assignments" VALUES (4,11,'2022-06-14');
INSERT INTO "vendor_booth_assignments" VALUES (7,11,'2022-06-14');
INSERT INTO "vendor_booth_assignments" VALUES (8,6,'2022-06-14');
INSERT INTO "vendor_booth_assignments" VALUES (9,8,'2022-06-14');
INSERT INTO "vendor_booth_assignments" VALUES (1,2,'2022-06-17');
INSERT INTO "vendor_booth_assignments" VALUES (3,1,'2022-06-17');
INSERT INTO "vendor_booth_assignments" VALUES (4,7,'2022-06-17');
INSERT INTO "vendor_booth_assignments" VALUES (4,11,'2022-06-17');
INSERT INTO "vendor_booth_assignments" VALUES (7,11,'2022-06-17');
INSERT INTO "vendor_booth_assignments" VALUES (8,6,'2022-06-17');
INSERT INTO "vendor_booth_assignments" VALUES (9,8,'2022-06-17');
INSERT INTO "vendor_booth_assignments" VALUES (1,2,'2022-06-21');
INSERT INTO "vendor_booth_assignments" VALUES (3,1,'2022-06-21');
INSERT INTO "vendor_booth_assignments" VALUES (4,7,'2022-06-21');
INSERT INTO "vendor_booth_assignments" VALUES (4,11,'2022-06-21');
INSERT INTO "vendor_booth_assignments" VALUES (7,11,'2022-06-21');
INSERT INTO "vendor_booth_assignments" VALUES (8,6,'2022-06-21');
INSERT INTO "vendor_booth_assignments" VALUES (9,8,'2022-06-21');
INSERT INTO "vendor_booth_assignments" VALUES (1,2,'2022-06-24');
INSERT INTO "vendor_booth_assignments" VALUES (3,1,'2022-06-24');
INSERT INTO "vendor_booth_assignments" VALUES (4,7,'2022-06-24');
INSERT INTO "vendor_booth_assignments" VALUES (4,11,'2022-06-24');
INSERT INTO "vendor_booth_assignments" VALUES (7,11,'2022-06-24');
INSERT INTO "vendor_booth_assignments" VALUES (8,6,'2022-06-24');
INSERT INTO "vendor_booth_assignments" VALUES (9,8,'2022-06-24');
INSERT INTO "vendor_booth_assignments" VALUES (1,2,'2022-06-28');
INSERT INTO "vendor_booth_assignments" VALUES (3,1,'2022-06-28');
INSERT INTO "vendor_booth_assignments" VALUES (4,7,'2022-06-28');
INSERT INTO "vendor_booth_assignments" VALUES (4,11,'2022-06-28');
INSERT INTO "vendor_booth_assignments" VALUES (7,11,'2022-06-28');
INSERT INTO "vendor_booth_assignments" VALUES (8,6,'2022-06-28');
INSERT INTO "vendor_booth_assignments" VALUES (9,8,'2022-06-28');
INSERT INTO "vendor_booth_assignments" VALUES (1,2,'2022-07-01');
INSERT INTO "vendor_booth_assignments" VALUES (3,1,'2022-07-01');
INSERT INTO "vendor_booth_assignments" VALUES (4,7,'2022-07-01');
INSERT INTO "vendor_booth_assignments" VALUES (4,11,'2022-07-01');
INSERT INTO "vendor_booth_assignments" VALUES (7,11,'2022-07-01');
INSERT INTO "vendor_booth_assignments" VALUES (8,6,'2022-07-01');
INSERT INTO "vendor_booth_assignments" VALUES (9,8,'2022-07-01');
INSERT INTO "vendor_booth_assignments" VALUES (1,2,'2022-07-05');
INSERT INTO "vendor_booth_assignments" VALUES (3,1,'2022-07-05');
INSERT INTO "vendor_booth_assignments" VALUES (4,7,'2022-07-05');
INSERT INTO "vendor_booth_assignments" VALUES (4,11,'2022-07-05');
INSERT INTO "vendor_booth_assignments" VALUES (7,11,'2022-07-05');
INSERT INTO "vendor_booth_assignments" VALUES (8,10,'2022-07-05');
INSERT INTO "vendor_booth_assignments" VALUES (9,8,'2022-07-05');
INSERT INTO "vendor_booth_assignments" VALUES (1,2,'2022-07-08');
INSERT INTO "vendor_booth_assignments" VALUES (3,1,'2022-07-08');
INSERT INTO "vendor_booth_assignments" VALUES (4,7,'2022-07-08');
INSERT INTO "vendor_booth_assignments" VALUES (4,11,'2022-07-08');
INSERT INTO "vendor_booth_assignments" VALUES (7,11,'2022-07-08');
INSERT INTO "vendor_booth_assignments" VALUES (8,10,'2022-07-08');
INSERT INTO "vendor_booth_assignments" VALUES (9,8,'2022-07-08');
INSERT INTO "vendor_booth_assignments" VALUES (1,2,'2022-07-12');
INSERT INTO "vendor_booth_assignments" VALUES (3,1,'2022-07-12');
INSERT INTO "vendor_booth_assignments" VALUES (4,7,'2022-07-12');
INSERT INTO "vendor_booth_assignments" VALUES (4,11,'2022-07-12');
INSERT INTO "vendor_booth_assignments" VALUES (7,11,'2022-07-12');
INSERT INTO "vendor_booth_assignments" VALUES (8,10,'2022-07-12');
INSERT INTO "vendor_booth_assignments" VALUES (9,8,'2022-07-12');
INSERT INTO "vendor_booth_assignments" VALUES (1,2,'2022-07-15');
INSERT INTO "vendor_booth_assignments" VALUES (3,1,'2022-07-15');
INSERT INTO "vendor_booth_assignments" VALUES (4,7,'2022-07-15');
INSERT INTO "vendor_booth_assignments" VALUES (4,11,'2022-07-15');
INSERT INTO "vendor_booth_assignments" VALUES (7,11,'2022-07-15');
INSERT INTO "vendor_booth_assignments" VALUES (8,10,'2022-07-15');
INSERT INTO "vendor_booth_assignments" VALUES (9,8,'2022-07-15');
INSERT INTO "vendor_booth_assignments" VALUES (1,2,'2022-07-19');
INSERT INTO "vendor_booth_assignments" VALUES (3,1,'2022-07-19');
INSERT INTO "vendor_booth_assignments" VALUES (4,7,'2022-07-19');
INSERT INTO "vendor_booth_assignments" VALUES (4,11,'2022-07-19');
INSERT INTO "vendor_booth_assignments" VALUES (7,11,'2022-07-19');
INSERT INTO "vendor_booth_assignments" VALUES (8,10,'2022-07-19');
INSERT INTO "vendor_booth_assignments" VALUES (9,8,'2022-07-19');
INSERT INTO "vendor_booth_assignments" VALUES (1,2,'2022-07-22');
INSERT INTO "vendor_booth_assignments" VALUES (3,1,'2022-07-22');
INSERT INTO "vendor_booth_assignments" VALUES (4,7,'2022-07-22');
INSERT INTO "vendor_booth_assignments" VALUES (4,11,'2022-07-22');
INSERT INTO "vendor_booth_assignments" VALUES (7,11,'2022-07-22');
INSERT INTO "vendor_booth_assignments" VALUES (8,10,'2022-07-22');
INSERT INTO "vendor_booth_assignments" VALUES (9,8,'2022-07-22');
INSERT INTO "vendor_booth_assignments" VALUES (1,2,'2022-07-26');
INSERT INTO "vendor_booth_assignments" VALUES (3,1,'2022-07-26');
INSERT INTO "vendor_booth_assignments" VALUES (4,7,'2022-07-26');
INSERT INTO "vendor_booth_assignments" VALUES (4,11,'2022-07-26');
INSERT INTO "vendor_booth_assignments" VALUES (7,11,'2022-07-26');
INSERT INTO "vendor_booth_assignments" VALUES (8,10,'2022-07-26');
INSERT INTO "vendor_booth_assignments" VALUES (9,8,'2022-07-26');
INSERT INTO "vendor_booth_assignments" VALUES (1,2,'2022-07-29');
INSERT INTO "vendor_booth_assignments" VALUES (3,1,'2022-07-29');
INSERT INTO "vendor_booth_assignments" VALUES (4,7,'2022-07-29');
INSERT INTO "vendor_booth_assignments" VALUES (4,11,'2022-07-29');
INSERT INTO "vendor_booth_assignments" VALUES (7,11,'2022-07-29');
INSERT INTO "vendor_booth_assignments" VALUES (8,10,'2022-07-29');
INSERT INTO "vendor_booth_assignments" VALUES (9,8,'2022-07-29');
INSERT INTO "vendor_booth_assignments" VALUES (1,2,'2022-08-02');
INSERT INTO "vendor_booth_assignments" VALUES (3,1,'2022-08-02');
INSERT INTO "vendor_booth_assignments" VALUES (4,7,'2022-08-02');
INSERT INTO "vendor_booth_assignments" VALUES (4,11,'2022-08-02');
INSERT INTO "vendor_booth_assignments" VALUES (7,11,'2022-08-02');
INSERT INTO "vendor_booth_assignments" VALUES (8,10,'2022-08-02');
INSERT INTO "vendor_booth_assignments" VALUES (9,8,'2022-08-02');
INSERT INTO "vendor_booth_assignments" VALUES (1,2,'2022-08-05');
INSERT INTO "vendor_booth_assignments" VALUES (3,1,'2022-08-05');
INSERT INTO "vendor_booth_assignments" VALUES (4,7,'2022-08-05');
INSERT INTO "vendor_booth_assignments" VALUES (4,11,'2022-08-05');
INSERT INTO "vendor_booth_assignments" VALUES (7,11,'2022-08-05');
INSERT INTO "vendor_booth_assignments" VALUES (8,10,'2022-08-05');
INSERT INTO "vendor_booth_assignments" VALUES (9,8,'2022-08-05');
INSERT INTO "vendor_booth_assignments" VALUES (1,2,'2022-08-09');
INSERT INTO "vendor_booth_assignments" VALUES (3,1,'2022-08-09');
INSERT INTO "vendor_booth_assignments" VALUES (4,7,'2022-08-09');
INSERT INTO "vendor_booth_assignments" VALUES (4,11,'2022-08-09');
INSERT INTO "vendor_booth_assignments" VALUES (7,11,'2022-08-09');
INSERT INTO "vendor_booth_assignments" VALUES (8,10,'2022-08-09');
INSERT INTO "vendor_booth_assignments" VALUES (9,8,'2022-08-09');
INSERT INTO "vendor_booth_assignments" VALUES (1,2,'2022-08-12');
INSERT INTO "vendor_booth_assignments" VALUES (3,1,'2022-08-12');
INSERT INTO "vendor_booth_assignments" VALUES (4,7,'2022-08-12');
INSERT INTO "vendor_booth_assignments" VALUES (4,11,'2022-08-12');
INSERT INTO "vendor_booth_assignments" VALUES (7,11,'2022-08-12');
INSERT INTO "vendor_booth_assignments" VALUES (8,10,'2022-08-12');
INSERT INTO "vendor_booth_assignments" VALUES (9,8,'2022-08-12');
INSERT INTO "vendor_booth_assignments" VALUES (1,2,'2022-08-16');
INSERT INTO "vendor_booth_assignments" VALUES (3,1,'2022-08-16');
INSERT INTO "vendor_booth_assignments" VALUES (4,7,'2022-08-16');
INSERT INTO "vendor_booth_assignments" VALUES (4,11,'2022-08-16');
INSERT INTO "vendor_booth_assignments" VALUES (7,11,'2022-08-16');
INSERT INTO "vendor_booth_assignments" VALUES (8,10,'2022-08-16');
INSERT INTO "vendor_booth_assignments" VALUES (9,8,'2022-08-16');
INSERT INTO "vendor_booth_assignments" VALUES (1,2,'2022-08-19');
INSERT INTO "vendor_booth_assignments" VALUES (3,1,'2022-08-19');
INSERT INTO "vendor_booth_assignments" VALUES (4,7,'2022-08-19');
INSERT INTO "vendor_booth_assignments" VALUES (4,11,'2022-08-19');
INSERT INTO "vendor_booth_assignments" VALUES (7,11,'2022-08-19');
INSERT INTO "vendor_booth_assignments" VALUES (8,10,'2022-08-19');
INSERT INTO "vendor_booth_assignments" VALUES (9,8,'2022-08-19');
INSERT INTO "vendor_booth_assignments" VALUES (1,2,'2022-08-23');
INSERT INTO "vendor_booth_assignments" VALUES (3,1,'2022-08-23');
INSERT INTO "vendor_booth_assignments" VALUES (4,7,'2022-08-23');
INSERT INTO "vendor_booth_assignments" VALUES (4,11,'2022-08-23');
INSERT INTO "vendor_booth_assignments" VALUES (7,11,'2022-08-23');
INSERT INTO "vendor_booth_assignments" VALUES (8,10,'2022-08-23');
INSERT INTO "vendor_booth_assignments" VALUES (9,8,'2022-08-23');
INSERT INTO "vendor_booth_assignments" VALUES (1,2,'2022-08-26');
INSERT INTO "vendor_booth_assignments" VALUES (3,1,'2022-08-26');
INSERT INTO "vendor_booth_assignments" VALUES (4,7,'2022-08-26');
INSERT INTO "vendor_booth_assignments" VALUES (4,11,'2022-08-26');
INSERT INTO "vendor_booth_assignments" VALUES (7,11,'2022-08-26');
INSERT INTO "vendor_booth_assignments" VALUES (8,10,'2022-08-26');
INSERT INTO "vendor_booth_assignments" VALUES (9,8,'2022-08-26');
INSERT INTO "vendor_booth_assignments" VALUES (1,2,'2022-08-30');
INSERT INTO "vendor_booth_assignments" VALUES (3,1,'2022-08-30');
INSERT INTO "vendor_booth_assignments" VALUES (4,7,'2022-08-30');
INSERT INTO "vendor_booth_assignments" VALUES (4,11,'2022-08-30');
INSERT INTO "vendor_booth_assignments" VALUES (7,11,'2022-08-30');
INSERT INTO "vendor_booth_assignments" VALUES (8,10,'2022-08-30');
INSERT INTO "vendor_booth_assignments" VALUES (9,8,'2022-08-30');
INSERT INTO "vendor_booth_assignments" VALUES (1,2,'2022-09-02');
INSERT INTO "vendor_booth_assignments" VALUES (3,1,'2022-09-02');
INSERT INTO "vendor_booth_assignments" VALUES (4,7,'2022-09-02');
INSERT INTO "vendor_booth_assignments" VALUES (4,11,'2022-09-02');
INSERT INTO "vendor_booth_assignments" VALUES (7,11,'2022-09-02');
INSERT INTO "vendor_booth_assignments" VALUES (8,10,'2022-09-02');
INSERT INTO "vendor_booth_assignments" VALUES (9,8,'2022-09-02');
INSERT INTO "vendor_booth_assignments" VALUES (1,2,'2022-09-06');
INSERT INTO "vendor_booth_assignments" VALUES (3,1,'2022-09-06');
INSERT INTO "vendor_booth_assignments" VALUES (4,7,'2022-09-06');
INSERT INTO "vendor_booth_assignments" VALUES (4,11,'2022-09-06');
INSERT INTO "vendor_booth_assignments" VALUES (7,11,'2022-09-06');
INSERT INTO "vendor_booth_assignments" VALUES (8,10,'2022-09-06');
INSERT INTO "vendor_booth_assignments" VALUES (9,8,'2022-09-06');
INSERT INTO "vendor_booth_assignments" VALUES (1,2,'2022-09-09');
INSERT INTO "vendor_booth_assignments" VALUES (3,1,'2022-09-09');
INSERT INTO "vendor_booth_assignments" VALUES (4,7,'2022-09-09');
INSERT INTO "vendor_booth_assignments" VALUES (4,11,'2022-09-09');
INSERT INTO "vendor_booth_assignments" VALUES (7,11,'2022-09-09');
INSERT INTO "vendor_booth_assignments" VALUES (8,10,'2022-09-09');
INSERT INTO "vendor_booth_assignments" VALUES (9,8,'2022-09-09');
INSERT INTO "vendor_booth_assignments" VALUES (1,2,'2022-09-13');
INSERT INTO "vendor_booth_assignments" VALUES (3,1,'2022-09-13');
INSERT INTO "vendor_booth_assignments" VALUES (4,7,'2022-09-13');
INSERT INTO "vendor_booth_assignments" VALUES (4,11,'2022-09-13');
INSERT INTO "vendor_booth_assignments" VALUES (7,11,'2022-09-13');
INSERT INTO "vendor_booth_assignments" VALUES (8,10,'2022-09-13');
INSERT INTO "vendor_booth_assignments" VALUES (9,8,'2022-09-13');
INSERT INTO "vendor_booth_assignments" VALUES (1,2,'2022-09-16');
INSERT INTO "vendor_booth_assignments" VALUES (3,1,'2022-09-16');
INSERT INTO "vendor_booth_assignments" VALUES (4,7,'2022-09-16');
INSERT INTO "vendor_booth_assignments" VALUES (4,11,'2022-09-16');
INSERT INTO "vendor_booth_assignments" VALUES (7,11,'2022-09-16');
INSERT INTO "vendor_booth_assignments" VALUES (8,10,'2022-09-16');
INSERT INTO "vendor_booth_assignments" VALUES (9,8,'2022-09-16');
INSERT INTO "vendor_booth_assignments" VALUES (1,2,'2022-09-20');
INSERT INTO "vendor_booth_assignments" VALUES (3,1,'2022-09-20');
INSERT INTO "vendor_booth_assignments" VALUES (4,7,'2022-09-20');
INSERT INTO "vendor_booth_assignments" VALUES (4,11,'2022-09-20');
INSERT INTO "vendor_booth_assignments" VALUES (7,11,'2022-09-20');
INSERT INTO "vendor_booth_assignments" VALUES (8,10,'2022-09-20');
INSERT INTO "vendor_booth_assignments" VALUES (9,8,'2022-09-20');
INSERT INTO "vendor_booth_assignments" VALUES (1,2,'2022-09-23');
INSERT INTO "vendor_booth_assignments" VALUES (3,1,'2022-09-23');
INSERT INTO "vendor_booth_assignments" VALUES (4,7,'2022-09-23');
INSERT INTO "vendor_booth_assignments" VALUES (4,11,'2022-09-23');
INSERT INTO "vendor_booth_assignments" VALUES (7,11,'2022-09-23');
INSERT INTO "vendor_booth_assignments" VALUES (8,10,'2022-09-23');
INSERT INTO "vendor_booth_assignments" VALUES (9,8,'2022-09-23');
INSERT INTO "vendor_booth_assignments" VALUES (1,2,'2022-09-27');
INSERT INTO "vendor_booth_assignments" VALUES (3,1,'2022-09-27');
INSERT INTO "vendor_booth_assignments" VALUES (4,7,'2022-09-27');
INSERT INTO "vendor_booth_assignments" VALUES (4,11,'2022-09-27');
INSERT INTO "vendor_booth_assignments" VALUES (7,11,'2022-09-27');
INSERT INTO "vendor_booth_assignments" VALUES (8,10,'2022-09-27');
INSERT INTO "vendor_booth_assignments" VALUES (9,8,'2022-09-27');
INSERT INTO "vendor_booth_assignments" VALUES (1,2,'2022-09-30');
INSERT INTO "vendor_booth_assignments" VALUES (3,1,'2022-09-30');
INSERT INTO "vendor_booth_assignments" VALUES (4,7,'2022-09-30');
INSERT INTO "vendor_booth_assignments" VALUES (4,11,'2022-09-30');
INSERT INTO "vendor_booth_assignments" VALUES (7,11,'2022-09-30');
INSERT INTO "vendor_booth_assignments" VALUES (8,10,'2022-09-30');
INSERT INTO "vendor_booth_assignments" VALUES (9,8,'2022-09-30');
INSERT INTO "vendor_booth_assignments" VALUES (1,2,'2022-10-04');
INSERT INTO "vendor_booth_assignments" VALUES (3,1,'2022-10-04');
INSERT INTO "vendor_booth_assignments" VALUES (4,7,'2022-10-04');
INSERT INTO "vendor_booth_assignments" VALUES (7,11,'2022-10-04');
INSERT INTO "vendor_booth_assignments" VALUES (8,6,'2022-10-04');
INSERT INTO "vendor_booth_assignments" VALUES (9,8,'2022-10-04');
INSERT INTO "vendor_booth_assignments" VALUES (1,2,'2022-10-07');
INSERT INTO "vendor_booth_assignments" VALUES (3,1,'2022-10-07');
INSERT INTO "vendor_booth_assignments" VALUES (4,7,'2022-10-07');
INSERT INTO "vendor_booth_assignments" VALUES (7,11,'2022-10-07');
INSERT INTO "vendor_booth_assignments" VALUES (8,6,'2022-10-07');
INSERT INTO "vendor_booth_assignments" VALUES (9,8,'2022-10-07');
INSERT INTO "vendor_booth_assignments" VALUES (1,2,'2022-10-11');
INSERT INTO "vendor_booth_assignments" VALUES (3,1,'2022-10-11');
INSERT INTO "vendor_booth_assignments" VALUES (4,7,'2022-10-11');
INSERT INTO "vendor_booth_assignments" VALUES (7,11,'2022-10-11');
INSERT INTO "vendor_booth_assignments" VALUES (8,6,'2022-10-11');
INSERT INTO "vendor_booth_assignments" VALUES (9,8,'2022-10-11');
INSERT INTO "vendor_booth_assignments" VALUES (1,2,'2022-10-14');
INSERT INTO "vendor_booth_assignments" VALUES (3,1,'2022-10-14');
INSERT INTO "vendor_booth_assignments" VALUES (4,7,'2022-10-14');
INSERT INTO "vendor_booth_assignments" VALUES (7,11,'2022-10-14');
INSERT INTO "vendor_booth_assignments" VALUES (8,6,'2022-10-14');
INSERT INTO "vendor_booth_assignments" VALUES (9,8,'2022-10-14');
INSERT INTO "vendor_booth_assignments" VALUES (1,2,'2022-10-18');
INSERT INTO "vendor_booth_assignments" VALUES (3,1,'2022-10-18');
INSERT INTO "vendor_booth_assignments" VALUES (4,7,'2022-10-18');
INSERT INTO "vendor_booth_assignments" VALUES (7,11,'2022-10-18');
INSERT INTO "vendor_booth_assignments" VALUES (8,6,'2022-10-18');
INSERT INTO "vendor_booth_assignments" VALUES (9,8,'2022-10-18');
INSERT INTO "vendor_booth_assignments" VALUES (1,2,'2022-10-21');
INSERT INTO "vendor_booth_assignments" VALUES (3,1,'2022-10-21');
INSERT INTO "vendor_booth_assignments" VALUES (4,7,'2022-10-21');
INSERT INTO "vendor_booth_assignments" VALUES (7,11,'2022-10-21');
INSERT INTO "vendor_booth_assignments" VALUES (8,6,'2022-10-21');
INSERT INTO "vendor_booth_assignments" VALUES (9,8,'2022-10-21');
INSERT INTO "vendor_booth_assignments" VALUES (1,2,'2022-10-25');
INSERT INTO "vendor_booth_assignments" VALUES (3,1,'2022-10-25');
INSERT INTO "vendor_booth_assignments" VALUES (4,7,'2022-10-25');
INSERT INTO "vendor_booth_assignments" VALUES (7,11,'2022-10-25');
INSERT INTO "vendor_booth_assignments" VALUES (8,6,'2022-10-25');
INSERT INTO "vendor_booth_assignments" VALUES (9,8,'2022-10-25');
INSERT INTO "vendor_booth_assignments" VALUES (1,2,'2022-10-28');
INSERT INTO "vendor_booth_assignments" VALUES (3,1,'2022-10-28');
INSERT INTO "vendor_booth_assignments" VALUES (4,7,'2022-10-28');
INSERT INTO "vendor_booth_assignments" VALUES (7,11,'2022-10-28');
INSERT INTO "vendor_booth_assignments" VALUES (8,6,'2022-10-28');
INSERT INTO "vendor_booth_assignments" VALUES (9,8,'2022-10-28');
INSERT INTO "vendor_booth_assignments" VALUES (1,2,'2022-11-01');
INSERT INTO "vendor_booth_assignments" VALUES (3,1,'2022-11-01');
INSERT INTO "vendor_booth_assignments" VALUES (4,7,'2022-11-01');
INSERT INTO "vendor_booth_assignments" VALUES (7,11,'2022-11-01');
INSERT INTO "vendor_booth_assignments" VALUES (8,6,'2022-11-01');
INSERT INTO "vendor_booth_assignments" VALUES (9,8,'2022-11-01');
INSERT INTO "vendor_booth_assignments" VALUES (1,2,'2022-11-04');
INSERT INTO "vendor_booth_assignments" VALUES (3,1,'2022-11-04');
INSERT INTO "vendor_booth_assignments" VALUES (4,7,'2022-11-04');
INSERT INTO "vendor_booth_assignments" VALUES (7,11,'2022-11-04');
INSERT INTO "vendor_booth_assignments" VALUES (8,6,'2022-11-04');
INSERT INTO "vendor_booth_assignments" VALUES (9,8,'2022-11-04');
INSERT INTO "vendor_booth_assignments" VALUES (1,2,'2022-11-08');
INSERT INTO "vendor_booth_assignments" VALUES (3,1,'2022-11-08');
INSERT INTO "vendor_booth_assignments" VALUES (4,7,'2022-11-08');
INSERT INTO "vendor_booth_assignments" VALUES (7,11,'2022-11-08');
INSERT INTO "vendor_booth_assignments" VALUES (8,6,'2022-11-08');
INSERT INTO "vendor_booth_assignments" VALUES (9,8,'2022-11-08');
INSERT INTO "vendor_booth_assignments" VALUES (1,2,'2022-11-11');
INSERT INTO "vendor_booth_assignments" VALUES (3,1,'2022-11-11');
INSERT INTO "vendor_booth_assignments" VALUES (4,7,'2022-11-11');
INSERT INTO "vendor_booth_assignments" VALUES (7,11,'2022-11-11');
INSERT INTO "vendor_booth_assignments" VALUES (8,6,'2022-11-11');
INSERT INTO "vendor_booth_assignments" VALUES (9,8,'2022-11-11');
INSERT INTO "vendor_booth_assignments" VALUES (1,2,'2022-11-15');
INSERT INTO "vendor_booth_assignments" VALUES (3,1,'2022-11-15');
INSERT INTO "vendor_booth_assignments" VALUES (4,7,'2022-11-15');
INSERT INTO "vendor_booth_assignments" VALUES (7,11,'2022-11-15');
INSERT INTO "vendor_booth_assignments" VALUES (8,6,'2022-11-15');
INSERT INTO "vendor_booth_assignments" VALUES (9,8,'2022-11-15');
INSERT INTO "vendor_booth_assignments" VALUES (1,2,'2022-11-18');
INSERT INTO "vendor_booth_assignments" VALUES (3,1,'2022-11-18');
INSERT INTO "vendor_booth_assignments" VALUES (4,7,'2022-11-18');
INSERT INTO "vendor_booth_assignments" VALUES (7,11,'2022-11-18');
INSERT INTO "vendor_booth_assignments" VALUES (8,6,'2022-11-18');
INSERT INTO "vendor_booth_assignments" VALUES (9,8,'2022-11-18');
INSERT INTO "vendor_booth_assignments" VALUES (1,2,'2022-11-22');
INSERT INTO "vendor_booth_assignments" VALUES (3,1,'2022-11-22');
INSERT INTO "vendor_booth_assignments" VALUES (4,7,'2022-11-22');
INSERT INTO "vendor_booth_assignments" VALUES (7,11,'2022-11-22');
INSERT INTO "vendor_booth_assignments" VALUES (8,6,'2022-11-22');
INSERT INTO "vendor_booth_assignments" VALUES (9,8,'2022-11-22');
INSERT INTO "vendor_booth_assignments" VALUES (1,2,'2022-11-25');
INSERT INTO "vendor_booth_assignments" VALUES (3,1,'2022-11-25');
INSERT INTO "vendor_booth_assignments" VALUES (4,7,'2022-11-25');
INSERT INTO "vendor_booth_assignments" VALUES (7,11,'2022-11-25');
INSERT INTO "vendor_booth_assignments" VALUES (8,6,'2022-11-25');
INSERT INTO "vendor_booth_assignments" VALUES (9,8,'2022-11-25');
INSERT INTO "vendor_booth_assignments" VALUES (1,2,'2022-11-29');
INSERT INTO "vendor_booth_assignments" VALUES (3,1,'2022-11-29');
INSERT INTO "vendor_booth_assignments" VALUES (4,7,'2022-11-29');
INSERT INTO "vendor_booth_assignments" VALUES (7,11,'2022-11-29');
INSERT INTO "vendor_booth_assignments" VALUES (8,6,'2022-11-29');
INSERT INTO "vendor_booth_assignments" VALUES (9,8,'2022-11-29');
INSERT INTO "vendor_booth_assignments" VALUES (1,2,'2022-12-02');
INSERT INTO "vendor_booth_assignments" VALUES (3,1,'2022-12-02');
INSERT INTO "vendor_booth_assignments" VALUES (4,7,'2022-12-02');
INSERT INTO "vendor_booth_assignments" VALUES (7,11,'2022-12-02');
INSERT INTO "vendor_booth_assignments" VALUES (8,6,'2022-12-02');
INSERT INTO "vendor_booth_assignments" VALUES (9,8,'2022-12-02');
INSERT INTO "vendor_booth_assignments" VALUES (1,2,'2022-12-06');
INSERT INTO "vendor_booth_assignments" VALUES (3,1,'2022-12-06');
INSERT INTO "vendor_booth_assignments" VALUES (4,7,'2022-12-06');
INSERT INTO "vendor_booth_assignments" VALUES (7,11,'2022-12-06');
INSERT INTO "vendor_booth_assignments" VALUES (8,6,'2022-12-06');
INSERT INTO "vendor_booth_assignments" VALUES (9,8,'2022-12-06');
INSERT INTO "vendor_booth_assignments" VALUES (1,2,'2022-12-09');
INSERT INTO "vendor_booth_assignments" VALUES (3,1,'2022-12-09');
INSERT INTO "vendor_booth_assignments" VALUES (4,7,'2022-12-09');
INSERT INTO "vendor_booth_assignments" VALUES (7,11,'2022-12-09');
INSERT INTO "vendor_booth_assignments" VALUES (8,6,'2022-12-09');
INSERT INTO "vendor_booth_assignments" VALUES (9,8,'2022-12-09');
INSERT INTO "vendor_booth_assignments" VALUES (1,2,'2022-12-13');
INSERT INTO "vendor_booth_assignments" VALUES (3,1,'2022-12-13');
INSERT INTO "vendor_booth_assignments" VALUES (4,7,'2022-12-13');
INSERT INTO "vendor_booth_assignments" VALUES (7,11,'2022-12-13');
INSERT INTO "vendor_booth_assignments" VALUES (8,6,'2022-12-13');
INSERT INTO "vendor_booth_assignments" VALUES (9,8,'2022-12-13');
INSERT INTO "vendor_booth_assignments" VALUES (1,2,'2022-12-16');
INSERT INTO "vendor_booth_assignments" VALUES (3,1,'2022-12-16');
INSERT INTO "vendor_booth_assignments" VALUES (4,7,'2022-12-16');
INSERT INTO "vendor_booth_assignments" VALUES (7,11,'2022-12-16');
INSERT INTO "vendor_booth_assignments" VALUES (8,6,'2022-12-16');
INSERT INTO "vendor_booth_assignments" VALUES (9,8,'2022-12-16');
INSERT INTO "vendor_booth_assignments" VALUES (1,2,'2022-12-20');
INSERT INTO "vendor_booth_assignments" VALUES (3,1,'2022-12-20');
INSERT INTO "vendor_booth_assignments" VALUES (4,7,'2022-12-20');
INSERT INTO "vendor_booth_assignments" VALUES (7,11,'2022-12-20');
INSERT INTO "vendor_booth_assignments" VALUES (8,6,'2022-12-20');
INSERT INTO "vendor_booth_assignments" VALUES (9,8,'2022-12-20');
INSERT INTO "vendor_booth_assignments" VALUES (1,2,'2022-12-23');
INSERT INTO "vendor_booth_assignments" VALUES (3,1,'2022-12-23');
INSERT INTO "vendor_booth_assignments" VALUES (4,7,'2022-12-23');
INSERT INTO "vendor_booth_assignments" VALUES (7,11,'2022-12-23');
INSERT INTO "vendor_booth_assignments" VALUES (8,6,'2022-12-23');
INSERT INTO "vendor_booth_assignments" VALUES (9,8,'2022-12-23');
INSERT INTO "vendor_booth_assignments" VALUES (1,2,'2022-12-27');
INSERT INTO "vendor_booth_assignments" VALUES (3,1,'2022-12-27');
INSERT INTO "vendor_booth_assignments" VALUES (4,7,'2022-12-27');
INSERT INTO "vendor_booth_assignments" VALUES (7,11,'2022-12-27');
INSERT INTO "vendor_booth_assignments" VALUES (8,6,'2022-12-27');
INSERT INTO "vendor_booth_assignments" VALUES (9,8,'2022-12-27');
INSERT INTO "vendor_booth_assignments" VALUES (1,2,'2022-12-30');
INSERT INTO "vendor_booth_assignments" VALUES (3,1,'2022-12-30');
INSERT INTO "vendor_booth_assignments" VALUES (4,7,'2022-12-30');
INSERT INTO "vendor_booth_assignments" VALUES (7,11,'2022-12-30');
INSERT INTO "vendor_booth_assignments" VALUES (8,6,'2022-12-30');
INSERT INTO "vendor_booth_assignments" VALUES (9,8,'2022-12-30');
INSERT INTO "vendor_booth_assignments" VALUES (1,2,'2023-03-07');
INSERT INTO "vendor_booth_assignments" VALUES (3,1,'2023-03-07');
INSERT INTO "vendor_booth_assignments" VALUES (4,7,'2023-03-07');
INSERT INTO "vendor_booth_assignments" VALUES (7,11,'2023-03-07');
INSERT INTO "vendor_booth_assignments" VALUES (8,6,'2023-03-07');
INSERT INTO "vendor_booth_assignments" VALUES (9,8,'2023-03-07');
INSERT INTO "vendor_booth_assignments" VALUES (1,2,'2023-03-10');
INSERT INTO "vendor_booth_assignments" VALUES (3,1,'2023-03-10');
INSERT INTO "vendor_booth_assignments" VALUES (4,7,'2023-03-10');
INSERT INTO "vendor_booth_assignments" VALUES (7,11,'2023-03-10');
INSERT INTO "vendor_booth_assignments" VALUES (8,6,'2023-03-10');
INSERT INTO "vendor_booth_assignments" VALUES (9,8,'2023-03-10');
INSERT INTO "vendor_booth_assignments" VALUES (1,2,'2023-03-14');
INSERT INTO "vendor_booth_assignments" VALUES (3,1,'2023-03-14');
INSERT INTO "vendor_booth_assignments" VALUES (4,7,'2023-03-14');
INSERT INTO "vendor_booth_assignments" VALUES (7,11,'2023-03-14');
INSERT INTO "vendor_booth_assignments" VALUES (8,6,'2023-03-14');
INSERT INTO "vendor_booth_assignments" VALUES (9,8,'2023-03-14');
INSERT INTO "vendor_booth_assignments" VALUES (1,2,'2023-03-17');
INSERT INTO "vendor_booth_assignments" VALUES (3,1,'2023-03-17');
INSERT INTO "vendor_booth_assignments" VALUES (4,7,'2023-03-17');
INSERT INTO "vendor_booth_assignments" VALUES (7,11,'2023-03-17');
INSERT INTO "vendor_booth_assignments" VALUES (8,6,'2023-03-17');
INSERT INTO "vendor_booth_assignments" VALUES (9,8,'2023-03-17');
INSERT INTO "vendor_booth_assignments" VALUES (1,2,'2023-03-21');
INSERT INTO "vendor_booth_assignments" VALUES (3,1,'2023-03-21');
INSERT INTO "vendor_booth_assignments" VALUES (4,7,'2023-03-21');
INSERT INTO "vendor_booth_assignments" VALUES (7,11,'2023-03-21');
INSERT INTO "vendor_booth_assignments" VALUES (8,6,'2023-03-21');
INSERT INTO "vendor_booth_assignments" VALUES (9,8,'2023-03-21');
INSERT INTO "vendor_booth_assignments" VALUES (1,2,'2023-03-24');
INSERT INTO "vendor_booth_assignments" VALUES (3,1,'2023-03-24');
INSERT INTO "vendor_booth_assignments" VALUES (4,7,'2023-03-24');
INSERT INTO "vendor_booth_assignments" VALUES (7,11,'2023-03-24');
INSERT INTO "vendor_booth_assignments" VALUES (8,6,'2023-03-24');
INSERT INTO "vendor_booth_assignments" VALUES (9,8,'2023-03-24');
INSERT INTO "vendor_booth_assignments" VALUES (1,2,'2023-03-28');
INSERT INTO "vendor_booth_assignments" VALUES (3,1,'2023-03-28');
INSERT INTO "vendor_booth_assignments" VALUES (4,7,'2023-03-28');
INSERT INTO "vendor_booth_assignments" VALUES (7,11,'2023-03-28');
INSERT INTO "vendor_booth_assignments" VALUES (8,6,'2023-03-28');
INSERT INTO "vendor_booth_assignments" VALUES (9,8,'2023-03-28');
INSERT INTO "vendor_booth_assignments" VALUES (1,2,'2023-03-31');
INSERT INTO "vendor_booth_assignments" VALUES (3,1,'2023-03-31');
INSERT INTO "vendor_booth_assignments" VALUES (4,7,'2023-03-31');
INSERT INTO "vendor_booth_assignments" VALUES (7,11,'2023-03-31');
INSERT INTO "vendor_booth_assignments" VALUES (8,6,'2023-03-31');
INSERT INTO "vendor_booth_assignments" VALUES (9,8,'2023-03-31');
INSERT INTO "vendor_booth_assignments" VALUES (1,2,'2023-04-04');
INSERT INTO "vendor_booth_assignments" VALUES (3,1,'2023-04-04');
INSERT INTO "vendor_booth_assignments" VALUES (4,7,'2023-04-04');
INSERT INTO "vendor_booth_assignments" VALUES (7,11,'2023-04-04');
INSERT INTO "vendor_booth_assignments" VALUES (8,6,'2023-04-04');
INSERT INTO "vendor_booth_assignments" VALUES (9,8,'2023-04-04');
INSERT INTO "vendor_booth_assignments" VALUES (1,2,'2023-04-07');
INSERT INTO "vendor_booth_assignments" VALUES (3,1,'2023-04-07');
INSERT INTO "vendor_booth_assignments" VALUES (4,7,'2023-04-07');
INSERT INTO "vendor_booth_assignments" VALUES (7,11,'2023-04-07');
INSERT INTO "vendor_booth_assignments" VALUES (8,6,'2023-04-07');
INSERT INTO "vendor_booth_assignments" VALUES (9,8,'2023-04-07');
INSERT INTO "vendor_booth_assignments" VALUES (1,2,'2023-04-11');
INSERT INTO "vendor_booth_assignments" VALUES (3,1,'2023-04-11');
INSERT INTO "vendor_booth_assignments" VALUES (4,7,'2023-04-11');
INSERT INTO "vendor_booth_assignments" VALUES (7,11,'2023-04-11');
INSERT INTO "vendor_booth_assignments" VALUES (8,6,'2023-04-11');
INSERT INTO "vendor_booth_assignments" VALUES (9,8,'2023-04-11');
INSERT INTO "vendor_booth_assignments" VALUES (1,2,'2023-04-14');
INSERT INTO "vendor_booth_assignments" VALUES (3,1,'2023-04-14');
INSERT INTO "vendor_booth_assignments" VALUES (4,7,'2023-04-14');
INSERT INTO "vendor_booth_assignments" VALUES (7,11,'2023-04-14');
INSERT INTO "vendor_booth_assignments" VALUES (8,6,'2023-04-14');
INSERT INTO "vendor_booth_assignments" VALUES (9,8,'2023-04-14');
INSERT INTO "vendor_booth_assignments" VALUES (1,2,'2023-04-18');
INSERT INTO "vendor_booth_assignments" VALUES (3,1,'2023-04-18');
INSERT INTO "vendor_booth_assignments" VALUES (4,7,'2023-04-18');
INSERT INTO "vendor_booth_assignments" VALUES (7,11,'2023-04-18');
INSERT INTO "vendor_booth_assignments" VALUES (8,6,'2023-04-18');
INSERT INTO "vendor_booth_assignments" VALUES (9,8,'2023-04-18');
INSERT INTO "vendor_booth_assignments" VALUES (1,2,'2023-04-21');
INSERT INTO "vendor_booth_assignments" VALUES (3,1,'2023-04-21');
INSERT INTO "vendor_booth_assignments" VALUES (4,7,'2023-04-21');
INSERT INTO "vendor_booth_assignments" VALUES (7,11,'2023-04-21');
INSERT INTO "vendor_booth_assignments" VALUES (8,6,'2023-04-21');
INSERT INTO "vendor_booth_assignments" VALUES (9,8,'2023-04-21');
INSERT INTO "vendor_booth_assignments" VALUES (1,2,'2023-04-25');
INSERT INTO "vendor_booth_assignments" VALUES (3,1,'2023-04-25');
INSERT INTO "vendor_booth_assignments" VALUES (4,7,'2023-04-25');
INSERT INTO "vendor_booth_assignments" VALUES (7,11,'2023-04-25');
INSERT INTO "vendor_booth_assignments" VALUES (8,6,'2023-04-25');
INSERT INTO "vendor_booth_assignments" VALUES (9,8,'2023-04-25');
INSERT INTO "vendor_booth_assignments" VALUES (1,2,'2023-04-28');
INSERT INTO "vendor_booth_assignments" VALUES (3,1,'2023-04-28');
INSERT INTO "vendor_booth_assignments" VALUES (4,7,'2023-04-28');
INSERT INTO "vendor_booth_assignments" VALUES (7,11,'2023-04-28');
INSERT INTO "vendor_booth_assignments" VALUES (8,6,'2023-04-28');
INSERT INTO "vendor_booth_assignments" VALUES (9,8,'2023-04-28');
INSERT INTO "vendor_booth_assignments" VALUES (1,2,'2023-05-02');
INSERT INTO "vendor_booth_assignments" VALUES (3,1,'2023-05-02');
INSERT INTO "vendor_booth_assignments" VALUES (4,7,'2023-05-02');
INSERT INTO "vendor_booth_assignments" VALUES (7,11,'2023-05-02');
INSERT INTO "vendor_booth_assignments" VALUES (8,6,'2023-05-02');
INSERT INTO "vendor_booth_assignments" VALUES (9,8,'2023-05-02');
INSERT INTO "vendor_booth_assignments" VALUES (1,2,'2023-05-05');
INSERT INTO "vendor_booth_assignments" VALUES (3,1,'2023-05-05');
INSERT INTO "vendor_booth_assignments" VALUES (4,7,'2023-05-05');
INSERT INTO "vendor_booth_assignments" VALUES (7,11,'2023-05-05');
INSERT INTO "vendor_booth_assignments" VALUES (8,6,'2023-05-05');
INSERT INTO "vendor_booth_assignments" VALUES (9,8,'2023-05-05');
INSERT INTO "vendor_booth_assignments" VALUES (1,2,'2023-05-09');
INSERT INTO "vendor_booth_assignments" VALUES (3,1,'2023-05-09');
INSERT INTO "vendor_booth_assignments" VALUES (4,7,'2023-05-09');
INSERT INTO "vendor_booth_assignments" VALUES (7,11,'2023-05-09');
INSERT INTO "vendor_booth_assignments" VALUES (8,6,'2023-05-09');
INSERT INTO "vendor_booth_assignments" VALUES (9,8,'2023-05-09');
INSERT INTO "vendor_booth_assignments" VALUES (1,2,'2023-05-12');
INSERT INTO "vendor_booth_assignments" VALUES (3,1,'2023-05-12');
INSERT INTO "vendor_booth_assignments" VALUES (4,7,'2023-05-12');
INSERT INTO "vendor_booth_assignments" VALUES (7,11,'2023-05-12');
INSERT INTO "vendor_booth_assignments" VALUES (8,6,'2023-05-12');
INSERT INTO "vendor_booth_assignments" VALUES (9,8,'2023-05-12');
INSERT INTO "vendor_booth_assignments" VALUES (1,2,'2023-05-16');
INSERT INTO "vendor_booth_assignments" VALUES (3,1,'2023-05-16');
INSERT INTO "vendor_booth_assignments" VALUES (4,7,'2023-05-16');
INSERT INTO "vendor_booth_assignments" VALUES (7,11,'2023-05-16');
INSERT INTO "vendor_booth_assignments" VALUES (8,6,'2023-05-16');
INSERT INTO "vendor_booth_assignments" VALUES (9,8,'2023-05-16');
INSERT INTO "vendor_booth_assignments" VALUES (1,2,'2023-05-19');
INSERT INTO "vendor_booth_assignments" VALUES (3,1,'2023-05-19');
INSERT INTO "vendor_booth_assignments" VALUES (4,7,'2023-05-19');
INSERT INTO "vendor_booth_assignments" VALUES (7,11,'2023-05-19');
INSERT INTO "vendor_booth_assignments" VALUES (8,6,'2023-05-19');
INSERT INTO "vendor_booth_assignments" VALUES (9,8,'2023-05-19');
INSERT INTO "vendor_booth_assignments" VALUES (1,2,'2023-05-23');
INSERT INTO "vendor_booth_assignments" VALUES (3,1,'2023-05-23');
INSERT INTO "vendor_booth_assignments" VALUES (4,7,'2023-05-23');
INSERT INTO "vendor_booth_assignments" VALUES (7,11,'2023-05-23');
INSERT INTO "vendor_booth_assignments" VALUES (8,6,'2023-05-23');
INSERT INTO "vendor_booth_assignments" VALUES (9,8,'2023-05-23');
INSERT INTO "vendor_booth_assignments" VALUES (1,2,'2023-05-26');
INSERT INTO "vendor_booth_assignments" VALUES (3,1,'2023-05-26');
INSERT INTO "vendor_booth_assignments" VALUES (4,7,'2023-05-26');
INSERT INTO "vendor_booth_assignments" VALUES (7,11,'2023-05-26');
INSERT INTO "vendor_booth_assignments" VALUES (8,6,'2023-05-26');
INSERT INTO "vendor_booth_assignments" VALUES (9,8,'2023-05-26');
INSERT INTO "vendor_booth_assignments" VALUES (1,2,'2023-05-30');
INSERT INTO "vendor_booth_assignments" VALUES (3,1,'2023-05-30');
INSERT INTO "vendor_booth_assignments" VALUES (4,7,'2023-05-30');
INSERT INTO "vendor_booth_assignments" VALUES (7,11,'2023-05-30');
INSERT INTO "vendor_booth_assignments" VALUES (8,6,'2023-05-30');
INSERT INTO "vendor_booth_assignments" VALUES (9,8,'2023-05-30');
INSERT INTO "vendor_booth_assignments" VALUES (1,2,'2023-06-02');
INSERT INTO "vendor_booth_assignments" VALUES (3,1,'2023-06-02');
INSERT INTO "vendor_booth_assignments" VALUES (4,7,'2023-06-02');
INSERT INTO "vendor_booth_assignments" VALUES (7,11,'2023-06-02');
INSERT INTO "vendor_booth_assignments" VALUES (8,6,'2023-06-02');
INSERT INTO "vendor_booth_assignments" VALUES (9,8,'2023-06-02');
INSERT INTO "vendor_booth_assignments" VALUES (1,2,'2023-06-06');
INSERT INTO "vendor_booth_assignments" VALUES (3,1,'2023-06-06');
INSERT INTO "vendor_booth_assignments" VALUES (4,7,'2023-06-06');
INSERT INTO "vendor_booth_assignments" VALUES (4,11,'2023-06-06');
INSERT INTO "vendor_booth_assignments" VALUES (7,11,'2023-06-06');
INSERT INTO "vendor_booth_assignments" VALUES (8,6,'2023-06-06');
INSERT INTO "vendor_booth_assignments" VALUES (9,8,'2023-06-06');
INSERT INTO "vendor_booth_assignments" VALUES (1,2,'2023-06-09');
INSERT INTO "vendor_booth_assignments" VALUES (3,1,'2023-06-09');
INSERT INTO "vendor_booth_assignments" VALUES (4,7,'2023-06-09');
INSERT INTO "vendor_booth_assignments" VALUES (4,11,'2023-06-09');
INSERT INTO "vendor_booth_assignments" VALUES (7,11,'2023-06-09');
INSERT INTO "vendor_booth_assignments" VALUES (8,6,'2023-06-09');
INSERT INTO "vendor_booth_assignments" VALUES (9,8,'2023-06-09');
INSERT INTO "vendor_booth_assignments" VALUES (1,2,'2023-06-13');
INSERT INTO "vendor_booth_assignments" VALUES (3,1,'2023-06-13');
INSERT INTO "vendor_booth_assignments" VALUES (4,7,'2023-06-13');
INSERT INTO "vendor_booth_assignments" VALUES (4,11,'2023-06-13');
INSERT INTO "vendor_booth_assignments" VALUES (7,11,'2023-06-13');
INSERT INTO "vendor_booth_assignments" VALUES (8,6,'2023-06-13');
INSERT INTO "vendor_booth_assignments" VALUES (9,8,'2023-06-13');
INSERT INTO "vendor_booth_assignments" VALUES (1,2,'2023-06-16');
INSERT INTO "vendor_booth_assignments" VALUES (3,1,'2023-06-16');
INSERT INTO "vendor_booth_assignments" VALUES (4,7,'2023-06-16');
INSERT INTO "vendor_booth_assignments" VALUES (4,11,'2023-06-16');
INSERT INTO "vendor_booth_assignments" VALUES (7,11,'2023-06-16');
INSERT INTO "vendor_booth_assignments" VALUES (8,6,'2023-06-16');
INSERT INTO "vendor_booth_assignments" VALUES (9,8,'2023-06-16');
INSERT INTO "vendor_booth_assignments" VALUES (1,2,'2023-06-20');
INSERT INTO "vendor_booth_assignments" VALUES (3,1,'2023-06-20');
INSERT INTO "vendor_booth_assignments" VALUES (4,7,'2023-06-20');
INSERT INTO "vendor_booth_assignments" VALUES (4,11,'2023-06-20');
INSERT INTO "vendor_booth_assignments" VALUES (7,11,'2023-06-20');
INSERT INTO "vendor_booth_assignments" VALUES (8,6,'2023-06-20');
INSERT INTO "vendor_booth_assignments" VALUES (9,8,'2023-06-20');
INSERT INTO "vendor_booth_assignments" VALUES (1,2,'2023-06-23');
INSERT INTO "vendor_booth_assignments" VALUES (3,1,'2023-06-23');
INSERT INTO "vendor_booth_assignments" VALUES (4,7,'2023-06-23');
INSERT INTO "vendor_booth_assignments" VALUES (4,11,'2023-06-23');
INSERT INTO "vendor_booth_assignments" VALUES (7,11,'2023-06-23');
INSERT INTO "vendor_booth_assignments" VALUES (8,6,'2023-06-23');
INSERT INTO "vendor_booth_assignments" VALUES (9,8,'2023-06-23');
INSERT INTO "vendor_booth_assignments" VALUES (1,2,'2023-06-27');
INSERT INTO "vendor_booth_assignments" VALUES (3,1,'2023-06-27');
INSERT INTO "vendor_booth_assignments" VALUES (4,7,'2023-06-27');
INSERT INTO "vendor_booth_assignments" VALUES (4,11,'2023-06-27');
INSERT INTO "vendor_booth_assignments" VALUES (7,11,'2023-06-27');
INSERT INTO "vendor_booth_assignments" VALUES (8,6,'2023-06-27');
INSERT INTO "vendor_booth_assignments" VALUES (9,8,'2023-06-27');
INSERT INTO "vendor_booth_assignments" VALUES (1,2,'2023-06-30');
INSERT INTO "vendor_booth_assignments" VALUES (3,1,'2023-06-30');
INSERT INTO "vendor_booth_assignments" VALUES (4,7,'2023-06-30');
INSERT INTO "vendor_booth_assignments" VALUES (4,11,'2023-06-30');
INSERT INTO "vendor_booth_assignments" VALUES (7,11,'2023-06-30');
INSERT INTO "vendor_booth_assignments" VALUES (8,6,'2023-06-30');
INSERT INTO "vendor_booth_assignments" VALUES (9,8,'2023-06-30');
INSERT INTO "vendor_booth_assignments" VALUES (1,2,'2023-07-04');
INSERT INTO "vendor_booth_assignments" VALUES (3,1,'2023-07-04');
INSERT INTO "vendor_booth_assignments" VALUES (4,7,'2023-07-04');
INSERT INTO "vendor_booth_assignments" VALUES (4,11,'2023-07-04');
INSERT INTO "vendor_booth_assignments" VALUES (7,11,'2023-07-04');
INSERT INTO "vendor_booth_assignments" VALUES (8,10,'2023-07-04');
INSERT INTO "vendor_booth_assignments" VALUES (9,8,'2023-07-04');
INSERT INTO "vendor_booth_assignments" VALUES (1,2,'2023-07-07');
INSERT INTO "vendor_booth_assignments" VALUES (3,1,'2023-07-07');
INSERT INTO "vendor_booth_assignments" VALUES (4,7,'2023-07-07');
INSERT INTO "vendor_booth_assignments" VALUES (4,11,'2023-07-07');
INSERT INTO "vendor_booth_assignments" VALUES (7,11,'2023-07-07');
INSERT INTO "vendor_booth_assignments" VALUES (8,10,'2023-07-07');
INSERT INTO "vendor_booth_assignments" VALUES (9,8,'2023-07-07');
INSERT INTO "vendor_booth_assignments" VALUES (1,2,'2023-07-11');
INSERT INTO "vendor_booth_assignments" VALUES (3,1,'2023-07-11');
INSERT INTO "vendor_booth_assignments" VALUES (4,7,'2023-07-11');
INSERT INTO "vendor_booth_assignments" VALUES (4,11,'2023-07-11');
INSERT INTO "vendor_booth_assignments" VALUES (7,11,'2023-07-11');
INSERT INTO "vendor_booth_assignments" VALUES (8,10,'2023-07-11');
INSERT INTO "vendor_booth_assignments" VALUES (9,8,'2023-07-11');
INSERT INTO "vendor_booth_assignments" VALUES (1,2,'2023-07-14');
INSERT INTO "vendor_booth_assignments" VALUES (3,1,'2023-07-14');
INSERT INTO "vendor_booth_assignments" VALUES (4,7,'2023-07-14');
INSERT INTO "vendor_booth_assignments" VALUES (4,11,'2023-07-14');
INSERT INTO "vendor_booth_assignments" VALUES (7,11,'2023-07-14');
INSERT INTO "vendor_booth_assignments" VALUES (8,10,'2023-07-14');
INSERT INTO "vendor_booth_assignments" VALUES (9,8,'2023-07-14');
INSERT INTO "vendor_booth_assignments" VALUES (1,2,'2023-07-18');
INSERT INTO "vendor_booth_assignments" VALUES (3,1,'2023-07-18');
INSERT INTO "vendor_booth_assignments" VALUES (4,7,'2023-07-18');
INSERT INTO "vendor_booth_assignments" VALUES (4,11,'2023-07-18');
INSERT INTO "vendor_booth_assignments" VALUES (7,11,'2023-07-18');
INSERT INTO "vendor_booth_assignments" VALUES (8,10,'2023-07-18');
INSERT INTO "vendor_booth_assignments" VALUES (9,8,'2023-07-18');
INSERT INTO "vendor_booth_assignments" VALUES (1,2,'2023-07-21');
INSERT INTO "vendor_booth_assignments" VALUES (3,1,'2023-07-21');
INSERT INTO "vendor_booth_assignments" VALUES (4,7,'2023-07-21');
INSERT INTO "vendor_booth_assignments" VALUES (4,11,'2023-07-21');
INSERT INTO "vendor_booth_assignments" VALUES (7,11,'2023-07-21');
INSERT INTO "vendor_booth_assignments" VALUES (8,10,'2023-07-21');
INSERT INTO "vendor_booth_assignments" VALUES (9,8,'2023-07-21');
INSERT INTO "vendor_booth_assignments" VALUES (1,2,'2023-07-25');
INSERT INTO "vendor_booth_assignments" VALUES (3,1,'2023-07-25');
INSERT INTO "vendor_booth_assignments" VALUES (4,7,'2023-07-25');
INSERT INTO "vendor_booth_assignments" VALUES (4,11,'2023-07-25');
INSERT INTO "vendor_booth_assignments" VALUES (7,11,'2023-07-25');
INSERT INTO "vendor_booth_assignments" VALUES (8,10,'2023-07-25');
INSERT INTO "vendor_booth_assignments" VALUES (9,8,'2023-07-25');
INSERT INTO "vendor_booth_assignments" VALUES (1,2,'2023-07-28');
INSERT INTO "vendor_booth_assignments" VALUES (3,1,'2023-07-28');
INSERT INTO "vendor_booth_assignments" VALUES (4,7,'2023-07-28');
INSERT INTO "vendor_booth_assignments" VALUES (4,11,'2023-07-28');
INSERT INTO "vendor_booth_assignments" VALUES (7,11,'2023-07-28');
INSERT INTO "vendor_booth_assignments" VALUES (8,10,'2023-07-28');
INSERT INTO "vendor_booth_assignments" VALUES (9,8,'2023-07-28');
INSERT INTO "vendor_booth_assignments" VALUES (1,2,'2023-08-01');
INSERT INTO "vendor_booth_assignments" VALUES (3,1,'2023-08-01');
INSERT INTO "vendor_booth_assignments" VALUES (4,7,'2023-08-01');
INSERT INTO "vendor_booth_assignments" VALUES (4,11,'2023-08-01');
INSERT INTO "vendor_booth_assignments" VALUES (7,11,'2023-08-01');
INSERT INTO "vendor_booth_assignments" VALUES (8,10,'2023-08-01');
INSERT INTO "vendor_booth_assignments" VALUES (9,8,'2023-08-01');
INSERT INTO "vendor_booth_assignments" VALUES (1,2,'2023-08-04');
INSERT INTO "vendor_booth_assignments" VALUES (3,1,'2023-08-04');
INSERT INTO "vendor_booth_assignments" VALUES (4,7,'2023-08-04');
INSERT INTO "vendor_booth_assignments" VALUES (4,11,'2023-08-04');
INSERT INTO "vendor_booth_assignments" VALUES (7,11,'2023-08-04');
INSERT INTO "vendor_booth_assignments" VALUES (8,10,'2023-08-04');
INSERT INTO "vendor_booth_assignments" VALUES (9,8,'2023-08-04');
INSERT INTO "vendor_booth_assignments" VALUES (1,2,'2023-08-08');
INSERT INTO "vendor_booth_assignments" VALUES (3,1,'2023-08-08');
INSERT INTO "vendor_booth_assignments" VALUES (4,7,'2023-08-08');
INSERT INTO "vendor_booth_assignments" VALUES (4,11,'2023-08-08');
INSERT INTO "vendor_booth_assignments" VALUES (7,11,'2023-08-08');
INSERT INTO "vendor_booth_assignments" VALUES (8,10,'2023-08-08');
INSERT INTO "vendor_booth_assignments" VALUES (9,8,'2023-08-08');
INSERT INTO "vendor_booth_assignments" VALUES (1,2,'2023-08-11');
INSERT INTO "vendor_booth_assignments" VALUES (3,1,'2023-08-11');
INSERT INTO "vendor_booth_assignments" VALUES (4,7,'2023-08-11');
INSERT INTO "vendor_booth_assignments" VALUES (4,11,'2023-08-11');
INSERT INTO "vendor_booth_assignments" VALUES (7,11,'2023-08-11');
INSERT INTO "vendor_booth_assignments" VALUES (8,10,'2023-08-11');
INSERT INTO "vendor_booth_assignments" VALUES (9,8,'2023-08-11');
INSERT INTO "vendor_booth_assignments" VALUES (1,2,'2023-08-15');
INSERT INTO "vendor_booth_assignments" VALUES (3,1,'2023-08-15');
INSERT INTO "vendor_booth_assignments" VALUES (4,7,'2023-08-15');
INSERT INTO "vendor_booth_assignments" VALUES (4,11,'2023-08-15');
INSERT INTO "vendor_booth_assignments" VALUES (7,11,'2023-08-15');
INSERT INTO "vendor_booth_assignments" VALUES (8,10,'2023-08-15');
INSERT INTO "vendor_booth_assignments" VALUES (9,8,'2023-08-15');
INSERT INTO "vendor_booth_assignments" VALUES (1,2,'2023-08-18');
INSERT INTO "vendor_booth_assignments" VALUES (3,1,'2023-08-18');
INSERT INTO "vendor_booth_assignments" VALUES (4,7,'2023-08-18');
INSERT INTO "vendor_booth_assignments" VALUES (4,11,'2023-08-18');
INSERT INTO "vendor_booth_assignments" VALUES (7,11,'2023-08-18');
INSERT INTO "vendor_booth_assignments" VALUES (8,10,'2023-08-18');
INSERT INTO "vendor_booth_assignments" VALUES (9,8,'2023-08-18');
INSERT INTO "vendor_booth_assignments" VALUES (1,2,'2023-08-22');
INSERT INTO "vendor_booth_assignments" VALUES (3,1,'2023-08-22');
INSERT INTO "vendor_booth_assignments" VALUES (4,7,'2023-08-22');
INSERT INTO "vendor_booth_assignments" VALUES (4,11,'2023-08-22');
INSERT INTO "vendor_booth_assignments" VALUES (7,11,'2023-08-22');
INSERT INTO "vendor_booth_assignments" VALUES (8,10,'2023-08-22');
INSERT INTO "vendor_booth_assignments" VALUES (9,8,'2023-08-22');
INSERT INTO "vendor_booth_assignments" VALUES (1,2,'2023-08-25');
INSERT INTO "vendor_booth_assignments" VALUES (3,1,'2023-08-25');
INSERT INTO "vendor_booth_assignments" VALUES (4,7,'2023-08-25');
INSERT INTO "vendor_booth_assignments" VALUES (4,11,'2023-08-25');
INSERT INTO "vendor_booth_assignments" VALUES (7,11,'2023-08-25');
INSERT INTO "vendor_booth_assignments" VALUES (8,10,'2023-08-25');
INSERT INTO "vendor_booth_assignments" VALUES (9,8,'2023-08-25');
INSERT INTO "vendor_booth_assignments" VALUES (1,2,'2023-08-29');
INSERT INTO "vendor_booth_assignments" VALUES (3,1,'2023-08-29');
INSERT INTO "vendor_booth_assignments" VALUES (4,7,'2023-08-29');
INSERT INTO "vendor_booth_assignments" VALUES (4,11,'2023-08-29');
INSERT INTO "vendor_booth_assignments" VALUES (7,11,'2023-08-29');
INSERT INTO "vendor_booth_assignments" VALUES (8,10,'2023-08-29');
INSERT INTO "vendor_booth_assignments" VALUES (9,8,'2023-08-29');
INSERT INTO "vendor_booth_assignments" VALUES (1,2,'2023-09-01');
INSERT INTO "vendor_booth_assignments" VALUES (3,1,'2023-09-01');
INSERT INTO "vendor_booth_assignments" VALUES (4,7,'2023-09-01');
INSERT INTO "vendor_booth_assignments" VALUES (4,11,'2023-09-01');
INSERT INTO "vendor_booth_assignments" VALUES (7,11,'2023-09-01');
INSERT INTO "vendor_booth_assignments" VALUES (8,10,'2023-09-01');
INSERT INTO "vendor_booth_assignments" VALUES (9,8,'2023-09-01');
INSERT INTO "vendor_booth_assignments" VALUES (1,2,'2023-09-05');
INSERT INTO "vendor_booth_assignments" VALUES (3,1,'2023-09-05');
INSERT INTO "vendor_booth_assignments" VALUES (4,7,'2023-09-05');
INSERT INTO "vendor_booth_assignments" VALUES (4,11,'2023-09-05');
INSERT INTO "vendor_booth_assignments" VALUES (7,11,'2023-09-05');
INSERT INTO "vendor_booth_assignments" VALUES (8,10,'2023-09-05');
INSERT INTO "vendor_booth_assignments" VALUES (9,8,'2023-09-05');
INSERT INTO "vendor_booth_assignments" VALUES (1,2,'2023-09-08');
INSERT INTO "vendor_booth_assignments" VALUES (3,1,'2023-09-08');
INSERT INTO "vendor_booth_assignments" VALUES (4,7,'2023-09-08');
INSERT INTO "vendor_booth_assignments" VALUES (4,11,'2023-09-08');
INSERT INTO "vendor_booth_assignments" VALUES (7,11,'2023-09-08');
INSERT INTO "vendor_booth_assignments" VALUES (8,10,'2023-09-08');
INSERT INTO "vendor_booth_assignments" VALUES (9,8,'2023-09-08');
INSERT INTO "vendor_booth_assignments" VALUES (1,2,'2023-09-12');
INSERT INTO "vendor_booth_assignments" VALUES (3,1,'2023-09-12');
INSERT INTO "vendor_booth_assignments" VALUES (4,7,'2023-09-12');
INSERT INTO "vendor_booth_assignments" VALUES (4,11,'2023-09-12');
INSERT INTO "vendor_booth_assignments" VALUES (7,11,'2023-09-12');
INSERT INTO "vendor_booth_assignments" VALUES (8,10,'2023-09-12');
INSERT INTO "vendor_booth_assignments" VALUES (9,8,'2023-09-12');
INSERT INTO "vendor_booth_assignments" VALUES (1,2,'2023-09-15');
INSERT INTO "vendor_booth_assignments" VALUES (3,1,'2023-09-15');
INSERT INTO "vendor_booth_assignments" VALUES (4,7,'2023-09-15');
INSERT INTO "vendor_booth_assignments" VALUES (4,11,'2023-09-15');
INSERT INTO "vendor_booth_assignments" VALUES (7,11,'2023-09-15');
INSERT INTO "vendor_booth_assignments" VALUES (8,10,'2023-09-15');
INSERT INTO "vendor_booth_assignments" VALUES (9,8,'2023-09-15');
INSERT INTO "vendor_booth_assignments" VALUES (1,2,'2023-09-19');
INSERT INTO "vendor_booth_assignments" VALUES (3,1,'2023-09-19');
INSERT INTO "vendor_booth_assignments" VALUES (4,7,'2023-09-19');
INSERT INTO "vendor_booth_assignments" VALUES (4,11,'2023-09-19');
INSERT INTO "vendor_booth_assignments" VALUES (7,11,'2023-09-19');
INSERT INTO "vendor_booth_assignments" VALUES (8,10,'2023-09-19');
INSERT INTO "vendor_booth_assignments" VALUES (9,8,'2023-09-19');
INSERT INTO "vendor_booth_assignments" VALUES (1,2,'2023-09-22');
INSERT INTO "vendor_booth_assignments" VALUES (3,1,'2023-09-22');
INSERT INTO "vendor_booth_assignments" VALUES (4,7,'2023-09-22');
INSERT INTO "vendor_booth_assignments" VALUES (4,11,'2023-09-22');
INSERT INTO "vendor_booth_assignments" VALUES (7,11,'2023-09-22');
INSERT INTO "vendor_booth_assignments" VALUES (8,10,'2023-09-22');
INSERT INTO "vendor_booth_assignments" VALUES (9,8,'2023-09-22');
INSERT INTO "vendor_booth_assignments" VALUES (1,2,'2023-09-26');
INSERT INTO "vendor_booth_assignments" VALUES (3,1,'2023-09-26');
INSERT INTO "vendor_booth_assignments" VALUES (4,7,'2023-09-26');
INSERT INTO "vendor_booth_assignments" VALUES (4,11,'2023-09-26');
INSERT INTO "vendor_booth_assignments" VALUES (7,11,'2023-09-26');
INSERT INTO "vendor_booth_assignments" VALUES (8,10,'2023-09-26');
INSERT INTO "vendor_booth_assignments" VALUES (9,8,'2023-09-26');
INSERT INTO "vendor_booth_assignments" VALUES (1,2,'2023-09-29');
INSERT INTO "vendor_booth_assignments" VALUES (3,1,'2023-09-29');
INSERT INTO "vendor_booth_assignments" VALUES (4,7,'2023-09-29');
INSERT INTO "vendor_booth_assignments" VALUES (4,11,'2023-09-29');
INSERT INTO "vendor_booth_assignments" VALUES (7,11,'2023-09-29');
INSERT INTO "vendor_booth_assignments" VALUES (8,10,'2023-09-29');
INSERT INTO "vendor_booth_assignments" VALUES (9,8,'2023-09-29');
INSERT INTO "vendor_booth_assignments" VALUES (1,2,'2023-10-03');
INSERT INTO "vendor_booth_assignments" VALUES (3,1,'2023-10-03');
INSERT INTO "vendor_booth_assignments" VALUES (4,7,'2023-10-03');
INSERT INTO "vendor_booth_assignments" VALUES (4,11,'2023-10-03');
INSERT INTO "vendor_booth_assignments" VALUES (7,11,'2023-10-03');
INSERT INTO "vendor_booth_assignments" VALUES (8,10,'2023-10-03');
INSERT INTO "vendor_booth_assignments" VALUES (9,8,'2023-10-03');
INSERT INTO "vendor_booth_assignments" VALUES (1,2,'2023-10-06');
INSERT INTO "vendor_booth_assignments" VALUES (3,1,'2023-10-06');
INSERT INTO "vendor_booth_assignments" VALUES (4,7,'2023-10-06');
INSERT INTO "vendor_booth_assignments" VALUES (7,11,'2023-10-06');
INSERT INTO "vendor_booth_assignments" VALUES (8,6,'2023-10-06');
INSERT INTO "vendor_booth_assignments" VALUES (9,8,'2023-10-06');
INSERT INTO "vendor_booth_assignments" VALUES (1,2,'2023-10-10');
INSERT INTO "vendor_booth_assignments" VALUES (3,1,'2023-10-10');
INSERT INTO "vendor_booth_assignments" VALUES (4,7,'2023-10-10');
INSERT INTO "vendor_booth_assignments" VALUES (7,11,'2023-10-10');
INSERT INTO "vendor_booth_assignments" VALUES (8,6,'2023-10-10');
INSERT INTO "vendor_booth_assignments" VALUES (9,8,'2023-10-10');
INSERT INTO "vendor_booth_assignments" VALUES (1,2,'2023-10-13');
INSERT INTO "vendor_booth_assignments" VALUES (3,1,'2023-10-13');
INSERT INTO "vendor_booth_assignments" VALUES (7,11,'2023-10-13');
INSERT INTO "vendor_booth_assignments" VALUES (8,7,'2023-10-13');
INSERT INTO "vendor_booth_assignments" VALUES (9,8,'2023-10-13');
INSERT INTO "vendor_inventory" VALUES ('2022-07-05',7.38,7,1,6.99);
INSERT INTO "vendor_inventory" VALUES ('2022-07-08',10.96,7,1,6.99);
INSERT INTO "vendor_inventory" VALUES ('2022-07-12',13.08,7,1,6.99);
INSERT INTO "vendor_inventory" VALUES ('2022-07-15',10.22,7,1,6.99);
INSERT INTO "vendor_inventory" VALUES ('2022-07-19',10.59,7,1,6.99);
INSERT INTO "vendor_inventory" VALUES ('2022-07-22',9.04,7,1,6.99);
INSERT INTO "vendor_inventory" VALUES ('2022-07-26',10.66,7,1,6.99);
INSERT INTO "vendor_inventory" VALUES ('2022-07-29',6.76,7,1,6.99);
INSERT INTO "vendor_inventory" VALUES ('2022-08-02',11.23,7,1,6.99);
INSERT INTO "vendor_inventory" VALUES ('2022-08-05',10.72,7,1,6.99);
INSERT INTO "vendor_inventory" VALUES ('2022-08-09',6.98,7,1,6.99);
INSERT INTO "vendor_inventory" VALUES ('2022-08-12',10.73,7,1,6.99);
INSERT INTO "vendor_inventory" VALUES ('2022-08-16',10.63,7,1,6.99);
INSERT INTO "vendor_inventory" VALUES ('2022-08-19',7.88,7,1,6.99);
INSERT INTO "vendor_inventory" VALUES ('2022-08-23',7.84,7,1,6.99);
INSERT INTO "vendor_inventory" VALUES ('2022-08-26',10.58,7,1,6.99);
INSERT INTO "vendor_inventory" VALUES ('2022-08-30',9.34,7,1,6.99);
INSERT INTO "vendor_inventory" VALUES ('2022-09-02',7.4,7,1,6.99);
INSERT INTO "vendor_inventory" VALUES ('2022-09-06',10.13,7,1,6.99);
INSERT INTO "vendor_inventory" VALUES ('2022-09-09',11.44,7,1,6.99);
INSERT INTO "vendor_inventory" VALUES ('2022-09-13',8.84,7,1,6.99);
INSERT INTO "vendor_inventory" VALUES ('2022-09-16',10.32,7,1,6.99);
INSERT INTO "vendor_inventory" VALUES ('2022-09-20',12.73,7,1,6.99);
INSERT INTO "vendor_inventory" VALUES ('2022-09-23',8.63,7,1,6.99);
INSERT INTO "vendor_inventory" VALUES ('2022-09-27',6.29,7,1,6.99);
INSERT INTO "vendor_inventory" VALUES ('2022-09-30',9.54,7,1,6.99);
INSERT INTO "vendor_inventory" VALUES ('2023-07-04',11.92,7,1,6.99);
INSERT INTO "vendor_inventory" VALUES ('2023-07-07',10.08,7,1,6.99);
INSERT INTO "vendor_inventory" VALUES ('2023-07-11',11.85,7,1,6.99);
INSERT INTO "vendor_inventory" VALUES ('2023-07-14',10.08,7,1,6.99);
INSERT INTO "vendor_inventory" VALUES ('2023-07-18',10.01,7,1,6.99);
INSERT INTO "vendor_inventory" VALUES ('2023-07-21',8.15,7,1,6.99);
INSERT INTO "vendor_inventory" VALUES ('2023-07-25',8.52,7,1,6.99);
INSERT INTO "vendor_inventory" VALUES ('2023-07-28',10.29,7,1,6.99);
INSERT INTO "vendor_inventory" VALUES ('2023-08-01',8.52,7,1,6.99);
INSERT INTO "vendor_inventory" VALUES ('2023-08-04',8.66,7,1,6.99);
INSERT INTO "vendor_inventory" VALUES ('2023-08-08',15.49,7,1,6.99);
INSERT INTO "vendor_inventory" VALUES ('2023-08-11',9.19,7,1,6.99);
INSERT INTO "vendor_inventory" VALUES ('2023-08-15',10.51,7,1,6.99);
INSERT INTO "vendor_inventory" VALUES ('2023-08-18',12.7,7,1,6.99);
INSERT INTO "vendor_inventory" VALUES ('2023-08-22',10.28,7,1,6.99);
INSERT INTO "vendor_inventory" VALUES ('2023-08-25',10.86,7,1,6.99);
INSERT INTO "vendor_inventory" VALUES ('2023-08-29',12.34,7,1,6.99);
INSERT INTO "vendor_inventory" VALUES ('2023-09-01',9.38,7,1,6.99);
INSERT INTO "vendor_inventory" VALUES ('2023-09-05',14.23,7,1,6.99);
INSERT INTO "vendor_inventory" VALUES ('2023-09-08',9.38,7,1,6.99);
INSERT INTO "vendor_inventory" VALUES ('2023-09-12',10.75,7,1,6.99);
INSERT INTO "vendor_inventory" VALUES ('2023-09-15',10.84,7,1,6.99);
INSERT INTO "vendor_inventory" VALUES ('2023-09-19',10.11,7,1,6.99);
INSERT INTO "vendor_inventory" VALUES ('2023-09-22',10.04,7,1,6.99);
INSERT INTO "vendor_inventory" VALUES ('2023-09-26',10.19,7,1,6.99);
INSERT INTO "vendor_inventory" VALUES ('2023-09-29',9.88,7,1,6.99);
INSERT INTO "vendor_inventory" VALUES ('2023-10-03',13.76,7,1,6.99);
INSERT INTO "vendor_inventory" VALUES ('2022-07-05',33.63,7,2,3.49);
INSERT INTO "vendor_inventory" VALUES ('2022-07-08',24.56,7,2,3.49);
INSERT INTO "vendor_inventory" VALUES ('2022-07-12',28.83,7,2,3.49);
INSERT INTO "vendor_inventory" VALUES ('2022-07-15',29.17,7,2,3.49);
INSERT INTO "vendor_inventory" VALUES ('2022-07-19',29.89,7,2,3.49);
INSERT INTO "vendor_inventory" VALUES ('2022-07-22',28.31,7,2,3.49);
INSERT INTO "vendor_inventory" VALUES ('2022-07-26',30.48,7,2,3.49);
INSERT INTO "vendor_inventory" VALUES ('2022-07-29',26.65,7,2,3.49);
INSERT INTO "vendor_inventory" VALUES ('2022-08-02',29.87,7,2,3.49);
INSERT INTO "vendor_inventory" VALUES ('2022-08-05',32.23,7,2,3.49);
INSERT INTO "vendor_inventory" VALUES ('2022-08-09',29.28,7,2,3.49);
INSERT INTO "vendor_inventory" VALUES ('2022-08-12',27.18,7,2,3.49);
INSERT INTO "vendor_inventory" VALUES ('2022-08-16',33.35,7,2,3.49);
INSERT INTO "vendor_inventory" VALUES ('2022-08-19',25.58,7,2,3.49);
INSERT INTO "vendor_inventory" VALUES ('2022-08-23',32.02,7,2,3.49);
INSERT INTO "vendor_inventory" VALUES ('2022-08-26',17.29,7,2,3.49);
INSERT INTO "vendor_inventory" VALUES ('2022-08-30',26.2,7,2,3.49);
INSERT INTO "vendor_inventory" VALUES ('2022-09-02',27.87,7,2,3.49);
INSERT INTO "vendor_inventory" VALUES ('2022-09-06',35.86,7,2,3.49);
INSERT INTO "vendor_inventory" VALUES ('2022-09-09',31.11,7,2,3.49);
INSERT INTO "vendor_inventory" VALUES ('2022-09-13',24.44,7,2,3.49);
INSERT INTO "vendor_inventory" VALUES ('2022-09-16',24.16,7,2,3.49);
INSERT INTO "vendor_inventory" VALUES ('2022-09-20',29.34,7,2,3.49);
INSERT INTO "vendor_inventory" VALUES ('2022-09-23',28.4,7,2,3.49);
INSERT INTO "vendor_inventory" VALUES ('2022-09-27',33.72,7,2,3.49);
INSERT INTO "vendor_inventory" VALUES ('2022-09-30',28.91,7,2,3.49);
INSERT INTO "vendor_inventory" VALUES ('2023-07-04',24.17,7,2,3.49);
INSERT INTO "vendor_inventory" VALUES ('2023-07-07',31.82,7,2,3.49);
INSERT INTO "vendor_inventory" VALUES ('2023-07-11',28.19,7,2,3.49);
INSERT INTO "vendor_inventory" VALUES ('2023-07-14',28.49,7,2,3.49);
INSERT INTO "vendor_inventory" VALUES ('2023-07-18',29.75,7,2,3.49);
INSERT INTO "vendor_inventory" VALUES ('2023-07-21',36.98,7,2,3.49);
INSERT INTO "vendor_inventory" VALUES ('2023-07-25',31.27,7,2,3.49);
INSERT INTO "vendor_inventory" VALUES ('2023-07-28',32.9,7,2,3.49);
INSERT INTO "vendor_inventory" VALUES ('2023-08-01',34.13,7,2,3.49);
INSERT INTO "vendor_inventory" VALUES ('2023-08-04',24.15,7,2,3.49);
INSERT INTO "vendor_inventory" VALUES ('2023-08-08',36.52,7,2,3.49);
INSERT INTO "vendor_inventory" VALUES ('2023-08-11',34.16,7,2,3.49);
INSERT INTO "vendor_inventory" VALUES ('2023-08-15',26.15,7,2,3.49);
INSERT INTO "vendor_inventory" VALUES ('2023-08-18',28.51,7,2,3.49);
INSERT INTO "vendor_inventory" VALUES ('2023-08-22',26.48,7,2,3.49);
INSERT INTO "vendor_inventory" VALUES ('2023-08-25',32.86,7,2,3.49);
INSERT INTO "vendor_inventory" VALUES ('2023-08-29',30.95,7,2,3.49);
INSERT INTO "vendor_inventory" VALUES ('2023-09-01',28.01,7,2,3.49);
INSERT INTO "vendor_inventory" VALUES ('2023-09-05',32.06,7,2,3.49);
INSERT INTO "vendor_inventory" VALUES ('2023-09-08',30.06,7,2,3.49);
INSERT INTO "vendor_inventory" VALUES ('2023-09-12',28.66,7,2,3.49);
INSERT INTO "vendor_inventory" VALUES ('2023-09-15',29.9,7,2,3.49);
INSERT INTO "vendor_inventory" VALUES ('2023-09-19',31.59,7,2,3.49);
INSERT INTO "vendor_inventory" VALUES ('2023-09-22',29,7,2,3.49);
INSERT INTO "vendor_inventory" VALUES ('2023-09-26',22.03,7,2,3.49);
INSERT INTO "vendor_inventory" VALUES ('2023-09-29',30.16,7,2,3.49);
INSERT INTO "vendor_inventory" VALUES ('2023-10-03',28.95,7,2,3.49);
INSERT INTO "vendor_inventory" VALUES ('2022-07-05',70,7,3,0.5);
INSERT INTO "vendor_inventory" VALUES ('2022-07-08',70,7,3,0.5);
INSERT INTO "vendor_inventory" VALUES ('2022-07-12',60,7,3,0.5);
INSERT INTO "vendor_inventory" VALUES ('2022-07-15',80,7,3,0.5);
INSERT INTO "vendor_inventory" VALUES ('2022-07-19',60,7,3,0.5);
INSERT INTO "vendor_inventory" VALUES ('2022-07-22',70,7,3,0.5);
INSERT INTO "vendor_inventory" VALUES ('2022-07-26',70,7,3,0.5);
INSERT INTO "vendor_inventory" VALUES ('2022-07-29',70,7,3,0.5);
INSERT INTO "vendor_inventory" VALUES ('2022-08-02',80,7,3,0.5);
INSERT INTO "vendor_inventory" VALUES ('2022-08-05',50,7,3,0.5);
INSERT INTO "vendor_inventory" VALUES ('2022-08-09',70,7,3,0.5);
INSERT INTO "vendor_inventory" VALUES ('2022-08-12',70,7,3,0.5);
INSERT INTO "vendor_inventory" VALUES ('2022-08-16',80,7,3,0.5);
INSERT INTO "vendor_inventory" VALUES ('2022-08-19',50,7,3,0.5);
INSERT INTO "vendor_inventory" VALUES ('2022-08-23',50,7,3,0.5);
INSERT INTO "vendor_inventory" VALUES ('2022-08-26',60,7,3,0.5);
INSERT INTO "vendor_inventory" VALUES ('2022-08-30',80,7,3,0.5);
INSERT INTO "vendor_inventory" VALUES ('2022-09-02',80,7,3,0.5);
INSERT INTO "vendor_inventory" VALUES ('2022-09-06',80,7,3,0.5);
INSERT INTO "vendor_inventory" VALUES ('2022-09-09',50,7,3,0.5);
INSERT INTO "vendor_inventory" VALUES ('2022-09-13',60,7,3,0.5);
INSERT INTO "vendor_inventory" VALUES ('2022-09-16',60,7,3,0.5);
INSERT INTO "vendor_inventory" VALUES ('2022-09-20',50,7,3,0.5);
INSERT INTO "vendor_inventory" VALUES ('2022-09-23',80,7,3,0.5);
INSERT INTO "vendor_inventory" VALUES ('2022-09-27',80,7,3,0.5);
INSERT INTO "vendor_inventory" VALUES ('2022-09-30',70,7,3,0.5);
INSERT INTO "vendor_inventory" VALUES ('2023-07-04',60,7,3,0.5);
INSERT INTO "vendor_inventory" VALUES ('2023-07-07',60,7,3,0.5);
INSERT INTO "vendor_inventory" VALUES ('2023-07-11',50,7,3,0.5);
INSERT INTO "vendor_inventory" VALUES ('2023-07-14',60,7,3,0.5);
INSERT INTO "vendor_inventory" VALUES ('2023-07-18',80,7,3,0.5);
INSERT INTO "vendor_inventory" VALUES ('2023-07-21',80,7,3,0.5);
INSERT INTO "vendor_inventory" VALUES ('2023-07-25',60,7,3,0.5);
INSERT INTO "vendor_inventory" VALUES ('2023-07-28',60,7,3,0.5);
INSERT INTO "vendor_inventory" VALUES ('2023-08-01',70,7,3,0.5);
INSERT INTO "vendor_inventory" VALUES ('2023-08-04',70,7,3,0.5);
INSERT INTO "vendor_inventory" VALUES ('2023-08-08',70,7,3,0.5);
INSERT INTO "vendor_inventory" VALUES ('2023-08-11',60,7,3,0.5);
INSERT INTO "vendor_inventory" VALUES ('2023-08-15',70,7,3,0.5);
INSERT INTO "vendor_inventory" VALUES ('2023-08-18',60,7,3,0.5);
INSERT INTO "vendor_inventory" VALUES ('2023-08-22',70,7,3,0.5);
INSERT INTO "vendor_inventory" VALUES ('2023-08-25',60,7,3,0.5);
INSERT INTO "vendor_inventory" VALUES ('2023-08-29',60,7,3,0.5);
INSERT INTO "vendor_inventory" VALUES ('2023-09-01',80,7,3,0.5);
INSERT INTO "vendor_inventory" VALUES ('2023-09-05',50,7,3,0.5);
INSERT INTO "vendor_inventory" VALUES ('2023-09-08',50,7,3,0.5);
INSERT INTO "vendor_inventory" VALUES ('2023-09-12',60,7,3,0.5);
INSERT INTO "vendor_inventory" VALUES ('2023-09-15',80,7,3,0.5);
INSERT INTO "vendor_inventory" VALUES ('2023-09-19',60,7,3,0.5);
INSERT INTO "vendor_inventory" VALUES ('2023-09-22',70,7,3,0.5);
INSERT INTO "vendor_inventory" VALUES ('2023-09-26',50,7,3,0.5);
INSERT INTO "vendor_inventory" VALUES ('2023-09-29',70,7,3,0.5);
INSERT INTO "vendor_inventory" VALUES ('2023-10-03',60,7,3,0.5);
INSERT INTO "vendor_inventory" VALUES ('2022-04-05',40,7,4,4);
INSERT INTO "vendor_inventory" VALUES ('2022-04-08',40,7,4,4);
INSERT INTO "vendor_inventory" VALUES ('2022-04-12',30,7,4,4);
INSERT INTO "vendor_inventory" VALUES ('2022-04-15',30,7,4,4);
INSERT INTO "vendor_inventory" VALUES ('2022-04-19',40,7,4,4);
INSERT INTO "vendor_inventory" VALUES ('2022-04-22',40,7,4,4);
INSERT INTO "vendor_inventory" VALUES ('2022-04-26',40,7,4,4);
INSERT INTO "vendor_inventory" VALUES ('2022-04-29',30,7,4,4);
INSERT INTO "vendor_inventory" VALUES ('2022-05-03',40,7,4,4);
INSERT INTO "vendor_inventory" VALUES ('2022-05-06',30,7,4,4);
INSERT INTO "vendor_inventory" VALUES ('2022-05-10',40,7,4,4);
INSERT INTO "vendor_inventory" VALUES ('2022-05-13',40,7,4,4);
INSERT INTO "vendor_inventory" VALUES ('2022-05-17',30,7,4,4);
INSERT INTO "vendor_inventory" VALUES ('2022-05-20',30,7,4,4);
INSERT INTO "vendor_inventory" VALUES ('2022-05-24',40,7,4,4);
INSERT INTO "vendor_inventory" VALUES ('2022-05-27',30,7,4,4);
INSERT INTO "vendor_inventory" VALUES ('2022-05-31',40,7,4,4);
INSERT INTO "vendor_inventory" VALUES ('2022-06-03',30,7,4,4);
INSERT INTO "vendor_inventory" VALUES ('2022-06-07',40,7,4,4);
INSERT INTO "vendor_inventory" VALUES ('2022-06-10',30,7,4,4);
INSERT INTO "vendor_inventory" VALUES ('2022-06-14',30,7,4,4);
INSERT INTO "vendor_inventory" VALUES ('2022-06-17',40,7,4,4);
INSERT INTO "vendor_inventory" VALUES ('2022-06-21',40,7,4,4);
INSERT INTO "vendor_inventory" VALUES ('2022-06-24',40,7,4,4);
INSERT INTO "vendor_inventory" VALUES ('2022-06-28',40,7,4,4);
INSERT INTO "vendor_inventory" VALUES ('2022-07-01',30,7,4,4);
INSERT INTO "vendor_inventory" VALUES ('2022-07-05',40,7,4,4);
INSERT INTO "vendor_inventory" VALUES ('2022-07-08',30,7,4,4);
INSERT INTO "vendor_inventory" VALUES ('2022-07-12',30,7,4,4);
INSERT INTO "vendor_inventory" VALUES ('2022-07-15',40,7,4,4);
INSERT INTO "vendor_inventory" VALUES ('2022-07-19',40,7,4,4);
INSERT INTO "vendor_inventory" VALUES ('2022-07-22',40,7,4,4);
INSERT INTO "vendor_inventory" VALUES ('2022-07-26',40,7,4,4);
INSERT INTO "vendor_inventory" VALUES ('2022-07-29',30,7,4,4);
INSERT INTO "vendor_inventory" VALUES ('2022-08-02',30,7,4,4);
INSERT INTO "vendor_inventory" VALUES ('2022-08-05',40,7,4,4);
INSERT INTO "vendor_inventory" VALUES ('2022-08-09',40,7,4,4);
INSERT INTO "vendor_inventory" VALUES ('2022-08-12',40,7,4,4);
INSERT INTO "vendor_inventory" VALUES ('2022-08-16',30,7,4,4);
INSERT INTO "vendor_inventory" VALUES ('2022-08-19',40,7,4,4);
INSERT INTO "vendor_inventory" VALUES ('2022-08-23',40,7,4,4);
INSERT INTO "vendor_inventory" VALUES ('2022-08-26',40,7,4,4);
INSERT INTO "vendor_inventory" VALUES ('2022-08-30',30,7,4,4);
INSERT INTO "vendor_inventory" VALUES ('2022-09-02',40,7,4,4);
INSERT INTO "vendor_inventory" VALUES ('2022-09-06',40,7,4,4);
INSERT INTO "vendor_inventory" VALUES ('2022-09-09',40,7,4,4);
INSERT INTO "vendor_inventory" VALUES ('2022-09-13',40,7,4,4);
INSERT INTO "vendor_inventory" VALUES ('2022-09-16',30,7,4,4);
INSERT INTO "vendor_inventory" VALUES ('2022-09-20',40,7,4,4);
INSERT INTO "vendor_inventory" VALUES ('2022-09-23',40,7,4,4);
INSERT INTO "vendor_inventory" VALUES ('2022-09-27',40,7,4,4);
INSERT INTO "vendor_inventory" VALUES ('2022-09-30',30,7,4,4);
INSERT INTO "vendor_inventory" VALUES ('2022-10-04',30,7,4,4);
INSERT INTO "vendor_inventory" VALUES ('2022-10-07',40,7,4,4);
INSERT INTO "vendor_inventory" VALUES ('2022-10-11',40,7,4,4);
INSERT INTO "vendor_inventory" VALUES ('2022-10-14',40,7,4,4);
INSERT INTO "vendor_inventory" VALUES ('2022-10-18',30,7,4,4);
INSERT INTO "vendor_inventory" VALUES ('2022-10-21',30,7,4,4);
INSERT INTO "vendor_inventory" VALUES ('2022-10-25',40,7,4,4);
INSERT INTO "vendor_inventory" VALUES ('2022-10-28',40,7,4,4);
INSERT INTO "vendor_inventory" VALUES ('2022-11-01',40,7,4,4);
INSERT INTO "vendor_inventory" VALUES ('2022-11-04',40,7,4,4);
INSERT INTO "vendor_inventory" VALUES ('2022-11-08',40,7,4,4);
INSERT INTO "vendor_inventory" VALUES ('2022-11-11',40,7,4,4);
INSERT INTO "vendor_inventory" VALUES ('2022-11-15',30,7,4,4);
INSERT INTO "vendor_inventory" VALUES ('2022-11-18',40,7,4,4);
INSERT INTO "vendor_inventory" VALUES ('2022-11-22',40,7,4,4);
INSERT INTO "vendor_inventory" VALUES ('2022-11-25',40,7,4,4);
INSERT INTO "vendor_inventory" VALUES ('2022-11-29',30,7,4,4);
INSERT INTO "vendor_inventory" VALUES ('2022-12-02',40,7,4,4);
INSERT INTO "vendor_inventory" VALUES ('2022-12-06',30,7,4,4);
INSERT INTO "vendor_inventory" VALUES ('2022-12-09',40,7,4,4);
INSERT INTO "vendor_inventory" VALUES ('2022-12-13',40,7,4,4);
INSERT INTO "vendor_inventory" VALUES ('2022-12-16',40,7,4,4);
INSERT INTO "vendor_inventory" VALUES ('2022-12-20',40,7,4,4);
INSERT INTO "vendor_inventory" VALUES ('2022-12-23',30,7,4,4);
INSERT INTO "vendor_inventory" VALUES ('2022-12-27',30,7,4,4);
INSERT INTO "vendor_inventory" VALUES ('2022-12-30',40,7,4,4);
INSERT INTO "vendor_inventory" VALUES ('2023-03-07',30,7,4,4);
INSERT INTO "vendor_inventory" VALUES ('2023-03-10',40,7,4,4);
INSERT INTO "vendor_inventory" VALUES ('2023-03-14',40,7,4,4);
INSERT INTO "vendor_inventory" VALUES ('2023-03-17',30,7,4,4);
INSERT INTO "vendor_inventory" VALUES ('2023-03-21',40,7,4,4);
INSERT INTO "vendor_inventory" VALUES ('2023-03-24',40,7,4,4);
INSERT INTO "vendor_inventory" VALUES ('2023-03-28',40,7,4,4);
INSERT INTO "vendor_inventory" VALUES ('2023-03-31',40,7,4,4);
INSERT INTO "vendor_inventory" VALUES ('2023-04-04',40,7,4,4);
INSERT INTO "vendor_inventory" VALUES ('2023-04-07',40,7,4,4);
INSERT INTO "vendor_inventory" VALUES ('2023-04-11',30,7,4,4);
INSERT INTO "vendor_inventory" VALUES ('2023-04-14',40,7,4,4);
INSERT INTO "vendor_inventory" VALUES ('2023-04-18',40,7,4,4);
INSERT INTO "vendor_inventory" VALUES ('2023-04-21',40,7,4,4);
INSERT INTO "vendor_inventory" VALUES ('2023-04-25',40,7,4,4);
INSERT INTO "vendor_inventory" VALUES ('2023-04-28',40,7,4,4);
INSERT INTO "vendor_inventory" VALUES ('2023-05-02',40,7,4,4);
INSERT INTO "vendor_inventory" VALUES ('2023-05-05',30,7,4,4);
INSERT INTO "vendor_inventory" VALUES ('2023-05-09',40,7,4,4);
INSERT INTO "vendor_inventory" VALUES ('2023-05-12',30,7,4,4);
INSERT INTO "vendor_inventory" VALUES ('2023-05-16',30,7,4,4);
INSERT INTO "vendor_inventory" VALUES ('2023-05-19',30,7,4,4);
INSERT INTO "vendor_inventory" VALUES ('2023-05-23',40,7,4,4);
INSERT INTO "vendor_inventory" VALUES ('2023-05-26',40,7,4,4);
INSERT INTO "vendor_inventory" VALUES ('2023-05-30',40,7,4,4);
INSERT INTO "vendor_inventory" VALUES ('2023-06-02',40,7,4,4);
INSERT INTO "vendor_inventory" VALUES ('2023-06-06',40,7,4,4);
INSERT INTO "vendor_inventory" VALUES ('2023-06-09',40,7,4,4);
INSERT INTO "vendor_inventory" VALUES ('2023-06-13',40,7,4,4);
INSERT INTO "vendor_inventory" VALUES ('2023-06-16',40,7,4,4);
INSERT INTO "vendor_inventory" VALUES ('2023-06-20',40,7,4,4);
INSERT INTO "vendor_inventory" VALUES ('2023-06-23',30,7,4,4);
INSERT INTO "vendor_inventory" VALUES ('2023-06-27',40,7,4,4);
INSERT INTO "vendor_inventory" VALUES ('2023-06-30',40,7,4,4);
INSERT INTO "vendor_inventory" VALUES ('2023-07-04',40,7,4,4);
INSERT INTO "vendor_inventory" VALUES ('2023-07-07',40,7,4,4);
INSERT INTO "vendor_inventory" VALUES ('2023-07-11',30,7,4,4);
INSERT INTO "vendor_inventory" VALUES ('2023-07-14',40,7,4,4);
INSERT INTO "vendor_inventory" VALUES ('2023-07-18',40,7,4,4);
INSERT INTO "vendor_inventory" VALUES ('2023-07-21',30,7,4,4);
INSERT INTO "vendor_inventory" VALUES ('2023-07-25',40,7,4,4);
INSERT INTO "vendor_inventory" VALUES ('2023-07-28',40,7,4,4);
INSERT INTO "vendor_inventory" VALUES ('2023-08-01',40,7,4,4);
INSERT INTO "vendor_inventory" VALUES ('2023-08-04',30,7,4,4);
INSERT INTO "vendor_inventory" VALUES ('2023-08-08',40,7,4,4);
INSERT INTO "vendor_inventory" VALUES ('2023-08-11',40,7,4,4);
INSERT INTO "vendor_inventory" VALUES ('2023-08-15',40,7,4,4);
INSERT INTO "vendor_inventory" VALUES ('2023-08-18',40,7,4,4);
INSERT INTO "vendor_inventory" VALUES ('2023-08-22',40,7,4,4);
INSERT INTO "vendor_inventory" VALUES ('2023-08-25',40,7,4,4);
INSERT INTO "vendor_inventory" VALUES ('2023-08-29',30,7,4,4);
INSERT INTO "vendor_inventory" VALUES ('2023-09-01',40,7,4,4);
INSERT INTO "vendor_inventory" VALUES ('2023-09-05',40,7,4,4);
INSERT INTO "vendor_inventory" VALUES ('2023-09-08',40,7,4,4);
INSERT INTO "vendor_inventory" VALUES ('2023-09-12',40,7,4,4);
INSERT INTO "vendor_inventory" VALUES ('2023-09-15',30,7,4,4);
INSERT INTO "vendor_inventory" VALUES ('2023-09-19',30,7,4,4);
INSERT INTO "vendor_inventory" VALUES ('2023-09-22',40,7,4,4);
INSERT INTO "vendor_inventory" VALUES ('2023-09-26',30,7,4,4);
INSERT INTO "vendor_inventory" VALUES ('2023-09-29',40,7,4,4);
INSERT INTO "vendor_inventory" VALUES ('2023-10-03',30,7,4,4);
INSERT INTO "vendor_inventory" VALUES ('2023-10-06',40,7,4,4);
INSERT INTO "vendor_inventory" VALUES ('2023-10-10',30,7,4,4);
INSERT INTO "vendor_inventory" VALUES ('2023-10-13',30,7,4,4);
INSERT INTO "vendor_inventory" VALUES ('2022-04-05',16,8,5,6.5);
INSERT INTO "vendor_inventory" VALUES ('2022-04-08',23,8,5,6.5);
INSERT INTO "vendor_inventory" VALUES ('2022-04-12',23,8,5,6.5);
INSERT INTO "vendor_inventory" VALUES ('2022-04-15',25,8,5,6.5);
INSERT INTO "vendor_inventory" VALUES ('2022-04-19',22,8,5,6.5);
INSERT INTO "vendor_inventory" VALUES ('2022-04-22',24,8,5,6.5);
INSERT INTO "vendor_inventory" VALUES ('2022-04-26',18,8,5,6.5);
INSERT INTO "vendor_inventory" VALUES ('2022-04-29',18,8,5,6.5);
INSERT INTO "vendor_inventory" VALUES ('2022-05-03',25,8,5,6.5);
INSERT INTO "vendor_inventory" VALUES ('2022-05-06',21,8,5,6.5);
INSERT INTO "vendor_inventory" VALUES ('2022-05-10',24,8,5,6.5);
INSERT INTO "vendor_inventory" VALUES ('2022-05-13',17,8,5,6.5);
INSERT INTO "vendor_inventory" VALUES ('2022-05-17',16,8,5,6.5);
INSERT INTO "vendor_inventory" VALUES ('2022-05-20',18,8,5,6.5);
INSERT INTO "vendor_inventory" VALUES ('2022-05-24',25,8,5,6.5);
INSERT INTO "vendor_inventory" VALUES ('2022-05-27',16,8,5,6.5);
INSERT INTO "vendor_inventory" VALUES ('2022-05-31',18,8,5,6.5);
INSERT INTO "vendor_inventory" VALUES ('2022-06-03',17,8,5,6.5);
INSERT INTO "vendor_inventory" VALUES ('2022-06-07',16,8,5,6.5);
INSERT INTO "vendor_inventory" VALUES ('2022-06-10',22,8,5,6.5);
INSERT INTO "vendor_inventory" VALUES ('2022-06-14',17,8,5,6.5);
INSERT INTO "vendor_inventory" VALUES ('2022-06-17',19,8,5,6.5);
INSERT INTO "vendor_inventory" VALUES ('2022-06-21',16,8,5,6.5);
INSERT INTO "vendor_inventory" VALUES ('2022-06-24',21,8,5,6.5);
INSERT INTO "vendor_inventory" VALUES ('2022-06-28',18,8,5,6.5);
INSERT INTO "vendor_inventory" VALUES ('2022-07-01',25,8,5,6.5);
INSERT INTO "vendor_inventory" VALUES ('2022-07-05',24,8,5,6.5);
INSERT INTO "vendor_inventory" VALUES ('2022-07-08',19,8,5,6.5);
INSERT INTO "vendor_inventory" VALUES ('2022-07-12',16,8,5,6.5);
INSERT INTO "vendor_inventory" VALUES ('2022-07-15',17,8,5,6.5);
INSERT INTO "vendor_inventory" VALUES ('2022-07-19',23,8,5,6.5);
INSERT INTO "vendor_inventory" VALUES ('2022-07-22',18,8,5,6.5);
INSERT INTO "vendor_inventory" VALUES ('2022-07-26',25,8,5,6.5);
INSERT INTO "vendor_inventory" VALUES ('2022-07-29',21,8,5,6.5);
INSERT INTO "vendor_inventory" VALUES ('2022-08-02',20,8,5,6.5);
INSERT INTO "vendor_inventory" VALUES ('2022-08-05',18,8,5,6.5);
INSERT INTO "vendor_inventory" VALUES ('2022-08-09',20,8,5,6.5);
INSERT INTO "vendor_inventory" VALUES ('2022-08-12',21,8,5,6.5);
INSERT INTO "vendor_inventory" VALUES ('2022-08-16',18,8,5,6.5);
INSERT INTO "vendor_inventory" VALUES ('2022-08-19',20,8,5,6.5);
INSERT INTO "vendor_inventory" VALUES ('2022-08-23',17,8,5,6.5);
INSERT INTO "vendor_inventory" VALUES ('2022-08-26',19,8,5,6.5);
INSERT INTO "vendor_inventory" VALUES ('2022-08-30',24,8,5,6.5);
INSERT INTO "vendor_inventory" VALUES ('2022-09-02',20,8,5,6.5);
INSERT INTO "vendor_inventory" VALUES ('2022-09-06',21,8,5,6.5);
INSERT INTO "vendor_inventory" VALUES ('2022-09-09',25,8,5,6.5);
INSERT INTO "vendor_inventory" VALUES ('2022-09-13',25,8,5,6.5);
INSERT INTO "vendor_inventory" VALUES ('2022-09-16',21,8,5,6.5);
INSERT INTO "vendor_inventory" VALUES ('2022-09-20',16,8,5,6.5);
INSERT INTO "vendor_inventory" VALUES ('2022-09-23',18,8,5,6.5);
INSERT INTO "vendor_inventory" VALUES ('2022-09-27',23,8,5,6.5);
INSERT INTO "vendor_inventory" VALUES ('2022-09-30',21,8,5,6.5);
INSERT INTO "vendor_inventory" VALUES ('2022-10-04',21,8,5,6.5);
INSERT INTO "vendor_inventory" VALUES ('2022-10-07',19,8,5,6.5);
INSERT INTO "vendor_inventory" VALUES ('2022-10-11',25,8,5,6.5);
INSERT INTO "vendor_inventory" VALUES ('2022-10-14',17,8,5,6.5);
INSERT INTO "vendor_inventory" VALUES ('2022-10-18',23,8,5,6.5);
INSERT INTO "vendor_inventory" VALUES ('2022-10-21',25,8,5,6.5);
INSERT INTO "vendor_inventory" VALUES ('2022-10-25',19,8,5,6.5);
INSERT INTO "vendor_inventory" VALUES ('2022-10-28',24,8,5,6.5);
INSERT INTO "vendor_inventory" VALUES ('2022-11-01',18,8,5,6.5);
INSERT INTO "vendor_inventory" VALUES ('2022-11-04',18,8,5,6.5);
INSERT INTO "vendor_inventory" VALUES ('2022-11-08',15,8,5,6.5);
INSERT INTO "vendor_inventory" VALUES ('2022-11-11',21,8,5,6.5);
INSERT INTO "vendor_inventory" VALUES ('2022-11-15',16,8,5,6.5);
INSERT INTO "vendor_inventory" VALUES ('2022-11-18',21,8,5,6.5);
INSERT INTO "vendor_inventory" VALUES ('2022-11-22',25,8,5,6.5);
INSERT INTO "vendor_inventory" VALUES ('2022-11-25',22,8,5,6.5);
INSERT INTO "vendor_inventory" VALUES ('2022-11-29',17,8,5,6.5);
INSERT INTO "vendor_inventory" VALUES ('2022-12-02',15,8,5,6.5);
INSERT INTO "vendor_inventory" VALUES ('2022-12-06',20,8,5,6.5);
INSERT INTO "vendor_inventory" VALUES ('2022-12-09',22,8,5,6.5);
INSERT INTO "vendor_inventory" VALUES ('2022-12-13',16,8,5,6.5);
INSERT INTO "vendor_inventory" VALUES ('2022-12-16',21,8,5,6.5);
INSERT INTO "vendor_inventory" VALUES ('2022-12-20',19,8,5,6.5);
INSERT INTO "vendor_inventory" VALUES ('2022-12-23',19,8,5,6.5);
INSERT INTO "vendor_inventory" VALUES ('2022-12-27',18,8,5,6.5);
INSERT INTO "vendor_inventory" VALUES ('2022-12-30',17,8,5,6.5);
INSERT INTO "vendor_inventory" VALUES ('2023-03-07',15,8,5,6.5);
INSERT INTO "vendor_inventory" VALUES ('2023-03-10',17,8,5,6.5);
INSERT INTO "vendor_inventory" VALUES ('2023-03-14',16,8,5,6.5);
INSERT INTO "vendor_inventory" VALUES ('2023-03-17',22,8,5,6.5);
INSERT INTO "vendor_inventory" VALUES ('2023-03-21',20,8,5,6.5);
INSERT INTO "vendor_inventory" VALUES ('2023-03-24',15,8,5,6.5);
INSERT INTO "vendor_inventory" VALUES ('2023-03-28',25,8,5,6.5);
INSERT INTO "vendor_inventory" VALUES ('2023-03-31',22,8,5,6.5);
INSERT INTO "vendor_inventory" VALUES ('2023-04-04',22,8,5,6.5);
INSERT INTO "vendor_inventory" VALUES ('2023-04-07',16,8,5,6.5);
INSERT INTO "vendor_inventory" VALUES ('2023-04-11',24,8,5,6.5);
INSERT INTO "vendor_inventory" VALUES ('2023-04-14',19,8,5,6.5);
INSERT INTO "vendor_inventory" VALUES ('2023-04-18',23,8,5,6.5);
INSERT INTO "vendor_inventory" VALUES ('2023-04-21',25,8,5,6.5);
INSERT INTO "vendor_inventory" VALUES ('2023-04-25',22,8,5,6.5);
INSERT INTO "vendor_inventory" VALUES ('2023-04-28',22,8,5,6.5);
INSERT INTO "vendor_inventory" VALUES ('2023-05-02',24,8,5,6.5);
INSERT INTO "vendor_inventory" VALUES ('2023-05-05',18,8,5,6.5);
INSERT INTO "vendor_inventory" VALUES ('2023-05-09',22,8,5,6.5);
INSERT INTO "vendor_inventory" VALUES ('2023-05-12',25,8,5,6.5);
INSERT INTO "vendor_inventory" VALUES ('2023-05-16',15,8,5,6.5);
INSERT INTO "vendor_inventory" VALUES ('2023-05-19',17,8,5,6.5);
INSERT INTO "vendor_inventory" VALUES ('2023-05-23',16,8,5,6.5);
INSERT INTO "vendor_inventory" VALUES ('2023-05-26',20,8,5,6.5);
INSERT INTO "vendor_inventory" VALUES ('2023-05-30',18,8,5,6.5);
INSERT INTO "vendor_inventory" VALUES ('2023-06-02',24,8,5,6.5);
INSERT INTO "vendor_inventory" VALUES ('2023-06-06',15,8,5,6.5);
INSERT INTO "vendor_inventory" VALUES ('2023-06-09',24,8,5,6.5);
INSERT INTO "vendor_inventory" VALUES ('2023-06-13',21,8,5,6.5);
INSERT INTO "vendor_inventory" VALUES ('2023-06-16',22,8,5,6.5);
INSERT INTO "vendor_inventory" VALUES ('2023-06-20',21,8,5,6.5);
INSERT INTO "vendor_inventory" VALUES ('2023-06-23',15,8,5,6.5);
INSERT INTO "vendor_inventory" VALUES ('2023-06-27',22,8,5,6.5);
INSERT INTO "vendor_inventory" VALUES ('2023-06-30',23,8,5,6.5);
INSERT INTO "vendor_inventory" VALUES ('2023-07-04',16,8,5,6.5);
INSERT INTO "vendor_inventory" VALUES ('2023-07-07',24,8,5,6.5);
INSERT INTO "vendor_inventory" VALUES ('2023-07-11',19,8,5,6.5);
INSERT INTO "vendor_inventory" VALUES ('2023-07-14',21,8,5,6.5);
INSERT INTO "vendor_inventory" VALUES ('2023-07-18',16,8,5,6.5);
INSERT INTO "vendor_inventory" VALUES ('2023-07-21',22,8,5,6.5);
INSERT INTO "vendor_inventory" VALUES ('2023-07-25',23,8,5,6.5);
INSERT INTO "vendor_inventory" VALUES ('2023-07-28',15,8,5,6.5);
INSERT INTO "vendor_inventory" VALUES ('2023-08-01',18,8,5,6.5);
INSERT INTO "vendor_inventory" VALUES ('2023-08-04',21,8,5,6.5);
INSERT INTO "vendor_inventory" VALUES ('2023-08-08',23,8,5,6.5);
INSERT INTO "vendor_inventory" VALUES ('2023-08-11',16,8,5,6.5);
INSERT INTO "vendor_inventory" VALUES ('2023-08-15',21,8,5,6.5);
INSERT INTO "vendor_inventory" VALUES ('2023-08-18',21,8,5,6.5);
INSERT INTO "vendor_inventory" VALUES ('2023-08-22',17,8,5,6.5);
INSERT INTO "vendor_inventory" VALUES ('2023-08-25',19,8,5,6.5);
INSERT INTO "vendor_inventory" VALUES ('2023-08-29',25,8,5,6.5);
INSERT INTO "vendor_inventory" VALUES ('2023-09-01',20,8,5,6.5);
INSERT INTO "vendor_inventory" VALUES ('2023-09-05',21,8,5,6.5);
INSERT INTO "vendor_inventory" VALUES ('2023-09-08',15,8,5,6.5);
INSERT INTO "vendor_inventory" VALUES ('2023-09-12',18,8,5,6.5);
INSERT INTO "vendor_inventory" VALUES ('2023-09-15',24,8,5,6.5);
INSERT INTO "vendor_inventory" VALUES ('2023-09-19',17,8,5,6.5);
INSERT INTO "vendor_inventory" VALUES ('2023-09-22',25,8,5,6.5);
INSERT INTO "vendor_inventory" VALUES ('2023-09-26',21,8,5,6.5);
INSERT INTO "vendor_inventory" VALUES ('2023-09-29',15,8,5,6.5);
INSERT INTO "vendor_inventory" VALUES ('2023-10-03',25,8,5,6.5);
INSERT INTO "vendor_inventory" VALUES ('2023-10-06',22,8,5,6.5);
INSERT INTO "vendor_inventory" VALUES ('2023-10-10',20,8,5,6.5);
INSERT INTO "vendor_inventory" VALUES ('2023-10-13',20,8,5,6.5);
INSERT INTO "vendor_inventory" VALUES ('2022-04-05',8,8,7,18);
INSERT INTO "vendor_inventory" VALUES ('2022-04-08',8,8,7,18);
INSERT INTO "vendor_inventory" VALUES ('2022-04-12',6,8,7,18);
INSERT INTO "vendor_inventory" VALUES ('2022-04-15',6,8,7,18);
INSERT INTO "vendor_inventory" VALUES ('2022-04-19',7,8,7,18);
INSERT INTO "vendor_inventory" VALUES ('2022-04-22',8,8,7,18);
INSERT INTO "vendor_inventory" VALUES ('2022-04-26',6,8,7,18);
INSERT INTO "vendor_inventory" VALUES ('2022-04-29',6,8,7,18);
INSERT INTO "vendor_inventory" VALUES ('2022-05-03',5,8,7,18);
INSERT INTO "vendor_inventory" VALUES ('2022-05-06',8,8,7,18);
INSERT INTO "vendor_inventory" VALUES ('2022-05-10',8,8,7,18);
INSERT INTO "vendor_inventory" VALUES ('2022-05-13',6,8,7,18);
INSERT INTO "vendor_inventory" VALUES ('2022-05-17',8,8,7,18);
INSERT INTO "vendor_inventory" VALUES ('2022-05-20',9,8,7,18);
INSERT INTO "vendor_inventory" VALUES ('2022-05-24',5,8,7,18);
INSERT INTO "vendor_inventory" VALUES ('2022-05-27',8,8,7,18);
INSERT INTO "vendor_inventory" VALUES ('2022-05-31',10,8,7,18);
INSERT INTO "vendor_inventory" VALUES ('2022-06-03',10,8,7,18);
INSERT INTO "vendor_inventory" VALUES ('2022-06-07',7,8,7,18);
INSERT INTO "vendor_inventory" VALUES ('2022-06-10',10,8,7,18);
INSERT INTO "vendor_inventory" VALUES ('2022-06-14',7,8,7,18);
INSERT INTO "vendor_inventory" VALUES ('2022-06-17',9,8,7,18);
INSERT INTO "vendor_inventory" VALUES ('2022-06-21',7,8,7,18);
INSERT INTO "vendor_inventory" VALUES ('2022-06-24',7,8,7,18);
INSERT INTO "vendor_inventory" VALUES ('2022-06-28',6,8,7,18);
INSERT INTO "vendor_inventory" VALUES ('2022-07-01',8,8,7,18);
INSERT INTO "vendor_inventory" VALUES ('2022-07-05',7,8,7,18);
INSERT INTO "vendor_inventory" VALUES ('2022-07-08',8,8,7,18);
INSERT INTO "vendor_inventory" VALUES ('2022-07-12',7,8,7,18);
INSERT INTO "vendor_inventory" VALUES ('2022-07-15',5,8,7,18);
INSERT INTO "vendor_inventory" VALUES ('2022-07-19',9,8,7,18);
INSERT INTO "vendor_inventory" VALUES ('2022-07-22',10,8,7,18);
INSERT INTO "vendor_inventory" VALUES ('2022-07-26',6,8,7,18);
INSERT INTO "vendor_inventory" VALUES ('2022-07-29',9,8,7,18);
INSERT INTO "vendor_inventory" VALUES ('2022-08-02',5,8,7,18);
INSERT INTO "vendor_inventory" VALUES ('2022-08-05',8,8,7,18);
INSERT INTO "vendor_inventory" VALUES ('2022-08-09',5,8,7,18);
INSERT INTO "vendor_inventory" VALUES ('2022-08-12',5,8,7,18);
INSERT INTO "vendor_inventory" VALUES ('2022-08-16',5,8,7,18);
INSERT INTO "vendor_inventory" VALUES ('2022-08-19',6,8,7,18);
INSERT INTO "vendor_inventory" VALUES ('2022-08-23',5,8,7,18);
INSERT INTO "vendor_inventory" VALUES ('2022-08-26',9,8,7,18);
INSERT INTO "vendor_inventory" VALUES ('2022-08-30',8,8,7,18);
INSERT INTO "vendor_inventory" VALUES ('2022-09-02',6,8,7,18);
INSERT INTO "vendor_inventory" VALUES ('2022-09-06',9,8,7,18);
INSERT INTO "vendor_inventory" VALUES ('2022-09-09',5,8,7,18);
INSERT INTO "vendor_inventory" VALUES ('2022-09-13',5,8,7,18);
INSERT INTO "vendor_inventory" VALUES ('2022-09-16',10,8,7,18);
INSERT INTO "vendor_inventory" VALUES ('2022-09-20',9,8,7,18);
INSERT INTO "vendor_inventory" VALUES ('2022-09-23',10,8,7,18);
INSERT INTO "vendor_inventory" VALUES ('2022-09-27',9,8,7,18);
INSERT INTO "vendor_inventory" VALUES ('2022-09-30',10,8,7,18);
INSERT INTO "vendor_inventory" VALUES ('2022-10-04',8,8,7,18);
INSERT INTO "vendor_inventory" VALUES ('2022-10-07',9,8,7,18);
INSERT INTO "vendor_inventory" VALUES ('2022-10-11',5,8,7,18);
INSERT INTO "vendor_inventory" VALUES ('2022-10-14',9,8,7,18);
INSERT INTO "vendor_inventory" VALUES ('2022-10-18',7,8,7,18);
INSERT INTO "vendor_inventory" VALUES ('2022-10-21',10,8,7,18);
INSERT INTO "vendor_inventory" VALUES ('2022-10-25',7,8,7,18);
INSERT INTO "vendor_inventory" VALUES ('2022-10-28',8,8,7,18);
INSERT INTO "vendor_inventory" VALUES ('2022-11-01',7,8,7,18);
INSERT INTO "vendor_inventory" VALUES ('2022-11-04',8,8,7,18);
INSERT INTO "vendor_inventory" VALUES ('2022-11-08',7,8,7,18);
INSERT INTO "vendor_inventory" VALUES ('2022-11-11',5,8,7,18);
INSERT INTO "vendor_inventory" VALUES ('2022-11-15',9,8,7,18);
INSERT INTO "vendor_inventory" VALUES ('2022-11-18',15,8,7,18);
INSERT INTO "vendor_inventory" VALUES ('2022-11-22',24,8,7,18);
INSERT INTO "vendor_inventory" VALUES ('2022-11-25',20,8,7,18);
INSERT INTO "vendor_inventory" VALUES ('2022-11-29',15,8,7,18);
INSERT INTO "vendor_inventory" VALUES ('2022-12-02',25,8,7,18);
INSERT INTO "vendor_inventory" VALUES ('2022-12-06',5,8,7,18);
INSERT INTO "vendor_inventory" VALUES ('2022-12-09',9,8,7,18);
INSERT INTO "vendor_inventory" VALUES ('2022-12-13',8,8,7,18);
INSERT INTO "vendor_inventory" VALUES ('2022-12-16',7,8,7,18);
INSERT INTO "vendor_inventory" VALUES ('2022-12-20',28,8,7,18);
INSERT INTO "vendor_inventory" VALUES ('2022-12-23',17,8,7,18);
INSERT INTO "vendor_inventory" VALUES ('2022-12-27',15,8,7,18);
INSERT INTO "vendor_inventory" VALUES ('2022-12-30',23,8,7,18);
INSERT INTO "vendor_inventory" VALUES ('2023-03-07',6,8,7,18);
INSERT INTO "vendor_inventory" VALUES ('2023-03-10',8,8,7,18);
INSERT INTO "vendor_inventory" VALUES ('2023-03-14',5,8,7,18);
INSERT INTO "vendor_inventory" VALUES ('2023-03-17',8,8,7,18);
INSERT INTO "vendor_inventory" VALUES ('2023-03-21',8,8,7,18);
INSERT INTO "vendor_inventory" VALUES ('2023-03-24',7,8,7,18);
INSERT INTO "vendor_inventory" VALUES ('2023-03-28',6,8,7,18);
INSERT INTO "vendor_inventory" VALUES ('2023-03-31',7,8,7,18);
INSERT INTO "vendor_inventory" VALUES ('2023-04-04',9,8,7,18);
INSERT INTO "vendor_inventory" VALUES ('2023-04-07',9,8,7,18);
INSERT INTO "vendor_inventory" VALUES ('2023-04-11',9,8,7,18);
INSERT INTO "vendor_inventory" VALUES ('2023-04-14',6,8,7,18);
INSERT INTO "vendor_inventory" VALUES ('2023-04-18',6,8,7,18);
INSERT INTO "vendor_inventory" VALUES ('2023-04-21',5,8,7,18);
INSERT INTO "vendor_inventory" VALUES ('2023-04-25',10,8,7,18);
INSERT INTO "vendor_inventory" VALUES ('2023-04-28',7,8,7,18);
INSERT INTO "vendor_inventory" VALUES ('2023-05-02',8,8,7,18);
INSERT INTO "vendor_inventory" VALUES ('2023-05-05',9,8,7,18);
INSERT INTO "vendor_inventory" VALUES ('2023-05-09',5,8,7,18);
INSERT INTO "vendor_inventory" VALUES ('2023-05-12',10,8,7,18);
INSERT INTO "vendor_inventory" VALUES ('2023-05-16',9,8,7,18);
INSERT INTO "vendor_inventory" VALUES ('2023-05-19',9,8,7,18);
INSERT INTO "vendor_inventory" VALUES ('2023-05-23',7,8,7,18);
INSERT INTO "vendor_inventory" VALUES ('2023-05-26',9,8,7,18);
INSERT INTO "vendor_inventory" VALUES ('2023-05-30',6,8,7,18);
INSERT INTO "vendor_inventory" VALUES ('2023-06-02',5,8,7,18);
INSERT INTO "vendor_inventory" VALUES ('2023-06-06',10,8,7,18);
INSERT INTO "vendor_inventory" VALUES ('2023-06-09',7,8,7,18);
INSERT INTO "vendor_inventory" VALUES ('2023-06-13',9,8,7,18);
INSERT INTO "vendor_inventory" VALUES ('2023-06-16',9,8,7,18);
INSERT INTO "vendor_inventory" VALUES ('2023-06-20',7,8,7,18);
INSERT INTO "vendor_inventory" VALUES ('2023-06-23',5,8,7,18);
INSERT INTO "vendor_inventory" VALUES ('2023-06-27',9,8,7,18);
INSERT INTO "vendor_inventory" VALUES ('2023-06-30',10,8,7,18);
INSERT INTO "vendor_inventory" VALUES ('2023-07-04',7,8,7,18);
INSERT INTO "vendor_inventory" VALUES ('2023-07-07',5,8,7,18);
INSERT INTO "vendor_inventory" VALUES ('2023-07-11',7,8,7,18);
INSERT INTO "vendor_inventory" VALUES ('2023-07-14',6,8,7,18);
INSERT INTO "vendor_inventory" VALUES ('2023-07-18',6,8,7,18);
INSERT INTO "vendor_inventory" VALUES ('2023-07-21',10,8,7,18);
INSERT INTO "vendor_inventory" VALUES ('2023-07-25',5,8,7,18);
INSERT INTO "vendor_inventory" VALUES ('2023-07-28',9,8,7,18);
INSERT INTO "vendor_inventory" VALUES ('2023-08-01',5,8,7,18);
INSERT INTO "vendor_inventory" VALUES ('2023-08-04',9,8,7,18);
INSERT INTO "vendor_inventory" VALUES ('2023-08-08',6,8,7,18);
INSERT INTO "vendor_inventory" VALUES ('2023-08-11',6,8,7,18);
INSERT INTO "vendor_inventory" VALUES ('2023-08-15',8,8,7,18);
INSERT INTO "vendor_inventory" VALUES ('2023-08-18',6,8,7,18);
INSERT INTO "vendor_inventory" VALUES ('2023-08-22',7,8,7,18);
INSERT INTO "vendor_inventory" VALUES ('2023-08-25',5,8,7,18);
INSERT INTO "vendor_inventory" VALUES ('2023-08-29',6,8,7,18);
INSERT INTO "vendor_inventory" VALUES ('2023-09-01',9,8,7,18);
INSERT INTO "vendor_inventory" VALUES ('2023-09-05',6,8,7,18);
INSERT INTO "vendor_inventory" VALUES ('2023-09-08',6,8,7,18);
INSERT INTO "vendor_inventory" VALUES ('2023-09-12',10,8,7,18);
INSERT INTO "vendor_inventory" VALUES ('2023-09-15',5,8,7,18);
INSERT INTO "vendor_inventory" VALUES ('2023-09-19',7,8,7,18);
INSERT INTO "vendor_inventory" VALUES ('2023-09-22',8,8,7,18);
INSERT INTO "vendor_inventory" VALUES ('2023-09-26',10,8,7,18);
INSERT INTO "vendor_inventory" VALUES ('2023-09-29',10,8,7,18);
INSERT INTO "vendor_inventory" VALUES ('2023-10-03',7,8,7,18);
INSERT INTO "vendor_inventory" VALUES ('2023-10-06',9,8,7,18);
INSERT INTO "vendor_inventory" VALUES ('2023-10-10',10,8,7,18);
INSERT INTO "vendor_inventory" VALUES ('2023-10-13',10,8,7,18);
INSERT INTO "vendor_inventory" VALUES ('2022-04-05',10,8,8,18);
INSERT INTO "vendor_inventory" VALUES ('2022-04-08',8,8,8,18);
INSERT INTO "vendor_inventory" VALUES ('2022-04-12',8,8,8,18);
INSERT INTO "vendor_inventory" VALUES ('2022-04-15',7,8,8,18);
INSERT INTO "vendor_inventory" VALUES ('2022-04-19',10,8,8,18);
INSERT INTO "vendor_inventory" VALUES ('2022-04-22',5,8,8,18);
INSERT INTO "vendor_inventory" VALUES ('2022-04-26',5,8,8,18);
INSERT INTO "vendor_inventory" VALUES ('2022-04-29',8,8,8,18);
INSERT INTO "vendor_inventory" VALUES ('2022-05-03',9,8,8,18);
INSERT INTO "vendor_inventory" VALUES ('2022-05-06',9,8,8,18);
INSERT INTO "vendor_inventory" VALUES ('2022-05-10',7,8,8,18);
INSERT INTO "vendor_inventory" VALUES ('2022-05-13',8,8,8,18);
INSERT INTO "vendor_inventory" VALUES ('2022-05-17',7,8,8,18);
INSERT INTO "vendor_inventory" VALUES ('2022-05-20',5,8,8,18);
INSERT INTO "vendor_inventory" VALUES ('2022-05-24',10,8,8,18);
INSERT INTO "vendor_inventory" VALUES ('2022-05-27',6,8,8,18);
INSERT INTO "vendor_inventory" VALUES ('2022-05-31',10,8,8,18);
INSERT INTO "vendor_inventory" VALUES ('2022-06-03',7,8,8,18);
INSERT INTO "vendor_inventory" VALUES ('2022-06-07',5,8,8,18);
INSERT INTO "vendor_inventory" VALUES ('2022-06-10',6,8,8,18);
INSERT INTO "vendor_inventory" VALUES ('2022-06-14',9,8,8,18);
INSERT INTO "vendor_inventory" VALUES ('2022-06-17',10,8,8,18);
INSERT INTO "vendor_inventory" VALUES ('2022-06-21',6,8,8,18);
INSERT INTO "vendor_inventory" VALUES ('2022-06-24',9,8,8,18);
INSERT INTO "vendor_inventory" VALUES ('2022-06-28',5,8,8,18);
INSERT INTO "vendor_inventory" VALUES ('2022-07-01',8,8,8,18);
INSERT INTO "vendor_inventory" VALUES ('2022-07-05',5,8,8,18);
INSERT INTO "vendor_inventory" VALUES ('2022-07-08',5,8,8,18);
INSERT INTO "vendor_inventory" VALUES ('2022-07-12',8,8,8,18);
INSERT INTO "vendor_inventory" VALUES ('2022-07-15',8,8,8,18);
INSERT INTO "vendor_inventory" VALUES ('2022-07-19',7,8,8,18);
INSERT INTO "vendor_inventory" VALUES ('2022-07-22',5,8,8,18);
INSERT INTO "vendor_inventory" VALUES ('2022-07-26',8,8,8,18);
INSERT INTO "vendor_inventory" VALUES ('2022-07-29',6,8,8,18);
INSERT INTO "vendor_inventory" VALUES ('2022-08-02',5,8,8,18);
INSERT INTO "vendor_inventory" VALUES ('2022-08-05',5,8,8,18);
INSERT INTO "vendor_inventory" VALUES ('2022-08-09',5,8,8,18);
INSERT INTO "vendor_inventory" VALUES ('2022-08-12',10,8,8,18);
INSERT INTO "vendor_inventory" VALUES ('2022-08-16',6,8,8,18);
INSERT INTO "vendor_inventory" VALUES ('2022-08-19',9,8,8,18);
INSERT INTO "vendor_inventory" VALUES ('2022-08-23',9,8,8,18);
INSERT INTO "vendor_inventory" VALUES ('2022-08-26',5,8,8,18);
INSERT INTO "vendor_inventory" VALUES ('2022-08-30',8,8,8,18);
INSERT INTO "vendor_inventory" VALUES ('2022-09-02',10,8,8,18);
INSERT INTO "vendor_inventory" VALUES ('2022-09-06',6,8,8,18);
INSERT INTO "vendor_inventory" VALUES ('2022-09-09',8,8,8,18);
INSERT INTO "vendor_inventory" VALUES ('2022-09-13',5,8,8,18);
INSERT INTO "vendor_inventory" VALUES ('2022-09-16',6,8,8,18);
INSERT INTO "vendor_inventory" VALUES ('2022-09-20',6,8,8,18);
INSERT INTO "vendor_inventory" VALUES ('2022-09-23',5,8,8,18);
INSERT INTO "vendor_inventory" VALUES ('2022-09-27',5,8,8,18);
INSERT INTO "vendor_inventory" VALUES ('2022-09-30',10,8,8,18);
INSERT INTO "vendor_inventory" VALUES ('2022-10-04',5,8,8,18);
INSERT INTO "vendor_inventory" VALUES ('2022-10-07',7,8,8,18);
INSERT INTO "vendor_inventory" VALUES ('2022-10-11',9,8,8,18);
INSERT INTO "vendor_inventory" VALUES ('2022-10-14',5,8,8,18);
INSERT INTO "vendor_inventory" VALUES ('2022-10-18',5,8,8,18);
INSERT INTO "vendor_inventory" VALUES ('2022-10-21',8,8,8,18);
INSERT INTO "vendor_inventory" VALUES ('2022-10-25',5,8,8,18);
INSERT INTO "vendor_inventory" VALUES ('2022-10-28',6,8,8,18);
INSERT INTO "vendor_inventory" VALUES ('2022-11-01',5,8,8,18);
INSERT INTO "vendor_inventory" VALUES ('2022-11-04',7,8,8,18);
INSERT INTO "vendor_inventory" VALUES ('2022-11-08',9,8,8,18);
INSERT INTO "vendor_inventory" VALUES ('2022-11-11',8,8,8,18);
INSERT INTO "vendor_inventory" VALUES ('2022-11-15',7,8,8,18);
INSERT INTO "vendor_inventory" VALUES ('2022-11-18',23,8,8,18);
INSERT INTO "vendor_inventory" VALUES ('2022-11-22',23,8,8,18);
INSERT INTO "vendor_inventory" VALUES ('2022-11-25',26,8,8,18);
INSERT INTO "vendor_inventory" VALUES ('2022-11-29',15,8,8,18);
INSERT INTO "vendor_inventory" VALUES ('2022-12-02',20,8,8,18);
INSERT INTO "vendor_inventory" VALUES ('2022-12-06',10,8,8,18);
INSERT INTO "vendor_inventory" VALUES ('2022-12-09',7,8,8,18);
INSERT INTO "vendor_inventory" VALUES ('2022-12-13',5,8,8,18);
INSERT INTO "vendor_inventory" VALUES ('2022-12-16',5,8,8,18);
INSERT INTO "vendor_inventory" VALUES ('2022-12-20',27,8,8,18);
INSERT INTO "vendor_inventory" VALUES ('2022-12-23',20,8,8,18);
INSERT INTO "vendor_inventory" VALUES ('2022-12-27',19,8,8,18);
INSERT INTO "vendor_inventory" VALUES ('2022-12-30',26,8,8,18);
INSERT INTO "vendor_inventory" VALUES ('2023-03-07',5,8,8,18);
INSERT INTO "vendor_inventory" VALUES ('2023-03-10',6,8,8,18);
INSERT INTO "vendor_inventory" VALUES ('2023-03-14',9,8,8,18);
INSERT INTO "vendor_inventory" VALUES ('2023-03-17',6,8,8,18);
INSERT INTO "vendor_inventory" VALUES ('2023-03-21',10,8,8,18);
INSERT INTO "vendor_inventory" VALUES ('2023-03-24',8,8,8,18);
INSERT INTO "vendor_inventory" VALUES ('2023-03-28',7,8,8,18);
INSERT INTO "vendor_inventory" VALUES ('2023-03-31',9,8,8,18);
INSERT INTO "vendor_inventory" VALUES ('2023-04-04',5,8,8,18);
INSERT INTO "vendor_inventory" VALUES ('2023-04-07',9,8,8,18);
INSERT INTO "vendor_inventory" VALUES ('2023-04-11',7,8,8,18);
INSERT INTO "vendor_inventory" VALUES ('2023-04-14',6,8,8,18);
INSERT INTO "vendor_inventory" VALUES ('2023-04-18',6,8,8,18);
INSERT INTO "vendor_inventory" VALUES ('2023-04-21',5,8,8,18);
INSERT INTO "vendor_inventory" VALUES ('2023-04-25',8,8,8,18);
INSERT INTO "vendor_inventory" VALUES ('2023-04-28',6,8,8,18);
INSERT INTO "vendor_inventory" VALUES ('2023-05-02',10,8,8,18);
INSERT INTO "vendor_inventory" VALUES ('2023-05-05',6,8,8,18);
INSERT INTO "vendor_inventory" VALUES ('2023-05-09',10,8,8,18);
INSERT INTO "vendor_inventory" VALUES ('2023-05-12',6,8,8,18);
INSERT INTO "vendor_inventory" VALUES ('2023-05-16',5,8,8,18);
INSERT INTO "vendor_inventory" VALUES ('2023-05-19',6,8,8,18);
INSERT INTO "vendor_inventory" VALUES ('2023-05-23',5,8,8,18);
INSERT INTO "vendor_inventory" VALUES ('2023-05-26',8,8,8,18);
INSERT INTO "vendor_inventory" VALUES ('2023-05-30',9,8,8,18);
INSERT INTO "vendor_inventory" VALUES ('2023-06-02',9,8,8,18);
INSERT INTO "vendor_inventory" VALUES ('2023-06-06',5,8,8,18);
INSERT INTO "vendor_inventory" VALUES ('2023-06-09',6,8,8,18);
INSERT INTO "vendor_inventory" VALUES ('2023-06-13',5,8,8,18);
INSERT INTO "vendor_inventory" VALUES ('2023-06-16',7,8,8,18);
INSERT INTO "vendor_inventory" VALUES ('2023-06-20',5,8,8,18);
INSERT INTO "vendor_inventory" VALUES ('2023-06-23',5,8,8,18);
INSERT INTO "vendor_inventory" VALUES ('2023-06-27',7,8,8,18);
INSERT INTO "vendor_inventory" VALUES ('2023-06-30',7,8,8,18);
INSERT INTO "vendor_inventory" VALUES ('2023-07-04',6,8,8,18);
INSERT INTO "vendor_inventory" VALUES ('2023-07-07',8,8,8,18);
INSERT INTO "vendor_inventory" VALUES ('2023-07-11',5,8,8,18);
INSERT INTO "vendor_inventory" VALUES ('2023-07-14',5,8,8,18);
INSERT INTO "vendor_inventory" VALUES ('2023-07-18',9,8,8,18);
INSERT INTO "vendor_inventory" VALUES ('2023-07-21',7,8,8,18);
INSERT INTO "vendor_inventory" VALUES ('2023-07-25',5,8,8,18);
INSERT INTO "vendor_inventory" VALUES ('2023-07-28',10,8,8,18);
INSERT INTO "vendor_inventory" VALUES ('2023-08-01',10,8,8,18);
INSERT INTO "vendor_inventory" VALUES ('2023-08-04',7,8,8,18);
INSERT INTO "vendor_inventory" VALUES ('2023-08-08',7,8,8,18);
INSERT INTO "vendor_inventory" VALUES ('2023-08-11',9,8,8,18);
INSERT INTO "vendor_inventory" VALUES ('2023-08-15',8,8,8,18);
INSERT INTO "vendor_inventory" VALUES ('2023-08-18',6,8,8,18);
INSERT INTO "vendor_inventory" VALUES ('2023-08-22',9,8,8,18);
INSERT INTO "vendor_inventory" VALUES ('2023-08-25',5,8,8,18);
INSERT INTO "vendor_inventory" VALUES ('2023-08-29',6,8,8,18);
INSERT INTO "vendor_inventory" VALUES ('2023-09-01',10,8,8,18);
INSERT INTO "vendor_inventory" VALUES ('2023-09-05',10,8,8,18);
INSERT INTO "vendor_inventory" VALUES ('2023-09-08',8,8,8,18);
INSERT INTO "vendor_inventory" VALUES ('2023-09-12',10,8,8,18);
INSERT INTO "vendor_inventory" VALUES ('2023-09-15',9,8,8,18);
INSERT INTO "vendor_inventory" VALUES ('2023-09-19',6,8,8,18);
INSERT INTO "vendor_inventory" VALUES ('2023-09-22',7,8,8,18);
INSERT INTO "vendor_inventory" VALUES ('2023-09-26',5,8,8,18);
INSERT INTO "vendor_inventory" VALUES ('2023-09-29',5,8,8,18);
INSERT INTO "vendor_inventory" VALUES ('2023-10-03',7,8,8,18);
INSERT INTO "vendor_inventory" VALUES ('2023-10-06',9,8,8,18);
INSERT INTO "vendor_inventory" VALUES ('2023-10-10',10,8,8,18);
INSERT INTO "vendor_inventory" VALUES ('2023-10-13',10,8,8,18);
INSERT INTO "vendor_inventory" VALUES ('2022-06-03',120,4,16,0.5);
INSERT INTO "vendor_inventory" VALUES ('2022-06-07',140,4,16,0.5);
INSERT INTO "vendor_inventory" VALUES ('2022-06-10',100,4,16,0.5);
INSERT INTO "vendor_inventory" VALUES ('2022-06-14',120,4,16,0.5);
INSERT INTO "vendor_inventory" VALUES ('2022-06-17',140,4,16,0.5);
INSERT INTO "vendor_inventory" VALUES ('2022-06-21',120,4,16,0.5);
INSERT INTO "vendor_inventory" VALUES ('2022-06-24',120,4,16,0.5);
INSERT INTO "vendor_inventory" VALUES ('2022-06-28',140,4,16,0.5);
INSERT INTO "vendor_inventory" VALUES ('2022-07-01',100,4,16,0.5);
INSERT INTO "vendor_inventory" VALUES ('2022-07-05',300,4,16,0.5);
INSERT INTO "vendor_inventory" VALUES ('2022-07-08',200,4,16,0.5);
INSERT INTO "vendor_inventory" VALUES ('2022-07-12',300,4,16,0.5);
INSERT INTO "vendor_inventory" VALUES ('2022-07-15',250,4,16,0.5);
INSERT INTO "vendor_inventory" VALUES ('2022-07-19',300,4,16,0.5);
INSERT INTO "vendor_inventory" VALUES ('2022-07-22',300,4,16,0.5);
INSERT INTO "vendor_inventory" VALUES ('2022-07-26',250,4,16,0.5);
INSERT INTO "vendor_inventory" VALUES ('2022-07-29',250,4,16,0.5);
INSERT INTO "vendor_inventory" VALUES ('2022-08-02',250,4,16,0.5);
INSERT INTO "vendor_inventory" VALUES ('2022-08-05',300,4,16,0.5);
INSERT INTO "vendor_inventory" VALUES ('2022-08-09',300,4,16,0.5);
INSERT INTO "vendor_inventory" VALUES ('2022-08-12',250,4,16,0.5);
INSERT INTO "vendor_inventory" VALUES ('2022-08-16',200,4,16,0.5);
INSERT INTO "vendor_inventory" VALUES ('2022-08-19',300,4,16,0.5);
INSERT INTO "vendor_inventory" VALUES ('2022-08-23',250,4,16,0.5);
INSERT INTO "vendor_inventory" VALUES ('2022-08-26',250,4,16,0.5);
INSERT INTO "vendor_inventory" VALUES ('2022-08-30',250,4,16,0.5);
INSERT INTO "vendor_inventory" VALUES ('2022-09-02',300,4,16,0.5);
INSERT INTO "vendor_inventory" VALUES ('2022-09-06',120,4,16,0.5);
INSERT INTO "vendor_inventory" VALUES ('2022-09-09',120,4,16,0.5);
INSERT INTO "vendor_inventory" VALUES ('2022-09-13',140,4,16,0.5);
INSERT INTO "vendor_inventory" VALUES ('2022-09-16',120,4,16,0.5);
INSERT INTO "vendor_inventory" VALUES ('2022-09-20',120,4,16,0.5);
INSERT INTO "vendor_inventory" VALUES ('2022-09-23',120,4,16,0.5);
INSERT INTO "vendor_inventory" VALUES ('2022-09-27',100,4,16,0.5);
INSERT INTO "vendor_inventory" VALUES ('2022-09-30',140,4,16,0.5);
INSERT INTO "vendor_inventory" VALUES ('2023-06-06',120,4,16,0.5);
INSERT INTO "vendor_inventory" VALUES ('2023-06-09',140,4,16,0.5);
INSERT INTO "vendor_inventory" VALUES ('2023-06-13',140,4,16,0.5);
INSERT INTO "vendor_inventory" VALUES ('2023-06-16',120,4,16,0.5);
INSERT INTO "vendor_inventory" VALUES ('2023-06-20',120,4,16,0.5);
INSERT INTO "vendor_inventory" VALUES ('2023-06-23',140,4,16,0.5);
INSERT INTO "vendor_inventory" VALUES ('2023-06-27',140,4,16,0.5);
INSERT INTO "vendor_inventory" VALUES ('2023-06-30',120,4,16,0.5);
INSERT INTO "vendor_inventory" VALUES ('2023-07-04',300,4,16,0.5);
INSERT INTO "vendor_inventory" VALUES ('2023-07-07',250,4,16,0.5);
INSERT INTO "vendor_inventory" VALUES ('2023-07-11',250,4,16,0.5);
INSERT INTO "vendor_inventory" VALUES ('2023-07-14',300,4,16,0.5);
INSERT INTO "vendor_inventory" VALUES ('2023-07-18',300,4,16,0.5);
INSERT INTO "vendor_inventory" VALUES ('2023-07-21',250,4,16,0.5);
INSERT INTO "vendor_inventory" VALUES ('2023-07-25',250,4,16,0.5);
INSERT INTO "vendor_inventory" VALUES ('2023-07-28',200,4,16,0.5);
INSERT INTO "vendor_inventory" VALUES ('2023-08-01',250,4,16,0.5);
INSERT INTO "vendor_inventory" VALUES ('2023-08-04',250,4,16,0.5);
INSERT INTO "vendor_inventory" VALUES ('2023-08-08',250,4,16,0.5);
INSERT INTO "vendor_inventory" VALUES ('2023-08-11',200,4,16,0.5);
INSERT INTO "vendor_inventory" VALUES ('2023-08-15',300,4,16,0.5);
INSERT INTO "vendor_inventory" VALUES ('2023-08-18',200,4,16,0.5);
INSERT INTO "vendor_inventory" VALUES ('2023-08-22',250,4,16,0.5);
INSERT INTO "vendor_inventory" VALUES ('2023-08-25',250,4,16,0.5);
INSERT INTO "vendor_inventory" VALUES ('2023-08-29',300,4,16,0.5);
INSERT INTO "vendor_inventory" VALUES ('2023-09-01',200,4,16,0.5);
INSERT INTO "vendor_inventory" VALUES ('2023-09-05',140,4,16,0.5);
INSERT INTO "vendor_inventory" VALUES ('2023-09-08',140,4,16,0.5);
INSERT INTO "vendor_inventory" VALUES ('2023-09-12',120,4,16,0.5);
INSERT INTO "vendor_inventory" VALUES ('2023-09-15',140,4,16,0.5);
INSERT INTO "vendor_inventory" VALUES ('2023-09-19',140,4,16,0.5);
INSERT INTO "vendor_inventory" VALUES ('2023-09-22',140,4,16,0.5);
INSERT INTO "vendor_inventory" VALUES ('2023-09-26',100,4,16,0.5);
INSERT INTO "vendor_inventory" VALUES ('2023-09-29',120,4,16,0.5);
INSERT INTO "vendor_inventory" VALUES ('2023-10-03',140,4,16,0.5);
COMMIT;
